code,startTime,zone,players,_source,_ingested_at,_file_path
qkg4MK86VWy9hwB1,1626718891173,"{'id': 28, 'name': 'Sanctum of Domination'}","[{'name': 'Roamonk', 'presence': 1, 'type': 'Monk'}
 {'name': 'Bexx', 'presence': 1, 'type': 'Druid'}
 {'name': 'Superfan', 'presence': 1, 'type': 'Shaman'}
 {'name': 'Televisions', 'presence': 1, 'type': 'Priest'}
 {'name': 'Clomp', 'presence': 1, 'type': 'Mage'}
 {'name': 'Eirwynzure', 'presence': 1, 'type': 'Druid'}
 {'name': 'Olixbear', 'presence': 1, 'type': 'Druid'}
 {'name': 'Yeviel', 'presence': 1, 'type': 'Paladin'}
 {'name': 'Gigasaga', 'presence': 1, 'type': 'DemonHunter'}
 {'name': 'Grets', 'presence': 1, 'type': 'Warlock'}
 {'name': 'Codders', 'presence': 1, 'type': 'Mage'}
 {'name': 'Leanus', 'presence': 1, 'type': 'Druid'}
 {'name': 'Retball', 'presence': 1, 'type': 'Paladin'}
 {'name': 'Roapriest', 'presence': 1, 'type': 'Priest'}
 {'name': 'Eloomie', 'presence': 1, 'type': 'Druid'}
 {'name': 'Lickprick', 'presence': 1, 'type': 'Warrior'}
 {'name': 'Momobami', 'presence': 1, 'type': 'Priest'}]",wcl,2026-04-13T00:10:22.936577+00:00,/Volumes/04_sdp/warcraftlogs/landing/raid_attendance/20260413T001022Z_p18.jsonl
JDw8GKdx637hCYy2,1626286732516,"{'id': 28, 'name': 'Sanctum of Domination'}","[{'name': 'Roamonk', 'presence': 1, 'type': 'Monk'}
 {'name': 'Bexx', 'presence': 1, 'type': 'Druid'}
 {'name': 'Superfan', 'presence': 1, 'type': 'Shaman'}
 {'name': 'Televisions', 'presence': 1, 'type': 'Priest'}
 {'name': 'Eirwynzure', 'presence': 1, 'type': 'Druid'}
 {'name': 'Gigasaga', 'presence': 1, 'type': 'DemonHunter'}
 {'name': 'Codders', 'presence': 1, 'type': 'Mage'}
 {'name': 'Leanus', 'presence': 1, 'type': 'Druid'}
 {'name': 'Retball', 'presence': 1, 'type': 'Paladin'}
 {'name': 'Eloomie', 'presence': 1, 'type': 'Druid'}
 {'name': 'Momobami', 'presence': 1, 'type': 'Priest'}
 {'name': 'Melanzani', 'presence': 1, 'type': 'Priest'}
 {'name': 'Katayoon', 'presence': 1, 'type': 'Paladin'}
 {'name': 'Bîî', 'presence': 1, 'type': 'Shaman'}
 {'name': 'Crispynova', 'presence': 1, 'type': 'Mage'}
 {'name': 'Planked', 'presence': 1, 'type': 'Paladin'}
 {'name': 'Weakauras', 'presence': 1, 'type': 'Warlock'}
 {'name': 'Phazex', 'presence': 1, 'type': 'Rogue'}
 {'name': 'Chainthunder', 'presence': 1, 'type': 'Shaman'}
 {'name': 'Rossbestie', 'presence': 1, 'type': 'Paladin'}
 {'name': 'Néfu', 'presence': 1, 'type': 'Shaman'}]",wcl,2026-04-13T00:10:22.936577+00:00,/Volumes/04_sdp/warcraftlogs/landing/raid_attendance/20260413T001022Z_p18.jsonl
G9AgfJmZwBtNkXP3,1626287790941,"{'id': 28, 'name': 'Sanctum of Domination'}","[{'name': 'Roamonk', 'presence': 1, 'type': 'Monk'}
 {'name': 'Bexx', 'presence': 1, 'type': 'Druid'}
 {'name': 'Televisions', 'presence': 1, 'type': 'Priest'}
 {'name': 'Eirwynzure', 'presence': 1, 'type': 'Druid'}
 {'name': 'Gigasaga', 'presence': 1, 'type': 'DemonHunter'}
 {'name': 'Codders', 'presence': 1, 'type': 'Mage'}
 {'name': 'Leanus', 'presence': 1, 'type': 'Druid'}
 {'name': 'Retball', 'presence': 1, 'type': 'Paladin'}
 {'name': 'Eloomie', 'presence': 1, 'type': 'Druid'}
 {'name': 'Momobami', 'presence': 1, 'type': 'Priest'}
 {'name': 'Katayoon', 'presence': 1, 'type': 'Paladin'}
 {'name': 'Bîî', 'presence': 1, 'type': 'Shaman'}
 {'name': 'Crispynova', 'presence': 1, 'type': 'Mage'}
 {'name': 'Planked', 'presence': 1, 'type': 'Paladin'}
 {'name': 'Weakauras', 'presence': 1, 'type': 'Warlock'}
 {'name': 'Phazex', 'presence': 1, 'type': 'Rogue'}
 {'name': 'Chainthunder', 'presence': 1, 'type': 'Shaman'}
 {'name': 'Rossbestie', 'presence': 1, 'type': 'Paladin'}]",wcl,2026-04-13T00:10:22.936577+00:00,/Volumes/04_sdp/warcraftlogs/landing/raid_attendance/20260413T001022Z_p18.jsonl
PZDwaB7Qy6fC9rHM,1626113939910,"{'id': 28, 'name': 'Sanctum of Domination'}","[{'name': 'Roamonk', 'presence': 1, 'type': 'Monk'}
 {'name': 'Bexx', 'presence': 1, 'type': 'Druid'}
 {'name': 'Yeviel', 'presence': 1, 'type': 'Paladin'}
 {'name': 'Gigasaga', 'presence': 1, 'type': 'DemonHunter'}
 {'name': 'Codders', 'presence': 1, 'type': 'Mage'}
 {'name': 'Leanus', 'presence': 1, 'type': 'Druid'}
 {'name': 'Retball', 'presence': 1, 'type': 'Paladin'}
 {'name': 'Eloomie', 'presence': 1, 'type': 'Druid'}
 {'name': 'Momobami', 'presence': 1, 'type': 'Priest'}
 {'name': 'Weakauras', 'presence': 1, 'type': 'Warlock'}
 {'name': 'Emmabestie', 'presence': 1, 'type': 'Druid'}
 {'name': 'Raborum', 'presence': 1, 'type': 'Warlock'}
 {'name': 'Smallmonk', 'presence': 1, 'type': 'Monk'}
 {'name': 'Emmié', 'presence': 1, 'type': 'DeathKnight'}
 {'name': 'Tazzdinga', 'presence': 1, 'type': 'Rogue'}
 {'name': 'Hanniel', 'presence': 1, 'type': 'Priest'}
 {'name': 'Emss', 'presence': 1, 'type': 'Druid'}]",wcl,2026-04-13T00:10:22.936577+00:00,/Volumes/04_sdp/warcraftlogs/landing/raid_attendance/20260413T001022Z_p18.jsonl
WX8mzc1jdgJ3QDMr,1626113649183,"{'id': 28, 'name': 'Sanctum of Domination'}","[{'name': 'Roamonk', 'presence': 1, 'type': 'Monk'}
 {'name': 'Bexx', 'presence': 1, 'type': 'Druid'}
 {'name': 'Yeviel', 'presence': 1, 'type': 'Paladin'}
 {'name': 'Gigasaga', 'presence': 1, 'type': 'DemonHunter'}
 {'name': 'Codders', 'presence': 1, 'type': 'Mage'}
 {'name': 'Leanus', 'presence': 1, 'type': 'Druid'}
 {'name': 'Retball', 'presence': 1, 'type': 'Paladin'}
 {'name': 'Eloomie', 'presence': 1, 'type': 'Druid'}
 {'name': 'Momobami', 'presence': 1, 'type': 'Priest'}
 {'name': 'Weakauras', 'presence': 1, 'type': 'Warlock'}
 {'name': 'Emmabestie', 'presence': 1, 'type': 'Druid'}
 {'name': 'Raborum', 'presence': 1, 'type': 'Warlock'}
 {'name': 'Smallmonk', 'presence': 1, 'type': 'Monk'}
 {'name': 'Emmié', 'presence': 1, 'type': 'DeathKnight'}
 {'name': 'Tazzdinga', 'presence': 1, 'type': 'Rogue'}
 {'name': 'Emss', 'presence': 1, 'type': 'Druid'}]",wcl,2026-04-13T00:10:22.936577+00:00,/Volumes/04_sdp/warcraftlogs/landing/raid_attendance/20260413T001022Z_p18.jsonl
cWw94yCA2QKXx1nR,1625680906653,"{'id': 28, 'name': 'Sanctum of Domination'}","[{'name': 'Roamonk', 'presence': 1, 'type': 'Monk'}
 {'name': 'Bexx', 'presence': 1, 'type': 'Druid'}
 {'name': 'Gigasaga', 'presence': 1, 'type': 'DemonHunter'}
 {'name': 'Leanus', 'presence': 1, 'type': 'Druid'}
 {'name': 'Retball', 'presence': 1, 'type': 'Paladin'}
 {'name': 'Eloomie', 'presence': 1, 'type': 'Druid'}
 {'name': 'Momobami', 'presence': 1, 'type': 'Priest'}
 {'name': 'Weakauras', 'presence': 1, 'type': 'Warlock'}
 {'name': 'Bufflesbian', 'presence': 1, 'type': 'Shaman'}
 {'name': 'Alatariel', 'presence': 1, 'type': 'Mage'}
 {'name': 'Yolt', 'presence': 1, 'type': 'Hunter'}]",wcl,2026-04-13T00:10:22.936577+00:00,/Volumes/04_sdp/warcraftlogs/landing/raid_attendance/20260413T001022Z_p18.jsonl
tj8q2wXLDFnPckK7,1618770493511,"{'id': 26, 'name': 'Castle Nathria'}","[{'name': 'Roamonk', 'presence': 1, 'type': 'Monk'}
 {'name': 'Momobami', 'presence': 1, 'type': 'Priest'}
 {'name': 'Emmabestie', 'presence': 1, 'type': 'Druid'}
 {'name': 'Hanniel', 'presence': 1, 'type': 'Priest'}
 {'name': 'Emss', 'presence': 1, 'type': 'Druid'}
 {'name': 'Troakya', 'presence': 1, 'type': 'DeathKnight'}
 {'name': 'Mameau', 'presence': 1, 'type': 'Druid'}
 {'name': 'Verit', 'presence': 1, 'type': 'Hunter'}
 {'name': 'Camp', 'presence': 1, 'type': 'DeathKnight'}
 {'name': 'Temra', 'presence': 1, 'type': 'Warlock'}
 {'name': 'Raslin', 'presence': 1, 'type': 'Shaman'}
 {'name': 'Larssonuid', 'presence': 1, 'type': 'Druid'}
 {'name': 'Bellatrikx', 'presence': 1, 'type': 'Warlock'}
 {'name': 'Truidi', 'presence': 1, 'type': 'Druid'}
 {'name': 'Melories', 'presence': 1, 'type': 'Druid'}
 {'name': 'Sterlingdual', 'presence': 1, 'type': 'Druid'}
 {'name': 'Roamage', 'presence': 1, 'type': 'Mage'}
 {'name': 'Rudisha', 'presence': 1, 'type': 'Hunter'}
 {'name': 'Tse', 'presence': 1, 'type': 'Shaman'}
 {'name': 'Seroq', 'presence': 1, 'type': 'Priest'}
 {'name': 'Norodk', 'presence': 1, 'type': 'DeathKnight'}
 {'name': 'Bammies', 'presence': 1, 'type': 'Paladin'}
 {'name': 'Milkpower', 'presence': 1, 'type': 'Druid'}]",wcl,2026-04-13T00:10:22.936577+00:00,/Volumes/04_sdp/warcraftlogs/landing/raid_attendance/20260413T001022Z_p18.jsonl
C61kw8BLbVGAvJWq,1618423498762,"{'id': 26, 'name': 'Castle Nathria'}","[{'name': 'Gigasaga', 'presence': 1, 'type': 'DemonHunter'}
 {'name': 'Roapriest', 'presence': 1, 'type': 'Priest'}
 {'name': 'Momobami', 'presence': 1, 'type': 'Priest'}
 {'name': 'Weakauras', 'presence': 1, 'type': 'Warlock'}
 {'name': 'Raslin', 'presence': 1, 'type': 'Shaman'}
 {'name': 'Noroku', 'presence': 1, 'type': 'Druid'}
 {'name': 'Trodog', 'presence': 1, 'type': 'Shaman'}
 {'name': 'Axonea', 'presence': 1, 'type': 'Shaman'}
 {'name': 'Firkapriest', 'presence': 1, 'type': 'Priest'}
 {'name': 'Myhlla', 'presence': 1, 'type': 'Druid'}
 {'name': 'Akrovatisa', 'presence': 1, 'type': 'DemonHunter'}
 {'name': 'Synthôras', 'presence': 1, 'type': 'Druid'}
 {'name': 'Acala', 'presence': 1, 'type': 'Mage'}
 {'name': 'Larssonock', 'presence': 1, 'type': 'Warlock'}
 {'name': 'Zeah', 'presence': 1, 'type': 'Priest'}
 {'name': 'Gjorka', 'presence': 1, 'type': 'Monk'}
 {'name': 'Chicknblend', 'presence': 1, 'type': 'Druid'}
 {'name': 'Gloomstrike', 'presence': 1, 'type': 'Rogue'}
 {'name': 'Olvotol', 'presence': 1, 'type': 'DemonHunter'}
 {'name': 'Rainasu', 'presence': 1, 'type': 'DemonHunter'}]",wcl,2026-04-13T00:10:22.936577+00:00,/Volumes/04_sdp/warcraftlogs/landing/raid_attendance/20260413T001022Z_p18.jsonl
x2nc1KPaGTzY9fmF,1618423498762,"{'id': 26, 'name': 'Castle Nathria'}","[{'name': 'Gigasaga', 'presence': 1, 'type': 'DemonHunter'}
 {'name': 'Leanus', 'presence': 1, 'type': 'Druid'}
 {'name': 'Weakauras', 'presence': 1, 'type': 'Warlock'}
 {'name': 'Larssonuid', 'presence': 1, 'type': 'Druid'}
 {'name': 'Noroku', 'presence': 1, 'type': 'Druid'}
 {'name': 'Axonea', 'presence': 1, 'type': 'Shaman'}
 {'name': 'Yevie', 'presence': 1, 'type': 'Priest'}
 {'name': 'Roalock', 'presence': 1, 'type': 'Warlock'}
 {'name': 'Gummy', 'presence': 1, 'type': 'Druid'}
 {'name': 'Wackya', 'presence': 1, 'type': 'Warrior'}
 {'name': 'Mixtus', 'presence': 1, 'type': 'Warlock'}
 {'name': 'Dyokixass', 'presence': 1, 'type': 'Shaman'}
 {'name': 'Bamoo', 'presence': 1, 'type': 'Druid'}
 {'name': 'Dancebear', 'presence': 1, 'type': 'Druid'}]",wcl,2026-04-13T00:10:22.936577+00:00,/Volumes/04_sdp/warcraftlogs/landing/raid_attendance/20260413T001022Z_p18.jsonl
QDtXxvVgGzMpjZyf,1618164863717,"{'id': 26, 'name': 'Castle Nathria'}","[{'name': 'Yeviel', 'presence': 1, 'type': 'Paladin'}
 {'name': 'Momobami', 'presence': 1, 'type': 'Priest'}
 {'name': 'Emmabestie', 'presence': 1, 'type': 'Druid'}
 {'name': 'Emss', 'presence': 1, 'type': 'Druid'}
 {'name': 'Raslin', 'presence': 1, 'type': 'Shaman'}
 {'name': 'Roamage', 'presence': 1, 'type': 'Mage'}
 {'name': 'Noroku', 'presence': 1, 'type': 'Druid'}
 {'name': 'Larssonock', 'presence': 1, 'type': 'Warlock'}
 {'name': 'Daddytintin', 'presence': 1, 'type': 'DemonHunter'}
 {'name': 'Coodyy', 'presence': 1, 'type': 'Warlock'}
 {'name': 'Eloodh', 'presence': 1, 'type': 'DemonHunter'}
 {'name': 'Drielthres', 'presence': 1, 'type': 'Warrior'}]",wcl,2026-04-13T00:10:22.936577+00:00,/Volumes/04_sdp/warcraftlogs/landing/raid_attendance/20260413T001022Z_p18.jsonl
gWmBQjLwTVG2NAq9,1617819176810,"{'id': 26, 'name': 'Castle Nathria'}","[{'name': 'Yeviel', 'presence': 1, 'type': 'Paladin'}
 {'name': 'Gigasaga', 'presence': 1, 'type': 'DemonHunter'}
 {'name': 'Grets', 'presence': 1, 'type': 'Warlock'}
 {'name': 'Roapriest', 'presence': 1, 'type': 'Priest'}
 {'name': 'Weakauras', 'presence': 1, 'type': 'Warlock'}
 {'name': 'Bufflesbian', 'presence': 1, 'type': 'Shaman'}
 {'name': 'Larssonuid', 'presence': 1, 'type': 'Druid'}
 {'name': 'Noroku', 'presence': 1, 'type': 'Druid'}
 {'name': 'Axonea', 'presence': 1, 'type': 'Shaman'}
 {'name': 'Rainasu', 'presence': 1, 'type': 'DemonHunter'}
 {'name': 'Gummy', 'presence': 1, 'type': 'Druid'}
 {'name': 'Wackya', 'presence': 1, 'type': 'Warrior'}
 {'name': 'Dancebear', 'presence': 1, 'type': 'Druid'}
 {'name': 'Wahners', 'presence': 1, 'type': 'Rogue'}
 {'name': 'Fireraizel', 'presence': 1, 'type': 'Mage'}
 {'name': 'Crypted', 'presence': 1, 'type': 'Priest'}
 {'name': 'Elood', 'presence': 1, 'type': 'Hunter'}
 {'name': 'Bami', 'presence': 1, 'type': 'Mage'}
 {'name': 'Pubehead', 'presence': 1, 'type': 'Hunter'}]",wcl,2026-04-13T00:10:22.936577+00:00,/Volumes/04_sdp/warcraftlogs/landing/raid_attendance/20260413T001022Z_p18.jsonl
NwaHkx1r6ntc97Kf,1617819391914,"{'id': 26, 'name': 'Castle Nathria'}","[{'name': 'Yeviel', 'presence': 1, 'type': 'Paladin'}
 {'name': 'Gigasaga', 'presence': 1, 'type': 'DemonHunter'}
 {'name': 'Grets', 'presence': 1, 'type': 'Warlock'}
 {'name': 'Roapriest', 'presence': 1, 'type': 'Priest'}
 {'name': 'Weakauras', 'presence': 1, 'type': 'Warlock'}
 {'name': 'Bufflesbian', 'presence': 1, 'type': 'Shaman'}
 {'name': 'Larssonuid', 'presence': 1, 'type': 'Druid'}
 {'name': 'Noroku', 'presence': 1, 'type': 'Druid'}
 {'name': 'Axonea', 'presence': 1, 'type': 'Shaman'}
 {'name': 'Rainasu', 'presence': 1, 'type': 'DemonHunter'}
 {'name': 'Gummy', 'presence': 1, 'type': 'Druid'}
 {'name': 'Wackya', 'presence': 1, 'type': 'Warrior'}
 {'name': 'Dancebear', 'presence': 1, 'type': 'Druid'}
 {'name': 'Wahners', 'presence': 1, 'type': 'Rogue'}
 {'name': 'Fireraizel', 'presence': 1, 'type': 'Mage'}
 {'name': 'Crypted', 'presence': 1, 'type': 'Priest'}
 {'name': 'Elood', 'presence': 1, 'type': 'Hunter'}
 {'name': 'Bami', 'presence': 1, 'type': 'Mage'}
 {'name': 'Pubehead', 'presence': 1, 'type': 'Hunter'}]",wcl,2026-04-13T00:10:22.936577+00:00,/Volumes/04_sdp/warcraftlogs/landing/raid_attendance/20260413T001022Z_p18.jsonl
VmRWKahdJnZPfbjM,1617647053810,"{'id': 26, 'name': 'Castle Nathria'}","[{'name': 'Roamonk', 'presence': 1, 'type': 'Monk'}
 {'name': 'Bexx', 'presence': 1, 'type': 'Druid'}
 {'name': 'Superfan', 'presence': 1, 'type': 'Shaman'}
 {'name': 'Yeviel', 'presence': 1, 'type': 'Paladin'}
 {'name': 'Gigasaga', 'presence': 1, 'type': 'DemonHunter'}
 {'name': 'Grets', 'presence': 1, 'type': 'Warlock'}
 {'name': 'Leanus', 'presence': 1, 'type': 'Druid'}
 {'name': 'Retball', 'presence': 1, 'type': 'Paladin'}
 {'name': 'Momobami', 'presence': 1, 'type': 'Priest'}
 {'name': 'Weakauras', 'presence': 1, 'type': 'Warlock'}
 {'name': 'Bufflesbian', 'presence': 1, 'type': 'Shaman'}
 {'name': 'Yolt', 'presence': 1, 'type': 'Hunter'}
 {'name': 'Larssonuid', 'presence': 1, 'type': 'Druid'}
 {'name': 'Axonea', 'presence': 1, 'type': 'Shaman'}
 {'name': 'Mixtus', 'presence': 1, 'type': 'Warlock'}
 {'name': 'Dancebear', 'presence': 1, 'type': 'Druid'}
 {'name': 'Wahners', 'presence': 1, 'type': 'Rogue'}
 {'name': 'Crypted', 'presence': 1, 'type': 'Priest'}
 {'name': 'Elood', 'presence': 1, 'type': 'Hunter'}
 {'name': 'Bami', 'presence': 1, 'type': 'Mage'}
 {'name': 'Roadruid', 'presence': 1, 'type': 'Druid'}
 {'name': 'Alzaria', 'presence': 1, 'type': 'Priest'}
 {'name': 'Eluude', 'presence': 1, 'type': 'Mage'}
 {'name': 'Bashin', 'presence': 1, 'type': 'Warrior'}
 {'name': 'Hobbyalkis', 'presence': 1, 'type': 'Rogue'}]",wcl,2026-04-13T00:10:22.936577+00:00,/Volumes/04_sdp/warcraftlogs/landing/raid_attendance/20260413T001022Z_p18.jsonl
LxaH4NmK2qjQGPDT,1617647053927,"{'id': 26, 'name': 'Castle Nathria'}","[{'name': 'Roamonk', 'presence': 1, 'type': 'Monk'}
 {'name': 'Bexx', 'presence': 1, 'type': 'Druid'}
 {'name': 'Superfan', 'presence': 1, 'type': 'Shaman'}
 {'name': 'Yeviel', 'presence': 1, 'type': 'Paladin'}
 {'name': 'Gigasaga', 'presence': 1, 'type': 'DemonHunter'}
 {'name': 'Grets', 'presence': 1, 'type': 'Warlock'}
 {'name': 'Leanus', 'presence': 1, 'type': 'Druid'}
 {'name': 'Retball', 'presence': 1, 'type': 'Paladin'}
 {'name': 'Momobami', 'presence': 1, 'type': 'Priest'}
 {'name': 'Weakauras', 'presence': 1, 'type': 'Warlock'}
 {'name': 'Bufflesbian', 'presence': 1, 'type': 'Shaman'}
 {'name': 'Yolt', 'presence': 1, 'type': 'Hunter'}
 {'name': 'Larssonuid', 'presence': 1, 'type': 'Druid'}
 {'name': 'Axonea', 'presence': 1, 'type': 'Shaman'}
 {'name': 'Mixtus', 'presence': 1, 'type': 'Warlock'}
 {'name': 'Dancebear', 'presence': 1, 'type': 'Druid'}
 {'name': 'Wahners', 'presence': 1, 'type': 'Rogue'}
 {'name': 'Crypted', 'presence': 1, 'type': 'Priest'}
 {'name': 'Elood', 'presence': 1, 'type': 'Hunter'}
 {'name': 'Bami', 'presence': 1, 'type': 'Mage'}
 {'name': 'Roadruid', 'presence': 1, 'type': 'Druid'}
 {'name': 'Alzaria', 'presence': 1, 'type': 'Priest'}
 {'name': 'Eluude', 'presence': 1, 'type': 'Mage'}
 {'name': 'Bashin', 'presence': 1, 'type': 'Warrior'}
 {'name': 'Hobbyalkis', 'presence': 1, 'type': 'Rogue'}]",wcl,2026-04-13T00:10:22.936577+00:00,/Volumes/04_sdp/warcraftlogs/landing/raid_attendance/20260413T001022Z_p18.jsonl
PnjgRKcry9Qd8Tzq,1617574026048,"{'id': 26, 'name': 'Castle Nathria'}","[{'name': 'Roamonk', 'presence': 1, 'type': 'Monk'}
 {'name': 'Gigasaga', 'presence': 1, 'type': 'DemonHunter'}
 {'name': 'Retball', 'presence': 1, 'type': 'Paladin'}
 {'name': 'Momobami', 'presence': 1, 'type': 'Priest'}
 {'name': 'Noroku', 'presence': 1, 'type': 'Druid'}
 {'name': 'Yevie', 'presence': 1, 'type': 'Priest'}
 {'name': 'Mixtus', 'presence': 1, 'type': 'Warlock'}
 {'name': 'Eloodh', 'presence': 1, 'type': 'DemonHunter'}
 {'name': 'Evergladem', 'presence': 1, 'type': 'Monk'}
 {'name': 'Catshet', 'presence': 1, 'type': 'Druid'}
 {'name': 'Poumba', 'presence': 1, 'type': 'Druid'}
 {'name': 'Goinghaam', 'presence': 1, 'type': 'Warrior'}
 {'name': 'Maxzor', 'presence': 1, 'type': 'Hunter'}
 {'name': 'Nementor', 'presence': 1, 'type': 'Mage'}
 {'name': 'Naixberserk', 'presence': 1, 'type': 'Warrior'}
 {'name': 'Iahn', 'presence': 1, 'type': 'Warrior'}
 {'name': 'Babylón', 'presence': 1, 'type': 'Priest'}
 {'name': 'Magëstik', 'presence': 1, 'type': 'Priest'}
 {'name': 'Bówjab', 'presence': 1, 'type': 'Hunter'}
 {'name': 'Diggaheal', 'presence': 1, 'type': 'Priest'}
 {'name': 'Mailie', 'presence': 1, 'type': 'Hunter'}]",wcl,2026-04-13T00:10:22.936577+00:00,/Volumes/04_sdp/warcraftlogs/landing/raid_attendance/20260413T001022Z_p18.jsonl
RQFbjT34GyYVZBHA,1617559312852,"{'id': 26, 'name': 'Castle Nathria'}","[{'name': 'Roamonk', 'presence': 1, 'type': 'Monk'}
 {'name': 'Bexx', 'presence': 1, 'type': 'Druid'}
 {'name': 'Yeviel', 'presence': 1, 'type': 'Paladin'}
 {'name': 'Gigasaga', 'presence': 1, 'type': 'DemonHunter'}
 {'name': 'Roapriest', 'presence': 1, 'type': 'Priest'}
 {'name': 'Momobami', 'presence': 1, 'type': 'Priest'}
 {'name': 'Weakauras', 'presence': 1, 'type': 'Warlock'}
 {'name': 'Bufflesbian', 'presence': 1, 'type': 'Shaman'}
 {'name': 'Raslin', 'presence': 1, 'type': 'Shaman'}
 {'name': 'Noroku', 'presence': 1, 'type': 'Druid'}
 {'name': 'Larssonock', 'presence': 1, 'type': 'Warlock'}
 {'name': 'Yevie', 'presence': 1, 'type': 'Priest'}
 {'name': 'Roalock', 'presence': 1, 'type': 'Warlock'}
 {'name': 'Wackya', 'presence': 1, 'type': 'Warrior'}
 {'name': 'Mixtus', 'presence': 1, 'type': 'Warlock'}
 {'name': 'Eloodh', 'presence': 1, 'type': 'DemonHunter'}
 {'name': 'Wahners', 'presence': 1, 'type': 'Rogue'}
 {'name': 'Bashin', 'presence': 1, 'type': 'Warrior'}
 {'name': 'Catshet', 'presence': 1, 'type': 'Druid'}
 {'name': 'Maxzor', 'presence': 1, 'type': 'Hunter'}
 {'name': 'Iahn', 'presence': 1, 'type': 'Warrior'}
 {'name': 'Magëstik', 'presence': 1, 'type': 'Priest'}
 {'name': 'Wanchan', 'presence': 1, 'type': 'Mage'}
 {'name': 'Scapter', 'presence': 1, 'type': 'Priest'}
 {'name': 'Slemsäck', 'presence': 1, 'type': 'DeathKnight'}
 {'name': 'Gomezz', 'presence': 1, 'type': 'Mage'}
 {'name': 'Waalt', 'presence': 1, 'type': 'DeathKnight'}
 {'name': 'Blackmont', 'presence': 1, 'type': 'Druid'}
 {'name': 'Sigmarek', 'presence': 1, 'type': 'Druid'}
 {'name': 'Sophiemae', 'presence': 1, 'type': 'Priest'}
 {'name': 'Shockxtar', 'presence': 1, 'type': 'Shaman'}
 {'name': 'Xui', 'presence': 1, 'type': 'DemonHunter'}
 {'name': 'Неровипус', 'presence': 1, 'type': 'DeathKnight'}
 {'name': 'Kashee', 'presence': 1, 'type': 'Priest'}
 {'name': 'Cedrik', 'presence': 1, 'type': 'Paladin'}
 {'name': 'Benzo', 'presence': 1, 'type': 'DemonHunter'}
 {'name': 'Myllykeisari', 'presence': 1, 'type': 'Warrior'}
 {'name': 'Fubû', 'presence': 1, 'type': 'Paladin'}
 {'name': 'Bitcoìn', 'presence': 1, 'type': 'Shaman'}
 {'name': 'Шпнедамажат', 'presence': 1, 'type': 'Priest'}]",wcl,2026-04-13T00:10:22.936577+00:00,/Volumes/04_sdp/warcraftlogs/landing/raid_attendance/20260413T001022Z_p18.jsonl
rtgCwQypBxaPf2Kb,1617304118231,"{'id': 25, 'name': 'Mythic+ Seasons 1 - 3'}","[{'name': 'Roamonk', 'presence': 1, 'type': 'Monk'}
 {'name': 'Gigasaga', 'presence': 1, 'type': 'DemonHunter'}
 {'name': 'Leanus', 'presence': 1, 'type': 'Druid'}
 {'name': 'Momobami', 'presence': 1, 'type': 'Priest'}
 {'name': 'Weakauras', 'presence': 1, 'type': 'Warlock'}]",wcl,2026-04-13T00:10:22.936577+00:00,/Volumes/04_sdp/warcraftlogs/landing/raid_attendance/20260413T001022Z_p18.jsonl
y4a3VfkMG2chx1gz,1617214222952,"{'id': 26, 'name': 'Castle Nathria'}","[{'name': 'Roamonk', 'presence': 1, 'type': 'Monk'}
 {'name': 'Superfan', 'presence': 1, 'type': 'Shaman'}
 {'name': 'Yeviel', 'presence': 1, 'type': 'Paladin'}
 {'name': 'Gigasaga', 'presence': 1, 'type': 'DemonHunter'}
 {'name': 'Grets', 'presence': 1, 'type': 'Warlock'}
 {'name': 'Leanus', 'presence': 1, 'type': 'Druid'}
 {'name': 'Retball', 'presence': 1, 'type': 'Paladin'}
 {'name': 'Bufflesbian', 'presence': 1, 'type': 'Shaman'}
 {'name': 'Yolt', 'presence': 1, 'type': 'Hunter'}
 {'name': 'Larssonuid', 'presence': 1, 'type': 'Druid'}
 {'name': 'Noroku', 'presence': 1, 'type': 'Druid'}
 {'name': 'Axonea', 'presence': 1, 'type': 'Shaman'}
 {'name': 'Larssonock', 'presence': 1, 'type': 'Warlock'}
 {'name': 'Gummy', 'presence': 1, 'type': 'Druid'}
 {'name': 'Wackya', 'presence': 1, 'type': 'Warrior'}
 {'name': 'Mixtus', 'presence': 1, 'type': 'Warlock'}
 {'name': 'Dancebear', 'presence': 1, 'type': 'Druid'}
 {'name': 'Wahners', 'presence': 1, 'type': 'Rogue'}
 {'name': 'Crypted', 'presence': 1, 'type': 'Priest'}
 {'name': 'Elood', 'presence': 1, 'type': 'Hunter'}
 {'name': 'Bami', 'presence': 1, 'type': 'Mage'}
 {'name': 'Roadruid', 'presence': 1, 'type': 'Druid'}
 {'name': 'Alzaria', 'presence': 1, 'type': 'Priest'}
 {'name': 'Eluude', 'presence': 1, 'type': 'Mage'}
 {'name': 'Bashin', 'presence': 1, 'type': 'Warrior'}
 {'name': 'Hobbyalkis', 'presence': 1, 'type': 'Rogue'}
 {'name': 'Sophiemae', 'presence': 1, 'type': 'Priest'}
 {'name': 'Zelestreo', 'presence': 1, 'type': 'Shaman'}
 {'name': 'Tichonus', 'presence': 1, 'type': 'Monk'}]",wcl,2026-04-13T00:10:22.936577+00:00,/Volumes/04_sdp/warcraftlogs/landing/raid_attendance/20260413T001022Z_p18.jsonl
DByFPr3tAxWb28ck,1617042411862,"{'id': 26, 'name': 'Castle Nathria'}","[{'name': 'Superfan', 'presence': 1, 'type': 'Shaman'}
 {'name': 'Yeviel', 'presence': 1, 'type': 'Paladin'}
 {'name': 'Gigasaga', 'presence': 1, 'type': 'DemonHunter'}
 {'name': 'Grets', 'presence': 1, 'type': 'Warlock'}
 {'name': 'Leanus', 'presence': 1, 'type': 'Druid'}
 {'name': 'Retball', 'presence': 1, 'type': 'Paladin'}
 {'name': 'Momobami', 'presence': 1, 'type': 'Priest'}
 {'name': 'Yolt', 'presence': 1, 'type': 'Hunter'}
 {'name': 'Larssonuid', 'presence': 1, 'type': 'Druid'}
 {'name': 'Noroku', 'presence': 1, 'type': 'Druid'}
 {'name': 'Axonea', 'presence': 1, 'type': 'Shaman'}
 {'name': 'Mixtus', 'presence': 1, 'type': 'Warlock'}
 {'name': 'Dancebear', 'presence': 1, 'type': 'Druid'}
 {'name': 'Wahners', 'presence': 1, 'type': 'Rogue'}
 {'name': 'Crypted', 'presence': 1, 'type': 'Priest'}
 {'name': 'Bami', 'presence': 1, 'type': 'Mage'}
 {'name': 'Roadruid', 'presence': 1, 'type': 'Druid'}
 {'name': 'Alzaria', 'presence': 1, 'type': 'Priest'}
 {'name': 'Eluude', 'presence': 1, 'type': 'Mage'}
 {'name': 'Bashin', 'presence': 1, 'type': 'Warrior'}
 {'name': 'Hobbyalkis', 'presence': 1, 'type': 'Rogue'}
 {'name': 'Zelestreo', 'presence': 1, 'type': 'Shaman'}]",wcl,2026-04-13T00:10:22.936577+00:00,/Volumes/04_sdp/warcraftlogs/landing/raid_attendance/20260413T001022Z_p18.jsonl
jhCYADc9HJKqf3mN,1616955319221,"{'id': 26, 'name': 'Castle Nathria'}","[{'name': 'Roamonk', 'presence': 1, 'type': 'Monk'}
 {'name': 'Roapriest', 'presence': 1, 'type': 'Priest'}
 {'name': 'Momobami', 'presence': 1, 'type': 'Priest'}
 {'name': 'Weakauras', 'presence': 1, 'type': 'Warlock'}
 {'name': 'Emss', 'presence': 1, 'type': 'Druid'}
 {'name': 'Noroku', 'presence': 1, 'type': 'Druid'}
 {'name': 'Larssonock', 'presence': 1, 'type': 'Warlock'}
 {'name': 'Yevie', 'presence': 1, 'type': 'Priest'}
 {'name': 'Mixtus', 'presence': 1, 'type': 'Warlock'}
 {'name': 'Dancebear', 'presence': 1, 'type': 'Druid'}
 {'name': 'Coodyy', 'presence': 1, 'type': 'Warlock'}
 {'name': 'Eloodh', 'presence': 1, 'type': 'DemonHunter'}
 {'name': 'Selenn', 'presence': 1, 'type': 'Hunter'}
 {'name': 'Zethrock', 'presence': 1, 'type': 'Warlock'}
 {'name': 'Haniêl', 'presence': 1, 'type': 'Druid'}
 {'name': 'Malkarion', 'presence': 1, 'type': 'Hunter'}
 {'name': 'Alienso', 'presence': 1, 'type': 'Mage'}
 {'name': 'Betonkakokos', 'presence': 1, 'type': 'Druid'}
 {'name': 'Trapszo', 'presence': 1, 'type': 'Warrior'}
 {'name': 'Epitome', 'presence': 1, 'type': 'Paladin'}
 {'name': 'Adsham', 'presence': 1, 'type': 'Shaman'}
 {'name': 'Fibres', 'presence': 1, 'type': 'Mage'}
 {'name': 'Fogstar', 'presence': 1, 'type': 'Hunter'}
 {'name': 'Pará', 'presence': 1, 'type': 'Paladin'}
 {'name': 'Rosslock', 'presence': 1, 'type': 'Warlock'}
 {'name': 'Slimster', 'presence': 1, 'type': 'Monk'}]",wcl,2026-04-13T00:10:22.936577+00:00,/Volumes/04_sdp/warcraftlogs/landing/raid_attendance/20260413T001022Z_p18.jsonl
mbd4LZGNHwVzX6Ta,1616631149286,"{'id': 26, 'name': 'Castle Nathria'}","[{'name': 'Gigasaga', 'presence': 1, 'type': 'DemonHunter'}
 {'name': 'Retball', 'presence': 1, 'type': 'Paladin'}
 {'name': 'Momobami', 'presence': 1, 'type': 'Priest'}
 {'name': 'Rainasu', 'presence': 1, 'type': 'DemonHunter'}
 {'name': 'Crypted', 'presence': 1, 'type': 'Priest'}
 {'name': 'Bami', 'presence': 1, 'type': 'Mage'}
 {'name': 'Roadruid', 'presence': 1, 'type': 'Druid'}
 {'name': 'Hugrus', 'presence': 1, 'type': 'Shaman'}
 {'name': 'Babanerd', 'presence': 1, 'type': 'Warrior'}
 {'name': 'Losttauron', 'presence': 1, 'type': 'Shaman'}
 {'name': 'Жуткаякорова', 'presence': 1, 'type': 'Druid'}
 {'name': 'Twinxed', 'presence': 1, 'type': 'Monk'}
 {'name': 'Topwarrior', 'presence': 1, 'type': 'Warrior'}
 {'name': 'Trixiqt', 'presence': 1, 'type': 'Rogue'}
 {'name': 'Touchie', 'presence': 1, 'type': 'Shaman'}
 {'name': 'Белёсая', 'presence': 1, 'type': 'Priest'}
 {'name': 'Shamanozza', 'presence': 1, 'type': 'Shaman'}
 {'name': 'Vôìd', 'presence': 1, 'type': 'Warlock'}
 {'name': 'Abfahrer', 'presence': 1, 'type': 'Warlock'}
 {'name': 'Rwbyrose', 'presence': 1, 'type': 'Rogue'}
 {'name': 'Злопамятство', 'presence': 1, 'type': 'DemonHunter'}
 {'name': 'Würschtli', 'presence': 1, 'type': 'Paladin'}
 {'name': 'Alexidabstar', 'presence': 1, 'type': 'Mage'}
 {'name': 'Hakketkål', 'presence': 1, 'type': 'Shaman'}
 {'name': 'Kubarmate', 'presence': 1, 'type': 'Mage'}
 {'name': 'Papaja', 'presence': 1, 'type': 'Mage'}
 {'name': 'Delfinarios', 'presence': 1, 'type': 'Mage'}
 {'name': 'Wrucebillis', 'presence': 1, 'type': 'Shaman'}
 {'name': 'Rinaldi', 'presence': 1, 'type': 'Priest'}
 {'name': 'Benspriest', 'presence': 1, 'type': 'Priest'}
 {'name': 'Dohk', 'presence': 1, 'type': 'DeathKnight'}
 {'name': 'Curseddrood', 'presence': 1, 'type': 'Druid'}
 {'name': 'Colyhunt', 'presence': 1, 'type': 'Priest'}]",wcl,2026-04-13T00:10:22.936577+00:00,/Volumes/04_sdp/warcraftlogs/landing/raid_attendance/20260413T001022Z_p18.jsonl
NJMDKFdYXnmgBkqZ,1616617836525,"{'id': 26, 'name': 'Castle Nathria'}","[{'name': 'Superfan', 'presence': 1, 'type': 'Shaman'}
 {'name': 'Yeviel', 'presence': 1, 'type': 'Paladin'}
 {'name': 'Gigasaga', 'presence': 1, 'type': 'DemonHunter'}
 {'name': 'Grets', 'presence': 1, 'type': 'Warlock'}
 {'name': 'Leanus', 'presence': 1, 'type': 'Druid'}
 {'name': 'Retball', 'presence': 1, 'type': 'Paladin'}
 {'name': 'Yolt', 'presence': 1, 'type': 'Hunter'}
 {'name': 'Larssonuid', 'presence': 1, 'type': 'Druid'}
 {'name': 'Mixtus', 'presence': 1, 'type': 'Warlock'}
 {'name': 'Dancebear', 'presence': 1, 'type': 'Druid'}
 {'name': 'Wahners', 'presence': 1, 'type': 'Rogue'}
 {'name': 'Crypted', 'presence': 1, 'type': 'Priest'}
 {'name': 'Bami', 'presence': 1, 'type': 'Mage'}
 {'name': 'Roadruid', 'presence': 1, 'type': 'Druid'}
 {'name': 'Alzaria', 'presence': 1, 'type': 'Priest'}
 {'name': 'Eluude', 'presence': 1, 'type': 'Mage'}
 {'name': 'Bashin', 'presence': 1, 'type': 'Warrior'}
 {'name': 'Hobbyalkis', 'presence': 1, 'type': 'Rogue'}
 {'name': 'Sophiemae', 'presence': 1, 'type': 'Priest'}
 {'name': 'Zelestreo', 'presence': 1, 'type': 'Shaman'}]",wcl,2026-04-13T00:10:22.936577+00:00,/Volumes/04_sdp/warcraftlogs/landing/raid_attendance/20260413T001022Z_p18.jsonl
6189vtG3pHAwzgQT,1616613392110,"{'id': 26, 'name': 'Castle Nathria'}","[{'name': 'Roamonk', 'presence': 1, 'type': 'Monk'}
 {'name': 'Superfan', 'presence': 1, 'type': 'Shaman'}
 {'name': 'Yeviel', 'presence': 1, 'type': 'Paladin'}
 {'name': 'Gigasaga', 'presence': 1, 'type': 'DemonHunter'}
 {'name': 'Grets', 'presence': 1, 'type': 'Warlock'}
 {'name': 'Leanus', 'presence': 1, 'type': 'Druid'}
 {'name': 'Retball', 'presence': 1, 'type': 'Paladin'}
 {'name': 'Bufflesbian', 'presence': 1, 'type': 'Shaman'}
 {'name': 'Yolt', 'presence': 1, 'type': 'Hunter'}
 {'name': 'Larssonuid', 'presence': 1, 'type': 'Druid'}
 {'name': 'Wackya', 'presence': 1, 'type': 'Warrior'}
 {'name': 'Mixtus', 'presence': 1, 'type': 'Warlock'}
 {'name': 'Dancebear', 'presence': 1, 'type': 'Druid'}
 {'name': 'Wahners', 'presence': 1, 'type': 'Rogue'}
 {'name': 'Crypted', 'presence': 1, 'type': 'Priest'}
 {'name': 'Bami', 'presence': 1, 'type': 'Mage'}
 {'name': 'Roadruid', 'presence': 1, 'type': 'Druid'}
 {'name': 'Alzaria', 'presence': 1, 'type': 'Priest'}
 {'name': 'Eluude', 'presence': 1, 'type': 'Mage'}
 {'name': 'Bashin', 'presence': 1, 'type': 'Warrior'}
 {'name': 'Hobbyalkis', 'presence': 1, 'type': 'Rogue'}
 {'name': 'Sophiemae', 'presence': 1, 'type': 'Priest'}
 {'name': 'Zelestreo', 'presence': 1, 'type': 'Shaman'}
 {'name': 'Larssonhter', 'presence': 1, 'type': 'Hunter'}
 {'name': 'Mashin', 'presence': 1, 'type': 'Druid'}]",wcl,2026-04-13T00:10:22.936577+00:00,/Volumes/04_sdp/warcraftlogs/landing/raid_attendance/20260413T001022Z_p18.jsonl
3qRkhHJ6LgXnfDBC,1616612771119,"{'id': 26, 'name': 'Castle Nathria'}","[{'name': 'Superfan', 'presence': 1, 'type': 'Shaman'}
 {'name': 'Yeviel', 'presence': 1, 'type': 'Paladin'}
 {'name': 'Gigasaga', 'presence': 1, 'type': 'DemonHunter'}
 {'name': 'Grets', 'presence': 1, 'type': 'Warlock'}
 {'name': 'Leanus', 'presence': 1, 'type': 'Druid'}
 {'name': 'Bufflesbian', 'presence': 1, 'type': 'Shaman'}
 {'name': 'Yolt', 'presence': 1, 'type': 'Hunter'}
 {'name': 'Larssonuid', 'presence': 1, 'type': 'Druid'}
 {'name': 'Wackya', 'presence': 1, 'type': 'Warrior'}
 {'name': 'Mixtus', 'presence': 1, 'type': 'Warlock'}
 {'name': 'Dancebear', 'presence': 1, 'type': 'Druid'}
 {'name': 'Wahners', 'presence': 1, 'type': 'Rogue'}
 {'name': 'Crypted', 'presence': 1, 'type': 'Priest'}
 {'name': 'Bami', 'presence': 1, 'type': 'Mage'}
 {'name': 'Roadruid', 'presence': 1, 'type': 'Druid'}
 {'name': 'Alzaria', 'presence': 1, 'type': 'Priest'}
 {'name': 'Eluude', 'presence': 1, 'type': 'Mage'}
 {'name': 'Hobbyalkis', 'presence': 1, 'type': 'Rogue'}
 {'name': 'Zelestreo', 'presence': 1, 'type': 'Shaman'}
 {'name': 'Mashin', 'presence': 1, 'type': 'Druid'}]",wcl,2026-04-13T00:10:22.936577+00:00,/Volumes/04_sdp/warcraftlogs/landing/raid_attendance/20260413T001022Z_p18.jsonl
f8rpxmLCQP1ZDnYy,1616355474655,"{'id': 26, 'name': 'Castle Nathria'}","[{'name': 'Yeviel', 'presence': 1, 'type': 'Paladin'}
 {'name': 'Gigasaga', 'presence': 1, 'type': 'DemonHunter'}
 {'name': 'Roapriest', 'presence': 1, 'type': 'Priest'}
 {'name': 'Weakauras', 'presence': 1, 'type': 'Warlock'}
 {'name': 'Larssonock', 'presence': 1, 'type': 'Warlock'}
 {'name': 'Roalock', 'presence': 1, 'type': 'Warlock'}
 {'name': 'Wackya', 'presence': 1, 'type': 'Warrior'}
 {'name': 'Eloodh', 'presence': 1, 'type': 'DemonHunter'}
 {'name': 'Alzaria', 'presence': 1, 'type': 'Priest'}
 {'name': 'Maxzor', 'presence': 1, 'type': 'Hunter'}
 {'name': 'Fibres', 'presence': 1, 'type': 'Mage'}
 {'name': 'Dùn', 'presence': 1, 'type': 'Paladin'}
 {'name': 'Kipcak', 'presence': 1, 'type': 'Shaman'}
 {'name': 'Vivdrd', 'presence': 1, 'type': 'Druid'}
 {'name': 'Okna', 'presence': 1, 'type': 'DemonHunter'}
 {'name': 'Toomanyloas', 'presence': 1, 'type': 'Shaman'}
 {'name': 'Dion', 'presence': 1, 'type': 'Hunter'}
 {'name': 'Cijo', 'presence': 1, 'type': 'Druid'}
 {'name': 'Jumanji', 'presence': 1, 'type': 'Druid'}
 {'name': 'Проницатель', 'presence': 1, 'type': 'DeathKnight'}
 {'name': 'Sanziós', 'presence': 1, 'type': 'Mage'}
 {'name': 'Twitteruser', 'presence': 1, 'type': 'Paladin'}
 {'name': 'Jodz', 'presence': 1, 'type': 'Hunter'}
 {'name': 'Craazyowl', 'presence': 1, 'type': 'Druid'}
 {'name': 'Pangbruden', 'presence': 1, 'type': 'Hunter'}
 {'name': 'Cernos', 'presence': 1, 'type': 'Druid'}
 {'name': 'Сакросанктус', 'presence': 1, 'type': 'Mage'}
 {'name': 'Fatbóy', 'presence': 1, 'type': 'Druid'}
 {'name': 'Inthesink', 'presence': 1, 'type': 'Shaman'}
 {'name': 'Spatzz', 'presence': 1, 'type': 'Hunter'}]",wcl,2026-04-13T00:10:22.936577+00:00,/Volumes/04_sdp/warcraftlogs/landing/raid_attendance/20260413T001022Z_p18.jsonl
qkg4MK86VWy9hwB1,1626718891173,"{'id': 28, 'name': 'Sanctum of Domination'}","[{'name': 'Leanus', 'presence': 1, 'type': 'Druid'}
 {'name': 'Clomp', 'presence': 1, 'type': 'Mage'}
 {'name': 'Retball', 'presence': 1, 'type': 'Paladin'}
 {'name': 'Lickprick', 'presence': 1, 'type': 'Warrior'}
 {'name': 'Olixbear', 'presence': 1, 'type': 'Druid'}
 {'name': 'Televisions', 'presence': 1, 'type': 'Priest'}
 {'name': 'Eloomie', 'presence': 1, 'type': 'Druid'}
 {'name': 'Yeviel', 'presence': 1, 'type': 'Paladin'}
 {'name': 'Superfan', 'presence': 1, 'type': 'Shaman'}
 {'name': 'Momobami', 'presence': 1, 'type': 'Priest'}
 {'name': 'Bexx', 'presence': 1, 'type': 'Druid'}
 {'name': 'Grets', 'presence': 1, 'type': 'Warlock'}
 {'name': 'Gigasaga', 'presence': 1, 'type': 'DemonHunter'}
 {'name': 'Eirwynzure', 'presence': 1, 'type': 'Druid'}
 {'name': 'Roamonk', 'presence': 1, 'type': 'Monk'}
 {'name': 'Codders', 'presence': 1, 'type': 'Mage'}
 {'name': 'Roapriest', 'presence': 1, 'type': 'Priest'}]",wcl,2026-04-13T06:54:37.403311+00:00,/Volumes/04_sdp/warcraftlogs/landing/raid_attendance/20260413T065437Z_p18.jsonl
JDw8GKdx637hCYy2,1626286732516,"{'id': 28, 'name': 'Sanctum of Domination'}","[{'name': 'Leanus', 'presence': 1, 'type': 'Druid'}
 {'name': 'Retball', 'presence': 1, 'type': 'Paladin'}
 {'name': 'Televisions', 'presence': 1, 'type': 'Priest'}
 {'name': 'Eloomie', 'presence': 1, 'type': 'Druid'}
 {'name': 'Superfan', 'presence': 1, 'type': 'Shaman'}
 {'name': 'Momobami', 'presence': 1, 'type': 'Priest'}
 {'name': 'Bexx', 'presence': 1, 'type': 'Druid'}
 {'name': 'Gigasaga', 'presence': 1, 'type': 'DemonHunter'}
 {'name': 'Eirwynzure', 'presence': 1, 'type': 'Druid'}
 {'name': 'Roamonk', 'presence': 1, 'type': 'Monk'}
 {'name': 'Codders', 'presence': 1, 'type': 'Mage'}
 {'name': 'Planked', 'presence': 1, 'type': 'Paladin'}
 {'name': 'Melanzani', 'presence': 1, 'type': 'Priest'}
 {'name': 'Weakauras', 'presence': 1, 'type': 'Warlock'}
 {'name': 'Chainthunder', 'presence': 1, 'type': 'Shaman'}
 {'name': 'Katayoon', 'presence': 1, 'type': 'Paladin'}
 {'name': 'Néfu', 'presence': 1, 'type': 'Shaman'}
 {'name': 'Phazex', 'presence': 1, 'type': 'Rogue'}
 {'name': 'Crispynova', 'presence': 1, 'type': 'Mage'}
 {'name': 'Bîî', 'presence': 1, 'type': 'Shaman'}
 {'name': 'Rossbestie', 'presence': 1, 'type': 'Paladin'}]",wcl,2026-04-13T06:54:37.403311+00:00,/Volumes/04_sdp/warcraftlogs/landing/raid_attendance/20260413T065437Z_p18.jsonl
G9AgfJmZwBtNkXP3,1626287790941,"{'id': 28, 'name': 'Sanctum of Domination'}","[{'name': 'Leanus', 'presence': 1, 'type': 'Druid'}
 {'name': 'Retball', 'presence': 1, 'type': 'Paladin'}
 {'name': 'Televisions', 'presence': 1, 'type': 'Priest'}
 {'name': 'Eloomie', 'presence': 1, 'type': 'Druid'}
 {'name': 'Momobami', 'presence': 1, 'type': 'Priest'}
 {'name': 'Bexx', 'presence': 1, 'type': 'Druid'}
 {'name': 'Gigasaga', 'presence': 1, 'type': 'DemonHunter'}
 {'name': 'Eirwynzure', 'presence': 1, 'type': 'Druid'}
 {'name': 'Roamonk', 'presence': 1, 'type': 'Monk'}
 {'name': 'Codders', 'presence': 1, 'type': 'Mage'}
 {'name': 'Planked', 'presence': 1, 'type': 'Paladin'}
 {'name': 'Weakauras', 'presence': 1, 'type': 'Warlock'}
 {'name': 'Chainthunder', 'presence': 1, 'type': 'Shaman'}
 {'name': 'Katayoon', 'presence': 1, 'type': 'Paladin'}
 {'name': 'Phazex', 'presence': 1, 'type': 'Rogue'}
 {'name': 'Crispynova', 'presence': 1, 'type': 'Mage'}
 {'name': 'Bîî', 'presence': 1, 'type': 'Shaman'}
 {'name': 'Rossbestie', 'presence': 1, 'type': 'Paladin'}]",wcl,2026-04-13T06:54:37.403311+00:00,/Volumes/04_sdp/warcraftlogs/landing/raid_attendance/20260413T065437Z_p18.jsonl
PZDwaB7Qy6fC9rHM,1626113939910,"{'id': 28, 'name': 'Sanctum of Domination'}","[{'name': 'Leanus', 'presence': 1, 'type': 'Druid'}
 {'name': 'Retball', 'presence': 1, 'type': 'Paladin'}
 {'name': 'Eloomie', 'presence': 1, 'type': 'Druid'}
 {'name': 'Yeviel', 'presence': 1, 'type': 'Paladin'}
 {'name': 'Momobami', 'presence': 1, 'type': 'Priest'}
 {'name': 'Bexx', 'presence': 1, 'type': 'Druid'}
 {'name': 'Gigasaga', 'presence': 1, 'type': 'DemonHunter'}
 {'name': 'Roamonk', 'presence': 1, 'type': 'Monk'}
 {'name': 'Codders', 'presence': 1, 'type': 'Mage'}
 {'name': 'Weakauras', 'presence': 1, 'type': 'Warlock'}
 {'name': 'Raborum', 'presence': 1, 'type': 'Warlock'}
 {'name': 'Smallmonk', 'presence': 1, 'type': 'Monk'}
 {'name': 'Emmabestie', 'presence': 1, 'type': 'Druid'}
 {'name': 'Hanniel', 'presence': 1, 'type': 'Priest'}
 {'name': 'Emmié', 'presence': 1, 'type': 'DeathKnight'}
 {'name': 'Emss', 'presence': 1, 'type': 'Druid'}
 {'name': 'Tazzdinga', 'presence': 1, 'type': 'Rogue'}]",wcl,2026-04-13T06:54:37.403311+00:00,/Volumes/04_sdp/warcraftlogs/landing/raid_attendance/20260413T065437Z_p18.jsonl
WX8mzc1jdgJ3QDMr,1626113649183,"{'id': 28, 'name': 'Sanctum of Domination'}","[{'name': 'Leanus', 'presence': 1, 'type': 'Druid'}
 {'name': 'Retball', 'presence': 1, 'type': 'Paladin'}
 {'name': 'Eloomie', 'presence': 1, 'type': 'Druid'}
 {'name': 'Yeviel', 'presence': 1, 'type': 'Paladin'}
 {'name': 'Momobami', 'presence': 1, 'type': 'Priest'}
 {'name': 'Bexx', 'presence': 1, 'type': 'Druid'}
 {'name': 'Gigasaga', 'presence': 1, 'type': 'DemonHunter'}
 {'name': 'Roamonk', 'presence': 1, 'type': 'Monk'}
 {'name': 'Codders', 'presence': 1, 'type': 'Mage'}
 {'name': 'Weakauras', 'presence': 1, 'type': 'Warlock'}
 {'name': 'Raborum', 'presence': 1, 'type': 'Warlock'}
 {'name': 'Smallmonk', 'presence': 1, 'type': 'Monk'}
 {'name': 'Emmabestie', 'presence': 1, 'type': 'Druid'}
 {'name': 'Emmié', 'presence': 1, 'type': 'DeathKnight'}
 {'name': 'Emss', 'presence': 1, 'type': 'Druid'}
 {'name': 'Tazzdinga', 'presence': 1, 'type': 'Rogue'}]",wcl,2026-04-13T06:54:37.403311+00:00,/Volumes/04_sdp/warcraftlogs/landing/raid_attendance/20260413T065437Z_p18.jsonl
cWw94yCA2QKXx1nR,1625680906653,"{'id': 28, 'name': 'Sanctum of Domination'}","[{'name': 'Leanus', 'presence': 1, 'type': 'Druid'}
 {'name': 'Retball', 'presence': 1, 'type': 'Paladin'}
 {'name': 'Eloomie', 'presence': 1, 'type': 'Druid'}
 {'name': 'Momobami', 'presence': 1, 'type': 'Priest'}
 {'name': 'Bexx', 'presence': 1, 'type': 'Druid'}
 {'name': 'Gigasaga', 'presence': 1, 'type': 'DemonHunter'}
 {'name': 'Roamonk', 'presence': 1, 'type': 'Monk'}
 {'name': 'Weakauras', 'presence': 1, 'type': 'Warlock'}
 {'name': 'Yolt', 'presence': 1, 'type': 'Hunter'}
 {'name': 'Alatariel', 'presence': 1, 'type': 'Mage'}
 {'name': 'Bufflesbian', 'presence': 1, 'type': 'Shaman'}]",wcl,2026-04-13T06:54:37.403311+00:00,/Volumes/04_sdp/warcraftlogs/landing/raid_attendance/20260413T065437Z_p18.jsonl
tj8q2wXLDFnPckK7,1618770493511,"{'id': 26, 'name': 'Castle Nathria'}","[{'name': 'Momobami', 'presence': 1, 'type': 'Priest'}
 {'name': 'Roamonk', 'presence': 1, 'type': 'Monk'}
 {'name': 'Emmabestie', 'presence': 1, 'type': 'Druid'}
 {'name': 'Hanniel', 'presence': 1, 'type': 'Priest'}
 {'name': 'Emss', 'presence': 1, 'type': 'Druid'}
 {'name': 'Verit', 'presence': 1, 'type': 'Hunter'}
 {'name': 'Camp', 'presence': 1, 'type': 'DeathKnight'}
 {'name': 'Bammies', 'presence': 1, 'type': 'Paladin'}
 {'name': 'Mameau', 'presence': 1, 'type': 'Druid'}
 {'name': 'Norodk', 'presence': 1, 'type': 'DeathKnight'}
 {'name': 'Troakya', 'presence': 1, 'type': 'DeathKnight'}
 {'name': 'Tse', 'presence': 1, 'type': 'Shaman'}
 {'name': 'Raslin', 'presence': 1, 'type': 'Shaman'}
 {'name': 'Melories', 'presence': 1, 'type': 'Druid'}
 {'name': 'Rudisha', 'presence': 1, 'type': 'Hunter'}
 {'name': 'Seroq', 'presence': 1, 'type': 'Priest'}
 {'name': 'Temra', 'presence': 1, 'type': 'Warlock'}
 {'name': 'Roamage', 'presence': 1, 'type': 'Mage'}
 {'name': 'Larssonuid', 'presence': 1, 'type': 'Druid'}
 {'name': 'Sterlingdual', 'presence': 1, 'type': 'Druid'}
 {'name': 'Milkpower', 'presence': 1, 'type': 'Druid'}
 {'name': 'Bellatrikx', 'presence': 1, 'type': 'Warlock'}
 {'name': 'Truidi', 'presence': 1, 'type': 'Druid'}]",wcl,2026-04-13T06:54:37.403311+00:00,/Volumes/04_sdp/warcraftlogs/landing/raid_attendance/20260413T065437Z_p18.jsonl
C61kw8BLbVGAvJWq,1618423498762,"{'id': 26, 'name': 'Castle Nathria'}","[{'name': 'Momobami', 'presence': 1, 'type': 'Priest'}
 {'name': 'Gigasaga', 'presence': 1, 'type': 'DemonHunter'}
 {'name': 'Roapriest', 'presence': 1, 'type': 'Priest'}
 {'name': 'Weakauras', 'presence': 1, 'type': 'Warlock'}
 {'name': 'Raslin', 'presence': 1, 'type': 'Shaman'}
 {'name': 'Chicknblend', 'presence': 1, 'type': 'Druid'}
 {'name': 'Gjorka', 'presence': 1, 'type': 'Monk'}
 {'name': 'Myhlla', 'presence': 1, 'type': 'Druid'}
 {'name': 'Axonea', 'presence': 1, 'type': 'Shaman'}
 {'name': 'Acala', 'presence': 1, 'type': 'Mage'}
 {'name': 'Firkapriest', 'presence': 1, 'type': 'Priest'}
 {'name': 'Gloomstrike', 'presence': 1, 'type': 'Rogue'}
 {'name': 'Akrovatisa', 'presence': 1, 'type': 'DemonHunter'}
 {'name': 'Synthôras', 'presence': 1, 'type': 'Druid'}
 {'name': 'Noroku', 'presence': 1, 'type': 'Druid'}
 {'name': 'Rainasu', 'presence': 1, 'type': 'DemonHunter'}
 {'name': 'Larssonock', 'presence': 1, 'type': 'Warlock'}
 {'name': 'Trodog', 'presence': 1, 'type': 'Shaman'}
 {'name': 'Olvotol', 'presence': 1, 'type': 'DemonHunter'}
 {'name': 'Zeah', 'presence': 1, 'type': 'Priest'}]",wcl,2026-04-13T06:54:37.403311+00:00,/Volumes/04_sdp/warcraftlogs/landing/raid_attendance/20260413T065437Z_p18.jsonl
x2nc1KPaGTzY9fmF,1618423498762,"{'id': 26, 'name': 'Castle Nathria'}","[{'name': 'Leanus', 'presence': 1, 'type': 'Druid'}
 {'name': 'Gigasaga', 'presence': 1, 'type': 'DemonHunter'}
 {'name': 'Weakauras', 'presence': 1, 'type': 'Warlock'}
 {'name': 'Larssonuid', 'presence': 1, 'type': 'Druid'}
 {'name': 'Axonea', 'presence': 1, 'type': 'Shaman'}
 {'name': 'Noroku', 'presence': 1, 'type': 'Druid'}
 {'name': 'Roalock', 'presence': 1, 'type': 'Warlock'}
 {'name': 'Gummy', 'presence': 1, 'type': 'Druid'}
 {'name': 'Yevie', 'presence': 1, 'type': 'Priest'}
 {'name': 'Dyokixass', 'presence': 1, 'type': 'Shaman'}
 {'name': 'Wackya', 'presence': 1, 'type': 'Warrior'}
 {'name': 'Bamoo', 'presence': 1, 'type': 'Druid'}
 {'name': 'Dancebear', 'presence': 1, 'type': 'Druid'}
 {'name': 'Mixtus', 'presence': 1, 'type': 'Warlock'}]",wcl,2026-04-13T06:54:37.403311+00:00,/Volumes/04_sdp/warcraftlogs/landing/raid_attendance/20260413T065437Z_p18.jsonl
QDtXxvVgGzMpjZyf,1618164863717,"{'id': 26, 'name': 'Castle Nathria'}","[{'name': 'Yeviel', 'presence': 1, 'type': 'Paladin'}
 {'name': 'Momobami', 'presence': 1, 'type': 'Priest'}
 {'name': 'Emmabestie', 'presence': 1, 'type': 'Druid'}
 {'name': 'Emss', 'presence': 1, 'type': 'Druid'}
 {'name': 'Raslin', 'presence': 1, 'type': 'Shaman'}
 {'name': 'Roamage', 'presence': 1, 'type': 'Mage'}
 {'name': 'Noroku', 'presence': 1, 'type': 'Druid'}
 {'name': 'Larssonock', 'presence': 1, 'type': 'Warlock'}
 {'name': 'Coodyy', 'presence': 1, 'type': 'Warlock'}
 {'name': 'Daddytintin', 'presence': 1, 'type': 'DemonHunter'}
 {'name': 'Eloodh', 'presence': 1, 'type': 'DemonHunter'}
 {'name': 'Drielthres', 'presence': 1, 'type': 'Warrior'}]",wcl,2026-04-13T06:54:37.403311+00:00,/Volumes/04_sdp/warcraftlogs/landing/raid_attendance/20260413T065437Z_p18.jsonl
gWmBQjLwTVG2NAq9,1617819176810,"{'id': 26, 'name': 'Castle Nathria'}","[{'name': 'Yeviel', 'presence': 1, 'type': 'Paladin'}
 {'name': 'Grets', 'presence': 1, 'type': 'Warlock'}
 {'name': 'Gigasaga', 'presence': 1, 'type': 'DemonHunter'}
 {'name': 'Roapriest', 'presence': 1, 'type': 'Priest'}
 {'name': 'Weakauras', 'presence': 1, 'type': 'Warlock'}
 {'name': 'Bufflesbian', 'presence': 1, 'type': 'Shaman'}
 {'name': 'Larssonuid', 'presence': 1, 'type': 'Druid'}
 {'name': 'Axonea', 'presence': 1, 'type': 'Shaman'}
 {'name': 'Noroku', 'presence': 1, 'type': 'Druid'}
 {'name': 'Rainasu', 'presence': 1, 'type': 'DemonHunter'}
 {'name': 'Gummy', 'presence': 1, 'type': 'Druid'}
 {'name': 'Wackya', 'presence': 1, 'type': 'Warrior'}
 {'name': 'Dancebear', 'presence': 1, 'type': 'Druid'}
 {'name': 'Bami', 'presence': 1, 'type': 'Mage'}
 {'name': 'Elood', 'presence': 1, 'type': 'Hunter'}
 {'name': 'Pubehead', 'presence': 1, 'type': 'Hunter'}
 {'name': 'Crypted', 'presence': 1, 'type': 'Priest'}
 {'name': 'Wahners', 'presence': 1, 'type': 'Rogue'}
 {'name': 'Fireraizel', 'presence': 1, 'type': 'Mage'}]",wcl,2026-04-13T06:54:37.403311+00:00,/Volumes/04_sdp/warcraftlogs/landing/raid_attendance/20260413T065437Z_p18.jsonl
NwaHkx1r6ntc97Kf,1617819391914,"{'id': 26, 'name': 'Castle Nathria'}","[{'name': 'Yeviel', 'presence': 1, 'type': 'Paladin'}
 {'name': 'Grets', 'presence': 1, 'type': 'Warlock'}
 {'name': 'Gigasaga', 'presence': 1, 'type': 'DemonHunter'}
 {'name': 'Roapriest', 'presence': 1, 'type': 'Priest'}
 {'name': 'Weakauras', 'presence': 1, 'type': 'Warlock'}
 {'name': 'Bufflesbian', 'presence': 1, 'type': 'Shaman'}
 {'name': 'Larssonuid', 'presence': 1, 'type': 'Druid'}
 {'name': 'Axonea', 'presence': 1, 'type': 'Shaman'}
 {'name': 'Noroku', 'presence': 1, 'type': 'Druid'}
 {'name': 'Rainasu', 'presence': 1, 'type': 'DemonHunter'}
 {'name': 'Gummy', 'presence': 1, 'type': 'Druid'}
 {'name': 'Wackya', 'presence': 1, 'type': 'Warrior'}
 {'name': 'Dancebear', 'presence': 1, 'type': 'Druid'}
 {'name': 'Bami', 'presence': 1, 'type': 'Mage'}
 {'name': 'Elood', 'presence': 1, 'type': 'Hunter'}
 {'name': 'Pubehead', 'presence': 1, 'type': 'Hunter'}
 {'name': 'Crypted', 'presence': 1, 'type': 'Priest'}
 {'name': 'Wahners', 'presence': 1, 'type': 'Rogue'}
 {'name': 'Fireraizel', 'presence': 1, 'type': 'Mage'}]",wcl,2026-04-13T06:54:37.403311+00:00,/Volumes/04_sdp/warcraftlogs/landing/raid_attendance/20260413T065437Z_p18.jsonl
VmRWKahdJnZPfbjM,1617647053810,"{'id': 26, 'name': 'Castle Nathria'}","[{'name': 'Leanus', 'presence': 1, 'type': 'Druid'}
 {'name': 'Retball', 'presence': 1, 'type': 'Paladin'}
 {'name': 'Yeviel', 'presence': 1, 'type': 'Paladin'}
 {'name': 'Superfan', 'presence': 1, 'type': 'Shaman'}
 {'name': 'Momobami', 'presence': 1, 'type': 'Priest'}
 {'name': 'Bexx', 'presence': 1, 'type': 'Druid'}
 {'name': 'Grets', 'presence': 1, 'type': 'Warlock'}
 {'name': 'Gigasaga', 'presence': 1, 'type': 'DemonHunter'}
 {'name': 'Roamonk', 'presence': 1, 'type': 'Monk'}
 {'name': 'Weakauras', 'presence': 1, 'type': 'Warlock'}
 {'name': 'Yolt', 'presence': 1, 'type': 'Hunter'}
 {'name': 'Bufflesbian', 'presence': 1, 'type': 'Shaman'}
 {'name': 'Larssonuid', 'presence': 1, 'type': 'Druid'}
 {'name': 'Axonea', 'presence': 1, 'type': 'Shaman'}
 {'name': 'Dancebear', 'presence': 1, 'type': 'Druid'}
 {'name': 'Mixtus', 'presence': 1, 'type': 'Warlock'}
 {'name': 'Bami', 'presence': 1, 'type': 'Mage'}
 {'name': 'Elood', 'presence': 1, 'type': 'Hunter'}
 {'name': 'Crypted', 'presence': 1, 'type': 'Priest'}
 {'name': 'Wahners', 'presence': 1, 'type': 'Rogue'}
 {'name': 'Alzaria', 'presence': 1, 'type': 'Priest'}
 {'name': 'Bashin', 'presence': 1, 'type': 'Warrior'}
 {'name': 'Hobbyalkis', 'presence': 1, 'type': 'Rogue'}
 {'name': 'Roadruid', 'presence': 1, 'type': 'Druid'}
 {'name': 'Eluude', 'presence': 1, 'type': 'Mage'}]",wcl,2026-04-13T06:54:37.403311+00:00,/Volumes/04_sdp/warcraftlogs/landing/raid_attendance/20260413T065437Z_p18.jsonl
LxaH4NmK2qjQGPDT,1617647053927,"{'id': 26, 'name': 'Castle Nathria'}","[{'name': 'Leanus', 'presence': 1, 'type': 'Druid'}
 {'name': 'Retball', 'presence': 1, 'type': 'Paladin'}
 {'name': 'Yeviel', 'presence': 1, 'type': 'Paladin'}
 {'name': 'Superfan', 'presence': 1, 'type': 'Shaman'}
 {'name': 'Momobami', 'presence': 1, 'type': 'Priest'}
 {'name': 'Bexx', 'presence': 1, 'type': 'Druid'}
 {'name': 'Grets', 'presence': 1, 'type': 'Warlock'}
 {'name': 'Gigasaga', 'presence': 1, 'type': 'DemonHunter'}
 {'name': 'Roamonk', 'presence': 1, 'type': 'Monk'}
 {'name': 'Weakauras', 'presence': 1, 'type': 'Warlock'}
 {'name': 'Yolt', 'presence': 1, 'type': 'Hunter'}
 {'name': 'Bufflesbian', 'presence': 1, 'type': 'Shaman'}
 {'name': 'Larssonuid', 'presence': 1, 'type': 'Druid'}
 {'name': 'Axonea', 'presence': 1, 'type': 'Shaman'}
 {'name': 'Dancebear', 'presence': 1, 'type': 'Druid'}
 {'name': 'Mixtus', 'presence': 1, 'type': 'Warlock'}
 {'name': 'Bami', 'presence': 1, 'type': 'Mage'}
 {'name': 'Elood', 'presence': 1, 'type': 'Hunter'}
 {'name': 'Crypted', 'presence': 1, 'type': 'Priest'}
 {'name': 'Wahners', 'presence': 1, 'type': 'Rogue'}
 {'name': 'Alzaria', 'presence': 1, 'type': 'Priest'}
 {'name': 'Bashin', 'presence': 1, 'type': 'Warrior'}
 {'name': 'Hobbyalkis', 'presence': 1, 'type': 'Rogue'}
 {'name': 'Roadruid', 'presence': 1, 'type': 'Druid'}
 {'name': 'Eluude', 'presence': 1, 'type': 'Mage'}]",wcl,2026-04-13T06:54:37.403311+00:00,/Volumes/04_sdp/warcraftlogs/landing/raid_attendance/20260413T065437Z_p18.jsonl
PnjgRKcry9Qd8Tzq,1617574026048,"{'id': 26, 'name': 'Castle Nathria'}","[{'name': 'Retball', 'presence': 1, 'type': 'Paladin'}
 {'name': 'Momobami', 'presence': 1, 'type': 'Priest'}
 {'name': 'Gigasaga', 'presence': 1, 'type': 'DemonHunter'}
 {'name': 'Roamonk', 'presence': 1, 'type': 'Monk'}
 {'name': 'Noroku', 'presence': 1, 'type': 'Druid'}
 {'name': 'Yevie', 'presence': 1, 'type': 'Priest'}
 {'name': 'Mixtus', 'presence': 1, 'type': 'Warlock'}
 {'name': 'Eloodh', 'presence': 1, 'type': 'DemonHunter'}
 {'name': 'Bówjab', 'presence': 1, 'type': 'Hunter'}
 {'name': 'Goinghaam', 'presence': 1, 'type': 'Warrior'}
 {'name': 'Magëstik', 'presence': 1, 'type': 'Priest'}
 {'name': 'Catshet', 'presence': 1, 'type': 'Druid'}
 {'name': 'Iahn', 'presence': 1, 'type': 'Warrior'}
 {'name': 'Nementor', 'presence': 1, 'type': 'Mage'}
 {'name': 'Evergladem', 'presence': 1, 'type': 'Monk'}
 {'name': 'Mailie', 'presence': 1, 'type': 'Hunter'}
 {'name': 'Naixberserk', 'presence': 1, 'type': 'Warrior'}
 {'name': 'Poumba', 'presence': 1, 'type': 'Druid'}
 {'name': 'Maxzor', 'presence': 1, 'type': 'Hunter'}
 {'name': 'Babylón', 'presence': 1, 'type': 'Priest'}
 {'name': 'Diggaheal', 'presence': 1, 'type': 'Priest'}]",wcl,2026-04-13T06:54:37.403311+00:00,/Volumes/04_sdp/warcraftlogs/landing/raid_attendance/20260413T065437Z_p18.jsonl
RQFbjT34GyYVZBHA,1617559312852,"{'id': 26, 'name': 'Castle Nathria'}","[{'name': 'Yeviel', 'presence': 1, 'type': 'Paladin'}
 {'name': 'Momobami', 'presence': 1, 'type': 'Priest'}
 {'name': 'Bexx', 'presence': 1, 'type': 'Druid'}
 {'name': 'Gigasaga', 'presence': 1, 'type': 'DemonHunter'}
 {'name': 'Roamonk', 'presence': 1, 'type': 'Monk'}
 {'name': 'Roapriest', 'presence': 1, 'type': 'Priest'}
 {'name': 'Weakauras', 'presence': 1, 'type': 'Warlock'}
 {'name': 'Bufflesbian', 'presence': 1, 'type': 'Shaman'}
 {'name': 'Raslin', 'presence': 1, 'type': 'Shaman'}
 {'name': 'Noroku', 'presence': 1, 'type': 'Druid'}
 {'name': 'Larssonock', 'presence': 1, 'type': 'Warlock'}
 {'name': 'Roalock', 'presence': 1, 'type': 'Warlock'}
 {'name': 'Yevie', 'presence': 1, 'type': 'Priest'}
 {'name': 'Wackya', 'presence': 1, 'type': 'Warrior'}
 {'name': 'Mixtus', 'presence': 1, 'type': 'Warlock'}
 {'name': 'Eloodh', 'presence': 1, 'type': 'DemonHunter'}
 {'name': 'Wahners', 'presence': 1, 'type': 'Rogue'}
 {'name': 'Bashin', 'presence': 1, 'type': 'Warrior'}
 {'name': 'Magëstik', 'presence': 1, 'type': 'Priest'}
 {'name': 'Catshet', 'presence': 1, 'type': 'Druid'}
 {'name': 'Iahn', 'presence': 1, 'type': 'Warrior'}
 {'name': 'Maxzor', 'presence': 1, 'type': 'Hunter'}
 {'name': 'Неровипус', 'presence': 1, 'type': 'DeathKnight'}
 {'name': 'Blackmont', 'presence': 1, 'type': 'Druid'}
 {'name': 'Benzo', 'presence': 1, 'type': 'DemonHunter'}
 {'name': 'Шпнедамажат', 'presence': 1, 'type': 'Priest'}
 {'name': 'Sigmarek', 'presence': 1, 'type': 'Druid'}
 {'name': 'Sophiemae', 'presence': 1, 'type': 'Priest'}
 {'name': 'Xui', 'presence': 1, 'type': 'DemonHunter'}
 {'name': 'Wanchan', 'presence': 1, 'type': 'Mage'}
 {'name': 'Slemsäck', 'presence': 1, 'type': 'DeathKnight'}
 {'name': 'Gomezz', 'presence': 1, 'type': 'Mage'}
 {'name': 'Shockxtar', 'presence': 1, 'type': 'Shaman'}
 {'name': 'Kashee', 'presence': 1, 'type': 'Priest'}
 {'name': 'Scapter', 'presence': 1, 'type': 'Priest'}
 {'name': 'Fubû', 'presence': 1, 'type': 'Paladin'}
 {'name': 'Myllykeisari', 'presence': 1, 'type': 'Warrior'}
 {'name': 'Waalt', 'presence': 1, 'type': 'DeathKnight'}
 {'name': 'Bitcoìn', 'presence': 1, 'type': 'Shaman'}
 {'name': 'Cedrik', 'presence': 1, 'type': 'Paladin'}]",wcl,2026-04-13T06:54:37.403311+00:00,/Volumes/04_sdp/warcraftlogs/landing/raid_attendance/20260413T065437Z_p18.jsonl
rtgCwQypBxaPf2Kb,1617304118231,"{'id': 25, 'name': 'Mythic+ Seasons 1 - 3'}","[{'name': 'Leanus', 'presence': 1, 'type': 'Druid'}
 {'name': 'Momobami', 'presence': 1, 'type': 'Priest'}
 {'name': 'Gigasaga', 'presence': 1, 'type': 'DemonHunter'}
 {'name': 'Roamonk', 'presence': 1, 'type': 'Monk'}
 {'name': 'Weakauras', 'presence': 1, 'type': 'Warlock'}]",wcl,2026-04-13T06:54:37.403311+00:00,/Volumes/04_sdp/warcraftlogs/landing/raid_attendance/20260413T065437Z_p18.jsonl
y4a3VfkMG2chx1gz,1617214222952,"{'id': 26, 'name': 'Castle Nathria'}","[{'name': 'Leanus', 'presence': 1, 'type': 'Druid'}
 {'name': 'Retball', 'presence': 1, 'type': 'Paladin'}
 {'name': 'Yeviel', 'presence': 1, 'type': 'Paladin'}
 {'name': 'Superfan', 'presence': 1, 'type': 'Shaman'}
 {'name': 'Grets', 'presence': 1, 'type': 'Warlock'}
 {'name': 'Gigasaga', 'presence': 1, 'type': 'DemonHunter'}
 {'name': 'Roamonk', 'presence': 1, 'type': 'Monk'}
 {'name': 'Yolt', 'presence': 1, 'type': 'Hunter'}
 {'name': 'Bufflesbian', 'presence': 1, 'type': 'Shaman'}
 {'name': 'Larssonuid', 'presence': 1, 'type': 'Druid'}
 {'name': 'Axonea', 'presence': 1, 'type': 'Shaman'}
 {'name': 'Noroku', 'presence': 1, 'type': 'Druid'}
 {'name': 'Larssonock', 'presence': 1, 'type': 'Warlock'}
 {'name': 'Gummy', 'presence': 1, 'type': 'Druid'}
 {'name': 'Wackya', 'presence': 1, 'type': 'Warrior'}
 {'name': 'Dancebear', 'presence': 1, 'type': 'Druid'}
 {'name': 'Mixtus', 'presence': 1, 'type': 'Warlock'}
 {'name': 'Bami', 'presence': 1, 'type': 'Mage'}
 {'name': 'Elood', 'presence': 1, 'type': 'Hunter'}
 {'name': 'Crypted', 'presence': 1, 'type': 'Priest'}
 {'name': 'Wahners', 'presence': 1, 'type': 'Rogue'}
 {'name': 'Alzaria', 'presence': 1, 'type': 'Priest'}
 {'name': 'Bashin', 'presence': 1, 'type': 'Warrior'}
 {'name': 'Hobbyalkis', 'presence': 1, 'type': 'Rogue'}
 {'name': 'Roadruid', 'presence': 1, 'type': 'Druid'}
 {'name': 'Eluude', 'presence': 1, 'type': 'Mage'}
 {'name': 'Sophiemae', 'presence': 1, 'type': 'Priest'}
 {'name': 'Tichonus', 'presence': 1, 'type': 'Monk'}
 {'name': 'Zelestreo', 'presence': 1, 'type': 'Shaman'}]",wcl,2026-04-13T06:54:37.403311+00:00,/Volumes/04_sdp/warcraftlogs/landing/raid_attendance/20260413T065437Z_p18.jsonl
DByFPr3tAxWb28ck,1617042411862,"{'id': 26, 'name': 'Castle Nathria'}","[{'name': 'Leanus', 'presence': 1, 'type': 'Druid'}
 {'name': 'Retball', 'presence': 1, 'type': 'Paladin'}
 {'name': 'Yeviel', 'presence': 1, 'type': 'Paladin'}
 {'name': 'Superfan', 'presence': 1, 'type': 'Shaman'}
 {'name': 'Momobami', 'presence': 1, 'type': 'Priest'}
 {'name': 'Grets', 'presence': 1, 'type': 'Warlock'}
 {'name': 'Gigasaga', 'presence': 1, 'type': 'DemonHunter'}
 {'name': 'Yolt', 'presence': 1, 'type': 'Hunter'}
 {'name': 'Larssonuid', 'presence': 1, 'type': 'Druid'}
 {'name': 'Axonea', 'presence': 1, 'type': 'Shaman'}
 {'name': 'Noroku', 'presence': 1, 'type': 'Druid'}
 {'name': 'Dancebear', 'presence': 1, 'type': 'Druid'}
 {'name': 'Mixtus', 'presence': 1, 'type': 'Warlock'}
 {'name': 'Bami', 'presence': 1, 'type': 'Mage'}
 {'name': 'Crypted', 'presence': 1, 'type': 'Priest'}
 {'name': 'Wahners', 'presence': 1, 'type': 'Rogue'}
 {'name': 'Alzaria', 'presence': 1, 'type': 'Priest'}
 {'name': 'Bashin', 'presence': 1, 'type': 'Warrior'}
 {'name': 'Hobbyalkis', 'presence': 1, 'type': 'Rogue'}
 {'name': 'Roadruid', 'presence': 1, 'type': 'Druid'}
 {'name': 'Eluude', 'presence': 1, 'type': 'Mage'}
 {'name': 'Zelestreo', 'presence': 1, 'type': 'Shaman'}]",wcl,2026-04-13T06:54:37.403311+00:00,/Volumes/04_sdp/warcraftlogs/landing/raid_attendance/20260413T065437Z_p18.jsonl
jhCYADc9HJKqf3mN,1616955319221,"{'id': 26, 'name': 'Castle Nathria'}","[{'name': 'Momobami', 'presence': 1, 'type': 'Priest'}
 {'name': 'Roamonk', 'presence': 1, 'type': 'Monk'}
 {'name': 'Roapriest', 'presence': 1, 'type': 'Priest'}
 {'name': 'Weakauras', 'presence': 1, 'type': 'Warlock'}
 {'name': 'Emss', 'presence': 1, 'type': 'Druid'}
 {'name': 'Noroku', 'presence': 1, 'type': 'Druid'}
 {'name': 'Larssonock', 'presence': 1, 'type': 'Warlock'}
 {'name': 'Yevie', 'presence': 1, 'type': 'Priest'}
 {'name': 'Dancebear', 'presence': 1, 'type': 'Druid'}
 {'name': 'Mixtus', 'presence': 1, 'type': 'Warlock'}
 {'name': 'Coodyy', 'presence': 1, 'type': 'Warlock'}
 {'name': 'Eloodh', 'presence': 1, 'type': 'DemonHunter'}
 {'name': 'Betonkakokos', 'presence': 1, 'type': 'Druid'}
 {'name': 'Zethrock', 'presence': 1, 'type': 'Warlock'}
 {'name': 'Epitome', 'presence': 1, 'type': 'Paladin'}
 {'name': 'Alienso', 'presence': 1, 'type': 'Mage'}
 {'name': 'Haniêl', 'presence': 1, 'type': 'Druid'}
 {'name': 'Fibres', 'presence': 1, 'type': 'Mage'}
 {'name': 'Rosslock', 'presence': 1, 'type': 'Warlock'}
 {'name': 'Trapszo', 'presence': 1, 'type': 'Warrior'}
 {'name': 'Selenn', 'presence': 1, 'type': 'Hunter'}
 {'name': 'Adsham', 'presence': 1, 'type': 'Shaman'}
 {'name': 'Malkarion', 'presence': 1, 'type': 'Hunter'}
 {'name': 'Fogstar', 'presence': 1, 'type': 'Hunter'}
 {'name': 'Slimster', 'presence': 1, 'type': 'Monk'}
 {'name': 'Pará', 'presence': 1, 'type': 'Paladin'}]",wcl,2026-04-13T06:54:37.403311+00:00,/Volumes/04_sdp/warcraftlogs/landing/raid_attendance/20260413T065437Z_p18.jsonl
mbd4LZGNHwVzX6Ta,1616631149286,"{'id': 26, 'name': 'Castle Nathria'}","[{'name': 'Retball', 'presence': 1, 'type': 'Paladin'}
 {'name': 'Momobami', 'presence': 1, 'type': 'Priest'}
 {'name': 'Gigasaga', 'presence': 1, 'type': 'DemonHunter'}
 {'name': 'Rainasu', 'presence': 1, 'type': 'DemonHunter'}
 {'name': 'Bami', 'presence': 1, 'type': 'Mage'}
 {'name': 'Crypted', 'presence': 1, 'type': 'Priest'}
 {'name': 'Roadruid', 'presence': 1, 'type': 'Druid'}
 {'name': 'Hugrus', 'presence': 1, 'type': 'Shaman'}
 {'name': 'Hakketkål', 'presence': 1, 'type': 'Shaman'}
 {'name': 'Alexidabstar', 'presence': 1, 'type': 'Mage'}
 {'name': 'Злопамятство', 'presence': 1, 'type': 'DemonHunter'}
 {'name': 'Shamanozza', 'presence': 1, 'type': 'Shaman'}
 {'name': 'Trixiqt', 'presence': 1, 'type': 'Rogue'}
 {'name': 'Dohk', 'presence': 1, 'type': 'DeathKnight'}
 {'name': 'Touchie', 'presence': 1, 'type': 'Shaman'}
 {'name': 'Babanerd', 'presence': 1, 'type': 'Warrior'}
 {'name': 'Würschtli', 'presence': 1, 'type': 'Paladin'}
 {'name': 'Losttauron', 'presence': 1, 'type': 'Shaman'}
 {'name': 'Rwbyrose', 'presence': 1, 'type': 'Rogue'}
 {'name': 'Topwarrior', 'presence': 1, 'type': 'Warrior'}
 {'name': 'Papaja', 'presence': 1, 'type': 'Mage'}
 {'name': 'Wrucebillis', 'presence': 1, 'type': 'Shaman'}
 {'name': 'Жуткаякорова', 'presence': 1, 'type': 'Druid'}
 {'name': 'Benspriest', 'presence': 1, 'type': 'Priest'}
 {'name': 'Curseddrood', 'presence': 1, 'type': 'Druid'}
 {'name': 'Delfinarios', 'presence': 1, 'type': 'Mage'}
 {'name': 'Kubarmate', 'presence': 1, 'type': 'Mage'}
 {'name': 'Rinaldi', 'presence': 1, 'type': 'Priest'}
 {'name': 'Vôìd', 'presence': 1, 'type': 'Warlock'}
 {'name': 'Abfahrer', 'presence': 1, 'type': 'Warlock'}
 {'name': 'Twinxed', 'presence': 1, 'type': 'Monk'}
 {'name': 'Colyhunt', 'presence': 1, 'type': 'Priest'}
 {'name': 'Белёсая', 'presence': 1, 'type': 'Priest'}]",wcl,2026-04-13T06:54:37.403311+00:00,/Volumes/04_sdp/warcraftlogs/landing/raid_attendance/20260413T065437Z_p18.jsonl
NJMDKFdYXnmgBkqZ,1616617836525,"{'id': 26, 'name': 'Castle Nathria'}","[{'name': 'Leanus', 'presence': 1, 'type': 'Druid'}
 {'name': 'Retball', 'presence': 1, 'type': 'Paladin'}
 {'name': 'Yeviel', 'presence': 1, 'type': 'Paladin'}
 {'name': 'Superfan', 'presence': 1, 'type': 'Shaman'}
 {'name': 'Grets', 'presence': 1, 'type': 'Warlock'}
 {'name': 'Gigasaga', 'presence': 1, 'type': 'DemonHunter'}
 {'name': 'Yolt', 'presence': 1, 'type': 'Hunter'}
 {'name': 'Larssonuid', 'presence': 1, 'type': 'Druid'}
 {'name': 'Dancebear', 'presence': 1, 'type': 'Druid'}
 {'name': 'Mixtus', 'presence': 1, 'type': 'Warlock'}
 {'name': 'Bami', 'presence': 1, 'type': 'Mage'}
 {'name': 'Crypted', 'presence': 1, 'type': 'Priest'}
 {'name': 'Wahners', 'presence': 1, 'type': 'Rogue'}
 {'name': 'Alzaria', 'presence': 1, 'type': 'Priest'}
 {'name': 'Bashin', 'presence': 1, 'type': 'Warrior'}
 {'name': 'Hobbyalkis', 'presence': 1, 'type': 'Rogue'}
 {'name': 'Roadruid', 'presence': 1, 'type': 'Druid'}
 {'name': 'Eluude', 'presence': 1, 'type': 'Mage'}
 {'name': 'Sophiemae', 'presence': 1, 'type': 'Priest'}
 {'name': 'Zelestreo', 'presence': 1, 'type': 'Shaman'}]",wcl,2026-04-13T06:54:37.403311+00:00,/Volumes/04_sdp/warcraftlogs/landing/raid_attendance/20260413T065437Z_p18.jsonl
6189vtG3pHAwzgQT,1616613392110,"{'id': 26, 'name': 'Castle Nathria'}","[{'name': 'Leanus', 'presence': 1, 'type': 'Druid'}
 {'name': 'Retball', 'presence': 1, 'type': 'Paladin'}
 {'name': 'Yeviel', 'presence': 1, 'type': 'Paladin'}
 {'name': 'Superfan', 'presence': 1, 'type': 'Shaman'}
 {'name': 'Grets', 'presence': 1, 'type': 'Warlock'}
 {'name': 'Gigasaga', 'presence': 1, 'type': 'DemonHunter'}
 {'name': 'Roamonk', 'presence': 1, 'type': 'Monk'}
 {'name': 'Yolt', 'presence': 1, 'type': 'Hunter'}
 {'name': 'Bufflesbian', 'presence': 1, 'type': 'Shaman'}
 {'name': 'Larssonuid', 'presence': 1, 'type': 'Druid'}
 {'name': 'Wackya', 'presence': 1, 'type': 'Warrior'}
 {'name': 'Dancebear', 'presence': 1, 'type': 'Druid'}
 {'name': 'Mixtus', 'presence': 1, 'type': 'Warlock'}
 {'name': 'Bami', 'presence': 1, 'type': 'Mage'}
 {'name': 'Crypted', 'presence': 1, 'type': 'Priest'}
 {'name': 'Wahners', 'presence': 1, 'type': 'Rogue'}
 {'name': 'Alzaria', 'presence': 1, 'type': 'Priest'}
 {'name': 'Bashin', 'presence': 1, 'type': 'Warrior'}
 {'name': 'Hobbyalkis', 'presence': 1, 'type': 'Rogue'}
 {'name': 'Roadruid', 'presence': 1, 'type': 'Druid'}
 {'name': 'Eluude', 'presence': 1, 'type': 'Mage'}
 {'name': 'Sophiemae', 'presence': 1, 'type': 'Priest'}
 {'name': 'Zelestreo', 'presence': 1, 'type': 'Shaman'}
 {'name': 'Larssonhter', 'presence': 1, 'type': 'Hunter'}
 {'name': 'Mashin', 'presence': 1, 'type': 'Druid'}]",wcl,2026-04-13T06:54:37.403311+00:00,/Volumes/04_sdp/warcraftlogs/landing/raid_attendance/20260413T065437Z_p18.jsonl
3qRkhHJ6LgXnfDBC,1616612771119,"{'id': 26, 'name': 'Castle Nathria'}","[{'name': 'Leanus', 'presence': 1, 'type': 'Druid'}
 {'name': 'Yeviel', 'presence': 1, 'type': 'Paladin'}
 {'name': 'Superfan', 'presence': 1, 'type': 'Shaman'}
 {'name': 'Grets', 'presence': 1, 'type': 'Warlock'}
 {'name': 'Gigasaga', 'presence': 1, 'type': 'DemonHunter'}
 {'name': 'Yolt', 'presence': 1, 'type': 'Hunter'}
 {'name': 'Bufflesbian', 'presence': 1, 'type': 'Shaman'}
 {'name': 'Larssonuid', 'presence': 1, 'type': 'Druid'}
 {'name': 'Wackya', 'presence': 1, 'type': 'Warrior'}
 {'name': 'Dancebear', 'presence': 1, 'type': 'Druid'}
 {'name': 'Mixtus', 'presence': 1, 'type': 'Warlock'}
 {'name': 'Bami', 'presence': 1, 'type': 'Mage'}
 {'name': 'Crypted', 'presence': 1, 'type': 'Priest'}
 {'name': 'Wahners', 'presence': 1, 'type': 'Rogue'}
 {'name': 'Alzaria', 'presence': 1, 'type': 'Priest'}
 {'name': 'Hobbyalkis', 'presence': 1, 'type': 'Rogue'}
 {'name': 'Roadruid', 'presence': 1, 'type': 'Druid'}
 {'name': 'Eluude', 'presence': 1, 'type': 'Mage'}
 {'name': 'Zelestreo', 'presence': 1, 'type': 'Shaman'}
 {'name': 'Mashin', 'presence': 1, 'type': 'Druid'}]",wcl,2026-04-13T06:54:37.403311+00:00,/Volumes/04_sdp/warcraftlogs/landing/raid_attendance/20260413T065437Z_p18.jsonl
f8rpxmLCQP1ZDnYy,1616355474655,"{'id': 26, 'name': 'Castle Nathria'}","[{'name': 'Yeviel', 'presence': 1, 'type': 'Paladin'}
 {'name': 'Gigasaga', 'presence': 1, 'type': 'DemonHunter'}
 {'name': 'Roapriest', 'presence': 1, 'type': 'Priest'}
 {'name': 'Weakauras', 'presence': 1, 'type': 'Warlock'}
 {'name': 'Larssonock', 'presence': 1, 'type': 'Warlock'}
 {'name': 'Roalock', 'presence': 1, 'type': 'Warlock'}
 {'name': 'Wackya', 'presence': 1, 'type': 'Warrior'}
 {'name': 'Eloodh', 'presence': 1, 'type': 'DemonHunter'}
 {'name': 'Alzaria', 'presence': 1, 'type': 'Priest'}
 {'name': 'Maxzor', 'presence': 1, 'type': 'Hunter'}
 {'name': 'Fibres', 'presence': 1, 'type': 'Mage'}
 {'name': 'Jumanji', 'presence': 1, 'type': 'Druid'}
 {'name': 'Craazyowl', 'presence': 1, 'type': 'Druid'}
 {'name': 'Pangbruden', 'presence': 1, 'type': 'Hunter'}
 {'name': 'Сакросанктус', 'presence': 1, 'type': 'Mage'}
 {'name': 'Toomanyloas', 'presence': 1, 'type': 'Shaman'}
 {'name': 'Jodz', 'presence': 1, 'type': 'Hunter'}
 {'name': 'Fatbóy', 'presence': 1, 'type': 'Druid'}
 {'name': 'Dion', 'presence': 1, 'type': 'Hunter'}
 {'name': 'Dùn', 'presence': 1, 'type': 'Paladin'}
 {'name': 'Twitteruser', 'presence': 1, 'type': 'Paladin'}
 {'name': 'Проницатель', 'presence': 1, 'type': 'DeathKnight'}
 {'name': 'Cijo', 'presence': 1, 'type': 'Druid'}
 {'name': 'Okna', 'presence': 1, 'type': 'DemonHunter'}
 {'name': 'Sanziós', 'presence': 1, 'type': 'Mage'}
 {'name': 'Inthesink', 'presence': 1, 'type': 'Shaman'}
 {'name': 'Cernos', 'presence': 1, 'type': 'Druid'}
 {'name': 'Vivdrd', 'presence': 1, 'type': 'Druid'}
 {'name': 'Spatzz', 'presence': 1, 'type': 'Hunter'}
 {'name': 'Kipcak', 'presence': 1, 'type': 'Shaman'}]",wcl,2026-04-13T06:54:37.403311+00:00,/Volumes/04_sdp/warcraftlogs/landing/raid_attendance/20260413T065437Z_p18.jsonl
