player_name,player_class,total_deaths,kills_tracked,deaths_per_kill,most_common_killing_blow,most_common_killing_blow_count,zones_died_in,last_death_timestamp_ms
Enjxi,DeathKnight,204,1,204.0,Reckless Impact,38,"[""Nerub-ar Palace""]",8291460
Olegrip,DeathKnight,36,1,36.0,Oblivion,14,"[""Manaforge Omega""]",6177582
Amzbot,DeathKnight,32,0,32.0,Venom Nova,3,"[""Nerub-ar Palace""]",7407775
Lyonarise,Warrior,27,1,27.0,Null Binding,5,"[""Manaforge Omega""]",5909661
Delvur,Paladin,77,5,15.4,Canister Detonation,16,"[""Liberation of Undermine"",""Manaforge Omega""]",5260332
Benspala,Paladin,30,2,15.0,Canister Detonation,4,"[""Nerub-ar Palace"",""Liberation of Undermine""]",5260516
Milpojizzu,DeathKnight,26,2,13.0,Stars Collide,6,"[""Manaforge Omega""]",5879025
Overated,Paladin,13,0,13.0,Oblivion,7,"[""Manaforge Omega""]",6193403
Pirogochek,Monk,11,0,11.0,Canister Detonation,3,"[""Liberation of Undermine""]",3789304
Miaomiao,Monk,11,1,11.0,Oblivion,5,"[""Manaforge Omega""]",5309698
Markerr,Druid,10,0,10.0,Zagging Zizzler,5,"[""Liberation of Undermine""]",3799934
Flaylock,Warlock,10,0,10.0,Paralyzing Waves,3,"[""Nerub-ar Palace""]",3401299
Anastherion,Mage,10,0,10.0,Canister Detonation,5,"[""Liberation of Undermine""]",3809317
Olesmash,Warrior,10,0,10.0,Devour,2,"[""Manaforge Omega""]",4102706
Tunaicecrëam,Warlock,18,2,9.0,Stars Collide,4,"[""Manaforge Omega""]",3824559
Deloop,Shaman,18,2,9.0,Stars Collide,6,"[""Manaforge Omega""]",4222481
Rosswl,Warlock,9,0,9.0,Shadowgate,5,"[""Nerub-ar Palace""]",4406053
Deadrasta,DeathKnight,9,0,9.0,Canister Detonation,2,"[""Liberation of Undermine""]",3549626
Swoltide,Shaman,15,2,7.5,Firewall,3,"[""Blackrock Depths""]",5131473
Borpaspin,Shaman,49,7,7.0,Reactive Froth,6,"[""Nerub-ar Palace""]",7021425
Królu,Warlock,14,2,7.0,Dying Flare,3,"[""Blackrock Depths""]",5334406
Holizer,Paladin,14,2,7.0,Blaze,3,"[""Blackrock Depths""]",5335966
Ethernallol,Druid,7,0,7.0,Venomous Rain,2,"[""Nerub-ar Palace""]",5807803
Legpress,Warrior,7,0,7.0,Big Bad Buncha Bombs,2,"[""Liberation of Undermine""]",2910511
Floorpovjaz,DemonHunter,7,0,7.0,Canister Detonation,4,"[""Liberation of Undermine""]",2910354
Sasuqt,Shaman,7,1,7.0,Venom Nova,2,"[""Nerub-ar Palace""]",7697676
Oyder,Mage,307,45,6.82,Tyranny,30,"[""Manaforge Omega""]",24950887
Lisicata,Druid,13,2,6.5,Scatterblast Canisters,5,"[""Liberation of Undermine""]",8553449
Gnearning,Mage,13,2,6.5,Oblivion,5,"[""Manaforge Omega""]",3439462
Thehóff,Warrior,6,0,6.0,Poison Bolt,3,"[""Nerub-ar Palace""]",5805297
Ciapanqulo,DemonHunter,6,0,6.0,Melee,4,"[""Nerub-ar Palace""]",5794055
Завармаг,Mage,6,0,6.0,Reckless Impact,3,"[""Nerub-ar Palace""]",5777566
Slotmachine,DeathKnight,6,0,6.0,Poison Bolt,5,"[""Nerub-ar Palace""]",5799065
Kronkfar,Warrior,6,0,6.0,Reckless Impact,3,"[""Nerub-ar Palace""]",5784629
Holyflames,Priest,6,0,6.0,Canister Detonation,3,"[""Liberation of Undermine""]",2882936
Wannerdk,DeathKnight,68,12,5.67,Poison Burst,15,"[""Nerub-ar Palace""]",21281113
Loknahar,Shaman,326,64,5.09,Reckless Impact,24,"[""Liberation of Undermine"",""Nerub-ar Palace""]",21320218
Chikenplain,Shaman,10,2,5.0,Oblivion,3,"[""Manaforge Omega""]",4146367
Snich,Warrior,5,0,5.0,Reckless Impact,3,"[""Nerub-ar Palace""]",5640966
Witheredrosê,DeathKnight,5,0,5.0,Venomous Rain,3,"[""Nerub-ar Palace""]",5644087
Пигтрип,DeathKnight,5,0,5.0,Venomous Rain,3,"[""Nerub-ar Palace""]",5652666
Раннару,Paladin,5,0,5.0,Venomous Rain,2,"[""Nerub-ar Palace""]",5658530
Robmaster,Warrior,5,0,5.0,Acrid Presence,2,"[""Nerub-ar Palace""]",7695712
Альшанди,Druid,5,0,5.0,Reckless Impact,4,"[""Nerub-ar Palace""]",5640964
Talík,Rogue,5,0,5.0,Burrowed Eruption,2,"[""Nerub-ar Palace""]",5643079
Glizzyrider,Monk,34,7,4.86,Double-Minded Fury,4,"[""Liberation of Undermine""]",6208813
Tmi,Warlock,379,79,4.8,Oblivion,61,"[""Manaforge Omega""]",24950889
Enjiedk,DeathKnight,316,68,4.65,Oblivion,31,"[""Manaforge Omega"",""Liberation of Undermine""]",24950623
Piyan,Monk,204,45,4.53,Astral Surge,17,"[""Manaforge Omega""]",11063372
Karllia,Hunter,263,60,4.38,Oblivion,46,"[""Manaforge Omega""]",25131936
Disorders,Warlock,399,99,4.03,Oblivion,48,"[""Manaforge Omega""]",14830097
Katchi,Monk,16,4,4.0,Oblivion,4,"[""Manaforge Omega""]",3810600
Ithassa,Priest,4,0,4.0,Venomous Rain,1,"[""Nerub-ar Palace""]",1230111
Btrmage,Mage,4,0,4.0,Impaled,1,"[""Nerub-ar Palace""]",1229495
Kaelinor,Mage,4,0,4.0,Venomous Rain,3,"[""Nerub-ar Palace""]",1229494
Mätsu,DemonHunter,4,0,4.0,Venomous Rain,2,"[""Nerub-ar Palace""]",1222776
Krigarenandy,Warrior,4,0,4.0,Venomous Rain,2,"[""Nerub-ar Palace""]",1233511
Скорпих,Mage,4,0,4.0,Reckless Impact,2,"[""Nerub-ar Palace""]",5263061
Stunlock,Rogue,4,0,4.0,Venomous Rain,3,"[""Nerub-ar Palace""]",4164006
Methlocke,Warlock,4,0,4.0,Reaction Vapor,2,"[""Nerub-ar Palace""]",7701725
Gétafíx,Shaman,4,0,4.0,Reckless Impact,3,"[""Nerub-ar Palace""]",1222628
Kròpta,Shaman,4,1,4.0,Big Bad Buncha Bombs,2,"[""Liberation of Undermine""]",4063341
Hinvis,Warlock,4,0,4.0,Reckless Impact,2,"[""Nerub-ar Palace""]",1222773
Hölïtä,Hunter,4,0,4.0,Venomous Rain,2,"[""Nerub-ar Palace""]",5263321
Ilovelatinas,Mage,4,0,4.0,Web Bomb,2,"[""Nerub-ar Palace""]",1227747
Aelio,Shaman,4,0,4.0,Binding Webs,1,"[""Nerub-ar Palace""]",1242169
Akina,Monk,4,0,4.0,Reckless Impact,2,"[""Nerub-ar Palace""]",1222775
Stråkon,Paladin,4,0,4.0,Reckless Impact,3,"[""Nerub-ar Palace""]",1222625
Paambnocilla,DemonHunter,4,0,4.0,Poison Bolt,2,"[""Nerub-ar Palace""]",1222774
Hikura,Priest,4,0,4.0,Reckless Impact,2,"[""Nerub-ar Palace""]",1229493
Sillvermoon,Paladin,4,0,4.0,Reckless Impact,3,"[""Nerub-ar Palace""]",5270339
Каринка,Shaman,4,0,4.0,Sapper's Satchel,1,"[""Liberation of Undermine""]",3802774
Chormar,Shaman,4,0,4.0,Melee,1,"[""Nerub-ar Palace""]",1229492
Kurathikai,Warrior,4,0,4.0,Venomous Rain,1,"[""Nerub-ar Palace""]",1222626
James,Evoker,4,0,4.0,Venom Nova,3,"[""Nerub-ar Palace""]",7697557
Djungelskog,Warlock,4,1,4.0,Firewall,1,"[""Blackrock Depths""]",1957430
Fíeldmedíc,Shaman,4,0,4.0,Canister Detonation,2,"[""Liberation of Undermine""]",2634281
Koriekin,Druid,203,52,3.9,Double-Minded Fury,17,"[""Liberation of Undermine""]",7873838
Garsias,Shaman,525,141,3.72,Oblivion,55,"[""Manaforge Omega"",""VS / DR / MQD""]",25130919
Svenoz,Hunter,11,3,3.67,Searing Sparks,2,"[""Amirdrassil, the Dream's Hope""]",5477890
Krepowl,Druid,11,3,3.67,Melee,2,"[""Liberation of Undermine""]",9172128
Spêctrum,Warlock,11,3,3.67,Thundering Impact,2,"[""Amirdrassil, the Dream's Hope""]",5527960
Yearninghunt,Hunter,18,5,3.6,Melee,5,"[""Blackrock Depths""]",7367491
Ashyminge,Mage,1054,297,3.55,Oblivion,45,"[""Liberation of Undermine"",""Blackrock Depths"",""Nerub-ar Palace"",""Manaforge Omega""]",25130425
Stwrithe,Warlock,63,18,3.5,Pay-Line,13,"[""Liberation of Undermine""]",7835206
Màze,DemonHunter,7,2,3.5,Null Binding,1,"[""Manaforge Omega""]",3904003
Wolfdk,DeathKnight,7,2,3.5,Oblivion,2,"[""Manaforge Omega""]",4121079
Kalimoon,Mage,10,3,3.33,Searing Sparks,2,"[""Amirdrassil, the Dream's Hope""]",5518742
Mægisk,Rogue,1101,358,3.08,Oblivion,64,"[""Vault of the Incarnates"",""Manaforge Omega"",""Liberation of Undermine"",""Blackrock Depths"",""Nerub-ar Palace"",""Aberrus, the Shadowed Crucible"",""Amirdrassil, the Dream's Hope""]",25132081
Cherven,DeathKnight,342,112,3.05,Cosmic Radiation,39,"[""Liberation of Undermine"",""Nerub-ar Palace"",""Manaforge Omega"",""Blackrock Depths""]",24953602
Cutefist,Monk,292,96,3.04,Polarized Catastro-Blast,21,"[""Liberation of Undermine"",""Blackrock Depths""]",11273720
Larssonoker,Evoker,413,137,3.01,Reckless Impact,41,"[""Nerub-ar Palace"",""Liberation of Undermine"",""Vault of the Incarnates"",""Aberrus, the Shadowed Crucible""]",21475596
Üff,Hunter,9,3,3.0,Thundering Impact,2,"[""Amirdrassil, the Dream's Hope""]",5512381
Frostfury,Mage,3,0,3.0,Reckless Impact,3,"[""Nerub-ar Palace""]",1027910
Hygieia,Druid,3,0,3.0,Shock Barrage,1,"[""Liberation of Undermine""]",6916617
Elpudde,Shaman,3,1,3.0,Crystalline Shockwave,2,"[""Manaforge Omega""]",4797031
Morged,Druid,3,1,3.0,Scatterblast Canisters,1,"[""Liberation of Undermine""]",6508082
Frexa,Druid,3,0,3.0,Reckless Impact,3,"[""Nerub-ar Palace""]",5777554
Pewpewexi,Hunter,3,0,3.0,Reckless Impact,3,"[""Nerub-ar Palace""]",4131107
Thechosenice,DeathKnight,3,0,3.0,Piercing Strike,2,"[""Nerub-ar Palace""]",4148523
Blinkmyballs,Mage,3,0,3.0,Reckless Impact,2,"[""Nerub-ar Palace""]",4165943
Manthaa,Priest,3,0,3.0,Burrowed Eruption,1,"[""Nerub-ar Palace""]",4162298
Dractürgriff,Evoker,3,0,3.0,Reckless Impact,3,"[""Nerub-ar Palace""]",4131106
Extaâ,Mage,3,0,3.0,Reckless Impact,1,"[""Nerub-ar Palace""]",5777566
Dxdydz,Shaman,3,1,3.0,Enraged Tantrum,2,"[""Manaforge Omega""]",4797032
Stronk,Warlock,3,0,3.0,Reckless Charge,1,"[""Nerub-ar Palace""]",4131104
Sapspyro,Evoker,3,0,3.0,Venomous Rain,3,"[""Nerub-ar Palace""]",4153839
Metheda,Hunter,3,0,3.0,Seal the Forge,1,"[""Manaforge Omega""]",5787108
Bigbeartank,Druid,159,54,2.94,Poison Burst,23,"[""Blackrock Depths"",""Nerub-ar Palace""]",21485864
Bensbear,Druid,100,34,2.94,Polarized Catastro-Blast,20,"[""Liberation of Undermine""]",10745002
Kalshiro,Druid,20,7,2.86,Lair Weaving,2,"[""Manaforge Omega""]",7843666
Rizzleton,Shaman,389,137,2.84,Polarized Catastro-Blast,28,"[""Liberation of Undermine"",""Nerub-ar Palace""]",11364112
Jumzo,Paladin,887,319,2.78,Oblivion,62,"[""Blackrock Depths"",""Nerub-ar Palace"",""Manaforge Omega"",""Liberation of Undermine"",""VS / DR / MQD""]",25131288
Belcarra,Rogue,25,9,2.78,Blaze,4,"[""Nerub-ar Palace"",""Blackrock Depths""]",8935728
Benshammy,Shaman,25,9,2.78,Reactive Froth,4,"[""Nerub-ar Palace"",""Liberation of Undermine""]",9170926
Eppatdh,DemonHunter,11,4,2.75,Violent Eruption,2,"[""Aberrus, the Shadowed Crucible""]",5460947
Nazrelina,Warrior,8,3,2.67,Liquefy,2,"[""Nerub-ar Palace""]",7698732
Lazlow,Warlock,8,3,2.67,Acrid Presence,1,"[""Nerub-ar Palace""]",7703633
Explorer,Paladin,758,285,2.66,Melee,57,"[""Liberation of Undermine"",""Blackrock Depths"",""Nerub-ar Palace""]",21485070
Aideen,Warlock,207,81,2.56,Reckless Impact,27,"[""Nerub-ar Palace""]",20026740
Budgetgoku,Paladin,433,172,2.52,Melee,75,"[""Nerub-ar Palace"",""Liberation of Undermine"",""VS / DR / MQD"",""Manaforge Omega""]",11382251
Yearning,Monk,1025,414,2.48,Oblivion,43,"[""Amirdrassil, the Dream's Hope"",""Manaforge Omega"",""Aberrus, the Shadowed Crucible"",""Nerub-ar Palace"",""Vault of the Incarnates"",""Liberation of Undermine"",""VS / DR / MQD""]",25132033
Temitiri,Shaman,915,374,2.45,Reckless Impact,54,"[""Nerub-ar Palace"",""Liberation of Undermine"",""Vault of the Incarnates"",""Manaforge Omega"",""Amirdrassil, the Dream's Hope"",""Aberrus, the Shadowed Crucible""]",24945938
Enjiie,DemonHunter,366,152,2.41,Discarded Doomsplosive,23,"[""Liberation of Undermine"",""Nerub-ar Palace""]",11180985
Wanchan,Mage,767,322,2.38,Melee,42,"[""Liberation of Undermine"",""Nerub-ar Palace"",""Vault of the Incarnates""]",19500467
Cogsy,Hunter,184,79,2.33,Astral Surge,22,"[""Manaforge Omega""]",15215283
Pattern,Warlock,169,73,2.32,Double-Minded Fury,18,"[""Liberation of Undermine"",""Manaforge Omega"",""Nerub-ar Palace""]",9363899
Yearnvoker,Evoker,185,83,2.23,Astral Surge,22,"[""Manaforge Omega""]",15315254
Willowwisp,Druid,414,189,2.19,Unstable Cluster Bomb,22,"[""Nerub-ar Palace"",""Liberation of Undermine""]",19516189
Evereld,Priest,394,180,2.19,Cosmic Radiation,39,"[""Liberation of Undermine"",""Manaforge Omega""]",24955454
Ney,Priest,13,6,2.17,Crystalline Shockwave,2,"[""Manaforge Omega""]",8913439
Sebaheoung,Warlock,462,223,2.07,Oblivion,46,"[""Manaforge Omega"",""Liberation of Undermine"",""Nerub-ar Palace"",""Vault of the Incarnates"",""VS / DR / MQD""]",24950713
Pouflepalouf,Paladin,6,3,2.0,Acrid Presence,2,"[""Nerub-ar Palace""]",7381535
Hreidamar,Rogue,4,2,2.0,Zagging Zizzler,2,"[""Liberation of Undermine""]",4050443
Hatewatching,Monk,4,2,2.0,Blastburn Roarcannon,2,"[""Liberation of Undermine""]",8973770
Chardadot,Druid,2,1,2.0,Oblivion,1,"[""Manaforge Omega""]",441884
Ilealie,Priest,2,0,2.0,Self-Destruct,1,"[""Manaforge Omega""]",5837178
Danoox,DemonHunter,2,0,2.0,Self-Destruct,1,"[""Manaforge Omega""]",5837177
Qiceti,Hunter,2,1,2.0,Crystalline Shockwave,2,"[""Manaforge Omega""]",4737575
Màssàcro,Paladin,2,0,2.0,Binding Webs,1,"[""Nerub-ar Palace""]",601367
Vécseykarcsi,DeathKnight,2,0,2.0,Melee,1,"[""Manaforge Omega""]",5844196
Izlandhil,Paladin,2,0,2.0,Melee,1,"[""Manaforge Omega""]",5853054
Jage,Mage,2,0,2.0,Self-Destruct,1,"[""Manaforge Omega""]",5837170
Karlosmmh,Shaman,2,0,2.0,Venomous Rain,1,"[""Nerub-ar Palace""]",5640962
Endonaen,Druid,2,0,2.0,Tyranny,1,"[""Manaforge Omega""]",5835727
Shoopzz,Shaman,2,0,2.0,Web Bomb,1,"[""Nerub-ar Palace""]",1222628
Loccalo,Warlock,2,0,2.0,Reap,1,"[""Manaforge Omega""]",5837172
Поджечь,Warlock,2,0,2.0,Vanquish,1,"[""Manaforge Omega""]",5721116
Narathon,Evoker,2,1,2.0,Tyranny,1,"[""Manaforge Omega""]",5837165
Lilleso,DemonHunter,2,0,2.0,Self-Destruct,1,"[""Manaforge Omega""]",5837173
Катушка,Warrior,2,0,2.0,Melee,1,"[""Manaforge Omega""]",5840586
Delivery,Shaman,2,1,2.0,Massive Smash,1,"[""Manaforge Omega""]",441172
Ventrus,Rogue,2,0,2.0,Vanquish,1,"[""Manaforge Omega""]",5684651
Deea,Paladin,2,0,2.0,Vanquish,1,"[""Manaforge Omega""]",5636183
Turbohot,Hunter,1313,661,1.99,Oblivion,54,"[""Vault of the Incarnates"",""Liberation of Undermine"",""Nerub-ar Palace"",""Manaforge Omega"",""Aberrus, the Shadowed Crucible"",""Amirdrassil, the Dream's Hope"",""VS / DR / MQD""]",25131241
Axonea,Shaman,425,216,1.97,Reckless Impact,39,"[""Liberation of Undermine"",""Nerub-ar Palace""]",21217011
Rivey,Monk,126,64,1.97,Oblivion,19,"[""Manaforge Omega"",""VS / DR / MQD""]",24950615
Magicwingers,Evoker,1379,722,1.91,Oblivion,71,"[""Blackrock Depths"",""Aberrus, the Shadowed Crucible"",""Manaforge Omega"",""Vault of the Incarnates"",""Amirdrassil, the Dream's Hope"",""Nerub-ar Palace"",""Liberation of Undermine""]",25132932
Reminiscence,DeathKnight,44,23,1.91,Poison Burst,11,"[""Nerub-ar Palace""]",9197182
Brickyd,Warrior,147,78,1.88,Melee,16,"[""Nerub-ar Palace"",""Manaforge Omega"",""Liberation of Undermine""]",15215281
Jabs,Monk,15,8,1.88,Melee,3,"[""Blackrock Depths""]",10040270
Panster,Shaman,13,7,1.86,Acrid Presence,2,"[""Nerub-ar Palace""]",7699728
Mêoow,Druid,138,76,1.82,Astral Surge,26,"[""Manaforge Omega"",""Liberation of Undermine""]",15311575
Blessedpee,Paladin,9,5,1.8,Melee,3,"[""Manaforge Omega""]",8548251
Bpd,Warlock,218,122,1.79,Discarded Doomsplosive,17,"[""VS / DR / MQD"",""Liberation of Undermine""]",11363429
Waka,Shaman,25,14,1.79,Blaze,7,"[""Blackrock Depths"",""Liberation of Undermine""]",9153294
Feilfarga,Hunter,14,8,1.75,Cataclysmic Entropy,2,"[""Nerub-ar Palace""]",5756101
Eleftheria,Priest,7,4,1.75,Acidic Stupor,1,"[""Nerub-ar Palace""]",9635738
Lòómy,Shaman,7,4,1.75,Scatterblast Canisters,3,"[""Liberation of Undermine""]",6758449
Medoyssa,DemonHunter,12,7,1.71,Reaction Vapor,2,"[""Nerub-ar Palace""]",7697759
Daydreaming,Warrior,114,67,1.7,Lair Weaving,10,"[""Manaforge Omega""]",15235262
Neyaara,Paladin,759,450,1.69,Oblivion,55,"[""Amirdrassil, the Dream's Hope"",""Blackrock Depths"",""Manaforge Omega"",""Aberrus, the Shadowed Crucible"",""Liberation of Undermine"",""Nerub-ar Palace"",""Vault of the Incarnates""]",20043599
Jonyboy,Warrior,49,29,1.69,Astral Surge,5,"[""Liberation of Undermine"",""Manaforge Omega""]",6699475
Televisions,Priest,1177,702,1.68,Oblivion,51,"[""Vault of the Incarnates"",""Blackrock Depths"",""Nerub-ar Palace"",""Manaforge Omega"",""Liberation of Undermine""]",24950822
Jadsrune,DeathKnight,77,46,1.67,Melee,19,"[""Manaforge Omega"",""VS / DR / MQD""]",10847671
Typ,Warrior,50,30,1.67,Melee,4,"[""VS / DR / MQD""]",11124238
Chubbyweaver,Monk,5,3,1.67,Shakedown,1,"[""Liberation of Undermine""]",9644434
Yellowbb,Paladin,13,8,1.63,Volatile Concoction,2,"[""Nerub-ar Palace""]",8927593
Lenus,DemonHunter,1316,813,1.62,Melee,191,"[""Liberation of Undermine"",""Amirdrassil, the Dream's Hope"",""VS / DR / MQD"",""Nerub-ar Palace"",""Vault of the Incarnates"",""Manaforge Omega"",""Aberrus, the Shadowed Crucible"",""Blackrock Depths""]",24950621
Iustitiæ,Warrior,734,457,1.61,Melee,59,"[""Liberation of Undermine"",""Nerub-ar Palace"",""Blackrock Depths""]",21485890
Swannie,Hunter,69,43,1.6,Thunderdrum Salvo,5,"[""Liberation of Undermine""]",11546622
Netwoodle,Mage,11,7,1.57,Volatile Concoction,3,"[""Nerub-ar Palace""]",7252949
Rzoc,Priest,11,7,1.57,Hot Garbage,2,"[""Liberation of Undermine""]",9177076
Thype,Mage,11,7,1.57,March of the Endless,2,"[""VS / DR / MQD""]",10320706
Zób,Shaman,11,7,1.57,Web Blades,2,"[""Nerub-ar Palace""]",9344994
Bigboiples,Druid,1235,796,1.55,Oblivion,48,"[""VS / DR / MQD"",""Manaforge Omega"",""Nerub-ar Palace"",""Blackrock Depths"",""Liberation of Undermine"",""Vault of the Incarnates"",""Amirdrassil, the Dream's Hope"",""Aberrus, the Shadowed Crucible""]",24950820
Everrin,Evoker,68,45,1.51,Dark Upheaval,6,"[""VS / DR / MQD""]",10850545
Bensvoker,Evoker,33,22,1.5,Dark Viscera,6,"[""Amirdrassil, the Dream's Hope"",""Nerub-ar Palace""]",9184502
Temiti,Druid,18,12,1.5,Void Howl,4,"[""VS / DR / MQD""]",9837212
Desiring,Rogue,12,8,1.5,Volcanic Blast,2,"[""Blackrock Depths""]",10286012
Crustygems,Mage,12,8,1.5,Melee,2,"[""Blackrock Depths""]",10287360
Bensmage,Mage,6,4,1.5,Violent Eruption,3,"[""Aberrus, the Shadowed Crucible""]",5600725
Zørh,Priest,3,2,1.5,Uncontrolled Burn,2,"[""Liberation of Undermine""]",8326990
Моймаг,Mage,3,2,1.5,Wrest,1,"[""Nerub-ar Palace""]",6189018
Dronodos,Shaman,3,2,1.5,Blaring Drop,1,"[""Liberation of Undermine""]",1889830
Frota,Warlock,3,2,1.5,Falling,1,"[""Nerub-ar Palace""]",4343316
Анкиар,DeathKnight,3,2,1.5,Blastburn Roarcannon,1,"[""Liberation of Undermine""]",1875730
Zren,Hunter,66,45,1.47,Dark Upheaval,6,"[""VS / DR / MQD""]",10826411
Estrogel,Evoker,28,19,1.47,Dark Upheaval,4,"[""VS / DR / MQD""]",9787687
Jointsuckerr,Shaman,38,26,1.46,Reckless Impact,3,"[""VS / DR / MQD"",""Nerub-ar Palace""]",9810861
Karllia,DemonHunter,87,60,1.45,Oblivion,46,"[""Manaforge Omega"",""VS / DR / MQD""]",25131936
Midnight,Mage,79,55,1.44,Dark Upheaval,8,"[""Manaforge Omega"",""VS / DR / MQD""]",11124363
Megachomber,DeathKnight,65,45,1.44,Dark Upheaval,5,"[""VS / DR / MQD""]",10852190
Silliest,Hunter,10,7,1.43,Reckless Impact,2,"[""Nerub-ar Palace""]",7539480
Roux,Rogue,10,7,1.43,Venom Nova,5,"[""Nerub-ar Palace""]",5685670
Rightairpod,Mage,113,80,1.41,Venom Nova,9,"[""Nerub-ar Palace""]",19500460
Lunasnow,Mage,63,45,1.4,Melee,7,"[""VS / DR / MQD""]",10844947
Cake,Priest,11,8,1.38,Suppression,1,"[""Liberation of Undermine""]",9218165
Volpiná,Shaman,11,8,1.38,Molten Hand,2,"[""Blackrock Depths""]",10260274
Murazo,Warrior,12,9,1.33,Oblivion,2,"[""Manaforge Omega""]",4141798
Peeheal,Priest,8,6,1.33,Stinging Burst,1,"[""Nerub-ar Palace""]",4667395
Mordale,Druid,4,3,1.33,Blaring Drop,2,"[""Liberation of Undermine""]",2491284
Johonnyb,DemonHunter,4,3,1.33,Melee,1,"[""Liberation of Undermine""]",9222656
Nurribit,Mage,9,7,1.29,Foul Exhaust,1,"[""Liberation of Undermine""]",5839258
Monthtbud,Druid,9,7,1.29,Scatterblast Canisters,3,"[""Liberation of Undermine""]",6402484
Kusío,Rogue,9,7,1.29,Acrid Presence,2,"[""Nerub-ar Palace""]",7705650
Yearningprie,Priest,9,7,1.29,Venom Nova,3,"[""Nerub-ar Palace""]",5832674
Hening,Mage,9,7,1.29,Canister Detonation,2,"[""Liberation of Undermine""]",6832772
Hirlenn,Mage,9,7,1.29,Venom Nova,3,"[""Nerub-ar Palace""]",7696323
Ivaspear,Hunter,9,7,1.29,Frothy Toxin,2,"[""Nerub-ar Palace""]",5847596
Unrecorded,Mage,510,398,1.28,Melee,38,"[""Liberation of Undermine"",""Nerub-ar Palace"",""Aberrus, the Shadowed Crucible"",""Vault of the Incarnates"",""Amirdrassil, the Dream's Hope""]",21475600
Finxsya,Mage,10,8,1.25,Melee,1,"[""Liberation of Undermine""]",9204470
Taxisgreat,Shaman,10,8,1.25,Scatterblast Canisters,3,"[""Liberation of Undermine""]",6512708
Isfin,Mage,5,4,1.25,Fiery Wave,1,"[""Liberation of Undermine""]",3612997
Mizunó,Druid,5,4,1.25,Discarded Doomsplosive,1,"[""Liberation of Undermine""]",3578180
Tarazin,Hunter,5,4,1.25,Resonant Echoes,1,"[""Liberation of Undermine""]",3628118
Bundabandit,Rogue,117,94,1.24,Volatile Concoction,12,"[""Nerub-ar Palace""]",21312113
Nobinminge,Warrior,61,49,1.24,Acrid Presence,6,"[""Nerub-ar Palace""]",10001047
Ensyxo,Mage,56,45,1.24,Oblivion,5,"[""Liberation of Undermine"",""Manaforge Omega""]",15277262
Peesham,Shaman,18,15,1.2,Dying Flare,2,"[""Nerub-ar Palace"",""Blackrock Depths""]",10041953
Microwaves,DemonHunter,12,10,1.2,Shock Barrage,2,"[""Liberation of Undermine""]",6754949
Alontar,Paladin,6,5,1.2,Sonic Blast,2,"[""Liberation of Undermine""]",4763051
Getfresh,Warrior,106,90,1.18,Melee,13,"[""Nerub-ar Palace""]",20038803
Lazajin,Warlock,20,17,1.18,Venomous Rain,4,"[""Nerub-ar Palace""]",6941036
Badraider,Warlock,7,6,1.17,Dark Viscera,2,"[""Nerub-ar Palace""]",6135256
Fruitgum,Shaman,37,32,1.16,Blood Pact,3,"[""Nerub-ar Palace""]",10444487
Hobbyalkis,Rogue,1145,993,1.15,Melee,88,"[""VS / DR / MQD"",""Nerub-ar Palace"",""Vault of the Incarnates"",""Blackrock Depths"",""Liberation of Undermine"",""Aberrus, the Shadowed Crucible"",""Manaforge Omega"",""Amirdrassil, the Dream's Hope""]",25131933
Shinothensh,Hunter,8,7,1.14,Scatterblast Canisters,3,"[""Liberation of Undermine""]",5696902
Gnamethistle,Monk,8,7,1.14,Venom Nova,5,"[""Nerub-ar Palace""]",5832673
Faerlina,Monk,8,7,1.14,Reactive Toxin,1,"[""Nerub-ar Palace""]",5852454
Anakrai,Evoker,8,7,1.14,Shatter Existence,1,"[""Nerub-ar Palace""]",7629126
Akitype,Druid,8,7,1.14,Venom Nova,3,"[""Nerub-ar Palace""]",5834883
Descendents,Monk,8,7,1.14,Venom Nova,3,"[""Nerub-ar Palace""]",5832672
Yearnlock,Warlock,18,16,1.13,Discarded Doomsplosive,4,"[""Liberation of Undermine""]",5694224
Exodius,Druid,9,8,1.13,Melee,3,"[""Blackrock Depths""]",10025912
Evexia,Evoker,9,8,1.13,Venting Heat,1,"[""Liberation of Undermine""]",6175352
Aurýs,Druid,9,8,1.13,Scatterblast Canisters,2,"[""Liberation of Undermine""]",7030780
Pavlodik,DeathKnight,9,8,1.13,Melee,3,"[""Blackrock Depths""]",10028203
Picklty,DeathKnight,9,8,1.13,Goblin Gravi-Gun,1,"[""Liberation of Undermine""]",9844422
Bensmonk,Monk,16,15,1.07,Reaction Vapor,3,"[""Liberation of Undermine"",""Nerub-ar Palace""]",4198355
Diesofcringe,Paladin,16,15,1.07,Canister Detonation,2,"[""Liberation of Undermine""]",9204488
Wiskers,DeathKnight,27,27,1.0,Atomized,2,"[""Manaforge Omega"",""Liberation of Undermine"",""Nerub-ar Palace""]",10215473
Neutralized,Hunter,14,14,1.0,Astral Burn,3,"[""Liberation of Undermine"",""Manaforge Omega""]",8539776
Biglade,Warrior,12,12,1.0,Discarded Doomsplosive,4,"[""Liberation of Undermine""]",5152182
Huzz,Druid,8,8,1.0,Oblivion,4,"[""Manaforge Omega""]",6109453
Shmimishmimi,Druid,8,8,1.0,Goblin-guided Rocket,1,"[""Liberation of Undermine""]",6156794
Wunderwalker,Monk,8,8,1.0,Poison Bolt,2,"[""Nerub-ar Palace""]",5756237
Vesnir,Hunter,8,8,1.0,Canister Detonation,3,"[""Liberation of Undermine""]",6758448
Larssonogue,Rogue,7,7,1.0,Venom Nova,2,"[""Nerub-ar Palace""]",5836521
Janaka,Priest,7,7,1.0,Venom Nova,2,"[""Nerub-ar Palace""]",6477709
Nimilora,Priest,7,7,1.0,Scatterblast Canisters,2,"[""Liberation of Undermine""]",5698059
Methor,Priest,5,5,1.0,Gear Grinder,1,"[""Liberation of Undermine""]",4838603
Kronick,Priest,5,5,1.0,Blaring Drop,2,"[""Liberation of Undermine""]",5477426
Kaissa,Druid,5,5,1.0,Blaring Drop,2,"[""Liberation of Undermine""]",5397302
Louboutin,Paladin,4,4,1.0,Blaring Drop,1,"[""Liberation of Undermine""]",3210499
Rizzardofoz,Mage,4,4,1.0,Infested Bite,2,"[""Nerub-ar Palace""]",9347338
Lamamage,Mage,4,4,1.0,Noise Pollution,2,"[""Liberation of Undermine""]",3210473
Joys,Mage,4,4,1.0,Grand Finale,2,"[""Liberation of Undermine""]",3210498
Lêpópò,Druid,4,4,1.0,Fiery Wave,1,"[""Liberation of Undermine""]",3210497
Vonky,Druid,4,4,1.0,Grand Finale,1,"[""Liberation of Undermine""]",3434955
Cruxee,Mage,4,4,1.0,Discarded Doomsplosive,1,"[""Liberation of Undermine""]",3210495
Pipsy,Priest,3,3,1.0,Blastburn Roarcannon,1,"[""Liberation of Undermine""]",1985940
Valáron,Druid,3,3,1.0,Grand Finale,1,"[""Liberation of Undermine""]",9161418
Lioxd,Mage,3,3,1.0,Uncontrolled Burn,1,"[""Liberation of Undermine""]",9204490
Arádior,Priest,3,3,1.0,Hot Wheels,1,"[""Liberation of Undermine""]",9156432
Littlewomen,Mage,2,2,1.0,Short Fuse,1,"[""Liberation of Undermine""]",3583951
Trabellchen,Priest,2,2,1.0,Thunderdrum Salvo,1,"[""Liberation of Undermine""]",928112
Pocoyo,Monk,2,2,1.0,Blaring Drop,1,"[""Liberation of Undermine""]",1873824
Erikk,Paladin,1,1,1.0,Oblivion,1,"[""Manaforge Omega""]",412139
Absmort,Warlock,1,1,1.0,Oblivion,1,"[""Manaforge Omega""]",166907
Ozzÿ,Warlock,1,0,1.0,Tyranny,1,"[""Manaforge Omega""]",5838080
Lyricx,Druid,1,0,1.0,Self-Destruct,1,"[""Manaforge Omega""]",5837169
Frostyk,Mage,1,1,1.0,Discarded Doomsplosive,1,"[""Liberation of Undermine""]",3210468
Maldax,DemonHunter,1,1,1.0,Discarded Doomsplosive,1,"[""Liberation of Undermine""]",3210470
Anunak,Monk,1,1,1.0,Atomized,1,"[""Nerub-ar Palace""]",4905674
Павшийдк,DeathKnight,1,0,1.0,Burrowed Eruption,1,"[""Nerub-ar Palace""]",5644089
Masachi,Paladin,1,0,1.0,null,null,"[""Manaforge Omega""]",5108464
Cotubah,DemonHunter,1,1,1.0,Touch of Oblivion,1,"[""Manaforge Omega""]",297790
Totemcity,Shaman,1,1,1.0,Acrid Presence,1,"[""Nerub-ar Palace""]",3418873
Thickgirl,Shaman,1,1,1.0,Falling,1,"[""Nerub-ar Palace""]",3428257
Øldïrtybasta,Shaman,1,1,1.0,Discarded Doomsplosive,1,"[""Liberation of Undermine""]",3210472
Bladelady,Paladin,1,1,1.0,Discarded Doomsplosive,1,"[""Liberation of Undermine""]",3210468
ßestsacjk,Paladin,1,0,1.0,Reckless Impact,1,"[""Nerub-ar Palace""]",5640961
Pantosdktwo,DeathKnight,1,0,1.0,Self-Destruct,1,"[""Manaforge Omega""]",5837174
Chorus,Hunter,1,1,1.0,Oblivion,1,"[""Manaforge Omega""]",499462
Kadjo,Warrior,1,0,1.0,Self-Destruct,1,"[""Manaforge Omega""]",5837167
Waverly,Hunter,1,1,1.0,Oblivion,1,"[""Manaforge Omega""]",412300
Satanakos,Shaman,1,1,1.0,Oblivion,1,"[""Manaforge Omega""]",214461
Fripsy,Warrior,1,0,1.0,Melee,1,"[""Manaforge Omega""]",5164667
Leihonidass,Hunter,1,1,1.0,Gamma Burst,1,"[""Manaforge Omega""]",338197
Shadyplakton,Priest,1,0,1.0,Radiant Electricity,1,"[""Liberation of Undermine""]",6519780
Arüma,Priest,1,1,1.0,Seismic Upheaval,1,"[""Nerub-ar Palace""]",2831841
Yevie,Priest,105,106,0.99,Discarded Doomsplosive,9,"[""Liberation of Undermine"",""VS / DR / MQD""]",11372848
Eruptshooter,Hunter,76,77,0.99,Oblivion,5,"[""Liberation of Undermine"",""Blackrock Depths"",""Manaforge Omega"",""Nerub-ar Palace""]",364153586
Serthorn,Warrior,31,32,0.97,Black Blood,2,"[""Nerub-ar Palace""]",10090353
Tweet,Monk,22,23,0.96,Blastburn Roarcannon,4,"[""Liberation of Undermine""]",11576943
Harrowmount,Monk,21,22,0.95,Acrid Presence,3,"[""Nerub-ar Palace""]",8927592
Dorathy,Warrior,83,88,0.94,Melee,13,"[""Blackrock Depths"",""VS / DR / MQD""]",10854664
Keeksa,DemonHunter,30,32,0.94,Acrid Presence,3,"[""Nerub-ar Palace""]",10011349
Cassettes,Warlock,15,16,0.94,Scatterblast Canisters,4,"[""Liberation of Undermine""]",11378419
Roropriest,Priest,37,40,0.93,Unstable Cluster Bomb,4,"[""Liberation of Undermine""]",10429267
Momomaximus,Warrior,13,14,0.93,Shatter Existence,2,"[""Nerub-ar Palace""]",4705120
Cuddles,Priest,69,76,0.91,Venom Nova,5,"[""Vault of the Incarnates"",""Amirdrassil, the Dream's Hope"",""Liberation of Undermine"",""Nerub-ar Palace""]",10443410
Mægiisk,Shaman,21,23,0.91,Time-Release Crackle,4,"[""Nerub-ar Palace"",""Liberation of Undermine""]",5843947
Larssonadin,Paladin,93,104,0.89,Melee,10,"[""Amirdrassil, the Dream's Hope"",""Vault of the Incarnates"",""Liberation of Undermine"",""Blackrock Depths"",""Aberrus, the Shadowed Crucible""]",11374515
Endeering,Hunter,8,9,0.89,Piercing Torment,1,"[""Amirdrassil, the Dream's Hope""]",4838470
Yoro,Warlock,14,16,0.88,Discarded Doomsplosive,4,"[""Liberation of Undermine""]",5695672
Shrekhulk,Warrior,7,8,0.88,Big Bad Buncha Bombs,1,"[""Liberation of Undermine""]",6175304
Gan,Mage,7,8,0.88,Zagging Zizzler,2,"[""Liberation of Undermine""]",4925083
Yearningwar,Warrior,38,44,0.86,Reckless Impact,4,"[""Nerub-ar Palace"",""Liberation of Undermine""]",10409388
Frenzyy,Druid,17,20,0.85,Polarized Catastro-Blast,5,"[""Amirdrassil, the Dream's Hope"",""Liberation of Undermine""]",10290360
Ollieyay,DeathKnight,250,304,0.82,Melee,20,"[""Nerub-ar Palace"",""Liberation of Undermine"",""Vault of the Incarnates"",""Aberrus, the Shadowed Crucible"",""Amirdrassil, the Dream's Hope""]",19514149
Labyrìnth,Monk,28,34,0.82,Venom Nova,3,"[""Nerub-ar Palace""]",10210688
Lubrikator,Warlock,208,256,0.81,Melee,19,"[""Vault of the Incarnates"",""Aberrus, the Shadowed Crucible"",""Nerub-ar Palace"",""Amirdrassil, the Dream's Hope""]",21317235
Detective,Hunter,17,21,0.81,Time-Release Crackle,2,"[""Liberation of Undermine""]",6175307
Fallingmonk,Monk,16,20,0.8,Melee,4,"[""Nerub-ar Palace""]",8957111
Yearningsson,Monk,8,10,0.8,Blastburn Roarcannon,3,"[""Liberation of Undermine""]",8898269
Pohjolashm,Shaman,4,5,0.8,Scatterblast Canisters,3,"[""Liberation of Undermine""]",5170561
Monsterkuk,DemonHunter,57,73,0.78,Melee,7,"[""Blackrock Depths"",""Nerub-ar Palace"",""Manaforge Omega"",""Liberation of Undermine"",""Amirdrassil, the Dream's Hope""]",10000322
Obsessing,DeathKnight,7,9,0.78,Shadowflame Fissures,1,"[""Aberrus, the Shadowed Crucible""]",4615201
Timed,Rogue,7,9,0.78,Melee,1,"[""Nerub-ar Palace""]",7820659
Roejogan,Warrior,16,21,0.76,Melee,4,"[""Nerub-ar Palace""]",9737264
Evestirwin,DemonHunter,33,44,0.75,Melee,4,"[""Vault of the Incarnates"",""Liberation of Undermine""]",9783093
Trndrr,Priest,6,8,0.75,Scatterblast Canisters,2,"[""Liberation of Undermine""]",4046057
Churraky,Hunter,3,4,0.75,Crystalline Shockwave,1,"[""Manaforge Omega""]",3333551
Pellebiskop,Priest,3,4,0.75,Resonant Echoes,1,"[""Liberation of Undermine""]",3210466
Benshot,Hunter,3,4,0.75,Unstable Essence,1,"[""Aberrus, the Shadowed Crucible""]",3562809
Wakaberry,Druid,3,4,0.75,Spinneret's Strands,1,"[""Nerub-ar Palace""]",9359814
Tiskonlone,Shaman,3,4,0.75,Acid Pools,2,"[""Nerub-ar Palace""]",9342889
Wooze,Warrior,3,4,0.75,Spinneret's Strands,2,"[""Nerub-ar Palace""]",9635739
Hides,Rogue,40,55,0.73,Melee,3,"[""Liberation of Undermine"",""Manaforge Omega"",""Nerub-ar Palace""]",9990312
Maawong,Hunter,13,18,0.72,Atomized,2,"[""Nerub-ar Palace""]",364158114
Arolie,Paladin,39,55,0.71,Melee,3,"[""Nerub-ar Palace""]",363898212
Benfarmer,Druid,5,7,0.71,Gatling Cannon,2,"[""Liberation of Undermine""]",4027917
Hanjuo,Monk,5,7,0.71,Gatling Cannon,1,"[""Liberation of Undermine""]",5715887
Edarn,Mage,5,7,0.71,Reaper,1,"[""Nerub-ar Palace""]",5229270
Yeviel,Paladin,217,309,0.7,Canister Detonation,16,"[""Liberation of Undermine""]",10746291
Bamoo,Druid,73,105,0.7,Discarded Doomsplosive,6,"[""Nerub-ar Palace"",""Aberrus, the Shadowed Crucible"",""Vault of the Incarnates"",""Liberation of Undermine""]",11368674
Girlypop,Shaman,14,20,0.7,Burrowed Eruption,2,"[""Nerub-ar Palace""]",364153588
Elpys,Mage,11,16,0.69,Meteor Axe,2,"[""Vault of the Incarnates""]",10449381
Samarie,Warrior,9,13,0.69,Blood Pact,2,"[""Nerub-ar Palace""]",10337838
Peevoke,Evoker,15,22,0.68,Blood Pact,3,"[""Nerub-ar Palace""]",10000323
Whacky,Hunter,6,9,0.67,Noise Pollution,1,"[""Liberation of Undermine""]",11359583
Codywood,Shaman,4,6,0.67,Caustic Reaction,2,"[""Nerub-ar Palace""]",4909610
Hahaokwtfxd,Hunter,2,3,0.67,Blaring Drop,1,"[""Liberation of Undermine""]",1988834
Shyanaa,Hunter,2,3,0.67,Haywire,1,"[""Liberation of Undermine""]",9159182
Lyktan,Druid,2,3,0.67,Sonic Blast,2,"[""Liberation of Undermine""]",1995033
Sozaoh,DemonHunter,2,3,0.67,Sonic Blast,1,"[""Liberation of Undermine""]",1948587
Farranak,Paladin,2,3,0.67,Crystalline Shockwave,2,"[""Manaforge Omega""]",4727836
Narue,Priest,2,3,0.67,Grand Finale,1,"[""Liberation of Undermine""]",9169857
Sickboy,Hunter,2,3,0.67,Noise Pollution,1,"[""Liberation of Undermine""]",9158421
Xynd,Mage,2,3,0.67,Grand Finale,2,"[""Liberation of Undermine""]",9152404
Bhubba,Druid,2,3,0.67,Grand Finale,1,"[""Liberation of Undermine""]",9151068
Sorìlea,Shaman,2,3,0.67,Haywire,1,"[""Liberation of Undermine""]",9158425
Rorovoker,Evoker,32,49,0.65,Venom Nova,3,"[""Nerub-ar Palace""]",19500857
Sköddsköddna,Hunter,28,43,0.65,Scatterblast Canisters,4,"[""Manaforge Omega"",""Liberation of Undermine""]",8613717
Dagger,Rogue,15,23,0.65,Scatterblast Canisters,2,"[""Nerub-ar Palace"",""Liberation of Undermine""]",5925013
Sprutpessen,Druid,41,64,0.64,Scatterblast Canisters,4,"[""Nerub-ar Palace"",""Liberation of Undermine"",""Manaforge Omega""]",9204485
Meowdyqt,Warrior,21,33,0.64,Web Reave,2,"[""Nerub-ar Palace""]",364142436
Malloc,DemonHunter,18,28,0.64,Atomized,3,"[""Nerub-ar Palace""]",10375470
Bileplume,Rogue,16,25,0.64,Devour,2,"[""Nerub-ar Palace"",""VS / DR / MQD""]",364171570
Ínflámes,Shaman,22,35,0.63,Vile Discharge,2,"[""Nerub-ar Palace""]",364164932
Yearningdru,Druid,5,8,0.63,Acrid Presence,2,"[""Nerub-ar Palace""]",4724261
Womblorm,Warrior,5,8,0.63,Acid Bolt,1,"[""Nerub-ar Palace""]",4871922
Wanners,DemonHunter,5,8,0.63,Devour,2,"[""Nerub-ar Palace""]",5833718
Boomdoctor,DeathKnight,5,8,0.63,Cataclysmic Entropy,1,"[""Nerub-ar Palace""]",4602545
Dähl,Druid,5,8,0.63,Shock Barrage,1,"[""Liberation of Undermine""]",4917811
Lyrla,Priest,5,8,0.63,Scatterblast Canisters,2,"[""Liberation of Undermine""]",4037502
Cocainekate,Warlock,129,207,0.62,Poison Burst,10,"[""Aberrus, the Shadowed Crucible"",""Nerub-ar Palace"",""Amirdrassil, the Dream's Hope""]",21466834
Apocryphâ,DeathKnight,40,65,0.62,Melee,11,"[""Aberrus, the Shadowed Crucible"",""Amirdrassil, the Dream's Hope"",""Vault of the Incarnates"",""Liberation of Undermine""]",9716947
Yevoo,Monk,16,26,0.62,Lingering Erosion,2,"[""Nerub-ar Palace"",""Liberation of Undermine""]",9705430
Larssondemon,DemonHunter,13,21,0.62,Giant Strike,2,"[""Blackrock Depths""]",9677366
Director,Mage,8,13,0.62,Blood Pact,2,"[""Nerub-ar Palace""]",10267629
Pompqmoi,Mage,8,13,0.62,Void Howl,3,"[""VS / DR / MQD""]",10850170
Slaybelle,Rogue,9,15,0.6,Giga Coils,2,"[""Liberation of Undermine""]",8653354
Deredeemer,Paladin,9,15,0.6,Melee,4,"[""Nerub-ar Palace""]",5838697
Alaski,Shaman,6,10,0.6,Unrelenting CAR-nage,1,"[""Liberation of Undermine""]",8247073
Selthiel,Priest,20,34,0.59,Gloomfield,2,"[""VS / DR / MQD""]",11340265
Coffeebeans,Shaman,21,36,0.58,Astral Burn,3,"[""Nerub-ar Palace"",""Liberation of Undermine"",""Manaforge Omega""]",8542436
Yearningdh,DemonHunter,7,12,0.58,Blood Pact,1,"[""Nerub-ar Palace""]",8087244
Mleko,Priest,4,7,0.57,Raging Winds,1,"[""VS / DR / MQD"",""Vault of the Incarnates""]",10802044
Waterfalls,Shaman,15,27,0.56,Acid Pools,2,"[""Nerub-ar Palace""]",364142438
Dragondsnuts,Evoker,15,27,0.56,Acrid Presence,2,"[""Amirdrassil, the Dream's Hope"",""Nerub-ar Palace"",""Aberrus, the Shadowed Crucible""]",6145649
Popelindavii,Priest,15,28,0.54,Tacky Burst,2,"[""Nerub-ar Palace""]",364071357
Socialqs,Paladin,47,88,0.53,Melee,5,"[""Nerub-ar Palace"",""Aberrus, the Shadowed Crucible"",""Amirdrassil, the Dream's Hope"",""Liberation of Undermine"",""Vault of the Incarnates"",""Manaforge Omega""]",363898198
Skyhanter,DemonHunter,10,19,0.53,Burrowed Eruption,1,"[""Nerub-ar Palace"",""VS / DR / MQD""]",363900099
Larssonhman,Shaman,15,29,0.52,Melee,4,"[""Nerub-ar Palace""]",9898347
Lyonwarr,Warrior,59,115,0.51,Violent Eruption,3,"[""Nerub-ar Palace"",""Aberrus, the Shadowed Crucible"",""Vault of the Incarnates"",""Amirdrassil, the Dream's Hope""]",19511673
Momobami,Priest,387,779,0.5,Reckless Impact,24,"[""Manaforge Omega"",""Nerub-ar Palace"",""Amirdrassil, the Dream's Hope"",""Blackrock Depths"",""Aberrus, the Shadowed Crucible"",""Vault of the Incarnates"",""Liberation of Undermine""]",19585635
Lucyinder,Monk,24,48,0.5,Searing Sparks,4,"[""Vault of the Incarnates"",""Amirdrassil, the Dream's Hope"",""Aberrus, the Shadowed Crucible""]",10502562
Northlane,DeathKnight,24,48,0.5,Melee,7,"[""Nerub-ar Palace"",""Blackrock Depths""]",363913618
Caterm,Monk,5,10,0.5,Thunderdrum Salvo,2,"[""Liberation of Undermine""]",8441107
Banitsa,DemonHunter,5,10,0.5,Blastburn Roarcannon,2,"[""Liberation of Undermine""]",8973658
Swana,Mage,5,10,0.5,Unrelenting CAR-nage,1,"[""Liberation of Undermine""]",8362692
Sýk,Paladin,4,8,0.5,Zagging Zizzler,2,"[""Liberation of Undermine""]",4046108
Transendence,Monk,4,8,0.5,Molten Gold Pool,1,"[""Liberation of Undermine""]",4685035
Fuzzyfazbear,Mage,4,8,0.5,Zagging Zizzler,2,"[""Liberation of Undermine""]",4037484
Iziitron,Paladin,4,8,0.5,Scatterblast Canisters,1,"[""Liberation of Undermine""]",4059152
Satelit,Paladin,4,8,0.5,Devour,2,"[""Nerub-ar Palace""]",4057989
Benjydk,DeathKnight,4,8,0.5,Falling,2,"[""Nerub-ar Palace""]",4327921
Vchytry,Evoker,4,8,0.5,Scatterblast Canisters,1,"[""Liberation of Undermine""]",4050288
Koyaanis,Paladin,4,8,0.5,Venting Heat,1,"[""Liberation of Undermine""]",4055241
Tîas,Hunter,3,6,0.5,Crystalline Shockwave,2,"[""Manaforge Omega""]",5225491
Yearnknight,DeathKnight,3,6,0.5,Enraged Tantrum,1,"[""Manaforge Omega""]",4727934
Saíthis,DemonHunter,2,4,0.5,Arcane Convergence,1,"[""Manaforge Omega""]",2896092
Drakefire,Hunter,2,4,0.5,Volatile Concoction,1,"[""Nerub-ar Palace""]",3751133
Ereasz,Priest,1,2,0.5,Blastburn Roarcannon,1,"[""Liberation of Undermine""]",1629571
Depsik,DeathKnight,1,2,0.5,Spewing Hemorrhage,1,"[""Nerub-ar Palace""]",7510353
Gaiablood,Druid,1,2,0.5,Grasp From Beyond,1,"[""Nerub-ar Palace""]",1458443
Norgramlol,Druid,1,2,0.5,Sticky Web,1,"[""Nerub-ar Palace""]",3699930
Callmefreak,DemonHunter,1,2,0.5,Atomize,1,"[""Manaforge Omega""]",4228326
Sternritters,Paladin,1,2,0.5,Scatterblast Canisters,1,"[""Liberation of Undermine""]",9204468
Sscarecroww,Hunter,1,2,0.5,Writhing Wave,1,"[""Manaforge Omega""]",4713654
Eclipsä,Priest,8,17,0.47,Melee,2,"[""Nerub-ar Palace""]",10467772
Alexmae,Priest,35,76,0.46,Grand Finale,2,"[""Manaforge Omega"",""Blackrock Depths"",""Liberation of Undermine"",""Nerub-ar Palace""]",364159573
Alexbuh,Hunter,40,88,0.45,Reckless Impact,7,"[""Nerub-ar Palace"",""Amirdrassil, the Dream's Hope"",""Vault of the Incarnates""]",16829955
Fibres,Mage,24,53,0.45,Dying Flare,5,"[""Nerub-ar Palace"",""Blackrock Depths""]",5835696
Fauxcoated,Monk,14,32,0.44,Crystalline Shockwave,4,"[""Vault of the Incarnates"",""Manaforge Omega""]",10816085
Zurco,Hunter,9,21,0.43,Blastburn Roarcannon,2,"[""Liberation of Undermine""]",9040183
Stevefromhr,Druid,3,7,0.43,Flaming Tree,1,"[""Amirdrassil, the Dream's Hope""]",4836874
Mægizk,Mage,11,26,0.42,Blazing Seed,2,"[""Aberrus, the Shadowed Crucible"",""Vault of the Incarnates"",""Amirdrassil, the Dream's Hope""]",4841157
Swanval,Hunter,11,26,0.42,Flame Waves,2,"[""Amirdrassil, the Dream's Hope"",""Nerub-ar Palace""]",6950029
Ravenious,Hunter,14,34,0.41,Melee,3,"[""Aberrus, the Shadowed Crucible"",""Nerub-ar Palace"",""Amirdrassil, the Dream's Hope"",""Vault of the Incarnates""]",5214880
Oceanblvd,Druid,6,15,0.4,Crystalline Shockwave,2,"[""Liberation of Undermine"",""Manaforge Omega""]",4735657
Krowniel,Hunter,2,5,0.4,Cataclysmic Entropy,1,"[""Nerub-ar Palace""]",2829081
Glerm,Hunter,2,5,0.4,Activate Inventions!,1,"[""Liberation of Undermine""]",5578984
Smonkste,Monk,56,145,0.39,Zagging Zizzler,6,"[""Liberation of Undermine"",""Nerub-ar Palace""]",10359432
Blackóút,Shaman,3,8,0.38,Gallybux Finale Blast,1,"[""Liberation of Undermine""]",5492530
Sansimilia,Paladin,3,8,0.38,Spike Eruption,1,"[""Nerub-ar Palace""]",2947459
Sebsebblinks,Mage,3,8,0.38,Acrid Presence,2,"[""Nerub-ar Palace""]",4723985
Snitchero,Rogue,3,8,0.38,Reaper,1,"[""Nerub-ar Palace""]",3373373
Sigfox,Priest,3,8,0.38,Atomized,1,"[""Nerub-ar Palace""]",3381502
Lko,DemonHunter,3,8,0.38,"1500-Pound \""Dud\""",2,"[""Liberation of Undermine""]",4039085
Hässle,Warrior,3,8,0.38,Cataclysmic Entropy,1,"[""Nerub-ar Palace""]",4611529
Ashminge,Mage,9,25,0.36,Shatter,2,"[""Aberrus, the Shadowed Crucible"",""Amirdrassil, the Dream's Hope"",""Vault of the Incarnates""]",4867500
Johnwoman,DemonHunter,22,64,0.34,Unstable Essence,5,"[""Aberrus, the Shadowed Crucible"",""Amirdrassil, the Dream's Hope""]",8441243
Meleeiseasy,DemonHunter,6,18,0.33,Amirdrassil Burns,1,"[""Amirdrassil, the Dream's Hope""]",8441256
Snowjobx,Mage,2,6,0.33,Cataclysmic Entropy,1,"[""Nerub-ar Palace""]",2826091
Nörbuc,Paladin,2,6,0.33,Enraged Tantrum,2,"[""Manaforge Omega""]",4797615
Furiadranzer,Warrior,1,3,0.33,Grand Finale,1,"[""Liberation of Undermine""]",8637460
Jils,Hunter,1,3,0.33,Haywire,1,"[""Liberation of Undermine""]",8655055
Solkarrow,Hunter,1,3,0.33,Frailty,1,"[""Manaforge Omega""]",2897779
Sophiemae,Priest,45,143,0.31,Reckless Impact,3,"[""Aberrus, the Shadowed Crucible"",""Nerub-ar Palace"",""Liberation of Undermine""]",10462409
Lyoncursed,Warrior,13,42,0.31,Melee,2,"[""Nerub-ar Palace"",""Vault of the Incarnates""]",8126864
Lúcífér,DeathKnight,36,124,0.29,Melee,4,"[""Nerub-ar Palace""]",363910013
Tiggsy,Paladin,2,7,0.29,Scatterblast Canisters,1,"[""Liberation of Undermine""]",4773961
Piano,Rogue,2,7,0.29,Electric Lash,1,"[""Vault of the Incarnates""]",10812086
Zapados,Shaman,2,7,0.29,Crackling Energy,1,"[""Vault of the Incarnates""]",10802045
Appletiser,Druid,29,106,0.27,Blowback,5,"[""Blackrock Depths"",""Nerub-ar Palace""]",9751723
Larssondk,DeathKnight,23,84,0.27,Melee,5,"[""Nerub-ar Palace"",""Vault of the Incarnates"",""Manaforge Omega""]",6929479
Mombangsteen,Rogue,7,26,0.27,Scouring Eternity,1,"[""Vault of the Incarnates""]",12472949
Hpal,Paladin,3,11,0.27,Crystalline Shockwave,1,"[""Manaforge Omega""]",4792110
Vaporize,Mage,2,8,0.25,Cataclysmic Entropy,1,"[""Nerub-ar Palace""]",2829083
Thaien,Paladin,2,8,0.25,Acrid Presence,1,"[""Nerub-ar Palace""]",3418871
Gnomslayer,Rogue,2,8,0.25,Goblin-guided Rocket,1,"[""Liberation of Undermine""]",5072212
Corpor,Mage,2,8,0.25,Acrid Presence,1,"[""Nerub-ar Palace""]",3428820
Alturiak,Shaman,2,8,0.25,Atomized,1,"[""Nerub-ar Palace""]",2828873
Malmohus,Shaman,2,8,0.25,Acrid Presence,1,"[""Nerub-ar Palace""]",4332831
Tyseras,Priest,2,8,0.25,Impaled,1,"[""Nerub-ar Palace""]",2935728
Ærra,DemonHunter,2,8,0.25,Devour,1,"[""Nerub-ar Palace""]",4310439
Pixls,Paladin,2,8,0.25,Gossamer Burst,1,"[""Vault of the Incarnates""]",2579657
Swordofgodd,Paladin,2,8,0.25,Acrid Presence,1,"[""Nerub-ar Palace""]",3418870
Meleepriest,Priest,2,8,0.25,Acrid Presence,1,"[""Nerub-ar Palace""]",3428367
Starson,Hunter,2,8,0.25,Cataclysmic Entropy,1,"[""Nerub-ar Palace""]",3518020
Fingut,Mage,2,8,0.25,Electric Blast,1,"[""Liberation of Undermine""]",4695411
Doomslinger,DemonHunter,2,8,0.25,Atomized,1,"[""Nerub-ar Palace""]",2828073
Миссаденея,Mage,2,8,0.25,Shaken Earth,1,"[""Liberation of Undermine""]",4692526
Mirh,Warrior,2,8,0.25,Melee,2,"[""Nerub-ar Palace""]",4322210
Ninnyzplash,DemonHunter,1,4,0.25,Poison Burst,1,"[""Nerub-ar Palace""]",3747960
Drakaro,Druid,1,4,0.25,Adarus' Soul,1,"[""Manaforge Omega""]",2896398
Luzihunt,Hunter,1,4,0.25,Crystalline Shockwave,1,"[""Manaforge Omega""]",3456946
Bigwargold,Warrior,1,4,0.25,The Hunt,1,"[""Manaforge Omega""]",2653010
Sledgehammer,Paladin,1,4,0.25,Astral Burn,1,"[""Manaforge Omega""]",2110184
Demonhu,DemonHunter,1,4,0.25,Overinfusion Burst,1,"[""Manaforge Omega""]",1242688
Looziner,Warlock,1,4,0.25,Atomized,1,"[""Nerub-ar Palace""]",2422294
Érlenður,Paladin,1,4,0.25,Adarus' Soul,1,"[""Manaforge Omega""]",2896401
Lacamorraftw,Shaman,1,4,0.25,Adarus' Soul,1,"[""Manaforge Omega""]",2896395
Poluxena,DemonHunter,1,4,0.25,Dark Residue,1,"[""Manaforge Omega""]",2702925
Jôchên,Paladin,1,4,0.25,Poison Burst,1,"[""Nerub-ar Palace""]",3761569
Nirmfonte,Mage,1,4,0.25,Melee,1,"[""Manaforge Omega""]",2785678
Asdaadd,Shaman,5,21,0.24,Flaming Germination,1,"[""Amirdrassil, the Dream's Hope""]",8440840
Tichonus,Monk,4,18,0.22,Black Sepsis,1,"[""Nerub-ar Palace""]",5894755
Malnes,Evoker,4,18,0.22,Umbral Annihilation,2,"[""Aberrus, the Shadowed Crucible""]",9814909
Pistachios,Monk,10,47,0.21,Grasp From Beyond,2,"[""Nerub-ar Palace""]",9449470
Gigacodders,DemonHunter,30,148,0.2,Melee,4,"[""Liberation of Undermine"",""VS / DR / MQD"",""Nerub-ar Palace""]",7820109
Olliegirl,DemonHunter,3,15,0.2,Crackling Energy,1,"[""Vault of the Incarnates""]",10812087
Tylenne,Hunter,1,5,0.2,Unstable Shrapnel,1,"[""Liberation of Undermine""]",2026798
Freshrune,DeathKnight,107,551,0.19,Melee,28,"[""Vault of the Incarnates"",""Blackrock Depths"",""Nerub-ar Palace""]",364163771
Sprutpesse,Priest,7,36,0.19,Umbral Annihilation,2,"[""Aberrus, the Shadowed Crucible"",""Amirdrassil, the Dream's Hope""]",9504014
Wingseb,Paladin,5,27,0.19,Blaze,1,"[""Amirdrassil, the Dream's Hope"",""Aberrus, the Shadowed Crucible""]",4615311
Linirune,DeathKnight,3,16,0.19,Cataclysmic Entropy,1,"[""Nerub-ar Palace""]",4645499
Horticulture,Druid,15,85,0.18,Oblivion,1,"[""Nerub-ar Palace"",""Vault of the Incarnates""]",12466111
Coddie,Priest,4,22,0.18,Cosmic Ascension,1,"[""Vault of the Incarnates""]",8421327
Sotruebestie,Druid,2,11,0.18,Scatterblast Canisters,1,"[""Liberation of Undermine""]",9644605
Ilovebigd,Druid,2,11,0.18,Pay-Line,1,"[""Liberation of Undermine""]",4329599
Aideên,DemonHunter,4,24,0.17,Lightning Breath,1,"[""Amirdrassil, the Dream's Hope"",""Vault of the Incarnates""]",4211898
Fallingdust,Rogue,1,6,0.17,Oblivion,1,"[""Vault of the Incarnates""]",8133007
Mashin,Druid,39,237,0.16,Violent Eruption,2,"[""Amirdrassil, the Dream's Hope"",""Vault of the Incarnates"",""Liberation of Undermine"",""Aberrus, the Shadowed Crucible""]",10448414
Larssonhter,Hunter,29,191,0.15,Devour,3,"[""Manaforge Omega"",""Aberrus, the Shadowed Crucible"",""Amirdrassil, the Dream's Hope"",""Nerub-ar Palace""]",9729421
Bufflesbian,Shaman,18,122,0.15,Venom Nova,3,"[""Nerub-ar Palace"",""Liberation of Undermine""]",8533547
Bii,Priest,3,20,0.15,Web Reave,1,"[""Nerub-ar Palace""]",364157430
Cementstuck,Paladin,2,13,0.15,Crackling Energy,1,"[""Vault of the Incarnates""]",10804065
Clomp,Mage,69,477,0.14,Melee,6,"[""Amirdrassil, the Dream's Hope"",""Aberrus, the Shadowed Crucible"",""Nerub-ar Palace"",""Vault of the Incarnates""]",19511750
Lyondwarf,Mage,1,7,0.14,Hurricane Wing,1,"[""Vault of the Incarnates""]",10380720
Doslashi,DemonHunter,1,7,0.14,Spectral Slam,1,"[""Nerub-ar Palace""]",1398997
Fawning,Priest,1,7,0.14,Crackling Energy,1,"[""Vault of the Incarnates""]",10804067
Verressa,Priest,1,7,0.14,Cataclysmic Entropy,1,"[""Nerub-ar Palace""]",2831056
Leanus,Druid,74,554,0.13,Melee,9,"[""Nerub-ar Palace"",""Vault of the Incarnates"",""Manaforge Omega"",""Liberation of Undermine""]",10816094
Calisae,Evoker,13,102,0.13,Violent Eruption,3,"[""Aberrus, the Shadowed Crucible"",""Vault of the Incarnates""]",5599710
Needsedative,Hunter,1,8,0.13,Cataclysmic Entropy,1,"[""Nerub-ar Palace""]",2825102
Yearningmage,Mage,1,8,0.13,Flame and Coin,1,"[""Liberation of Undermine""]",4032419
Kræft,DemonHunter,1,8,0.13,Melee,1,"[""Nerub-ar Palace""]",3319671
Yakkun,Warrior,1,8,0.13,Feast,1,"[""Nerub-ar Palace""]",4576801
Happylazyguy,Hunter,1,8,0.13,Seismic Upheaval,1,"[""Nerub-ar Palace""]",2827850
Dzx,DeathKnight,1,8,0.13,Reckless Impact,1,"[""Nerub-ar Palace""]",2947457
Skînwalker,Druid,1,8,0.13,Cataclysmic Entropy,1,"[""Nerub-ar Palace""]",2827053
Elviscacha,Mage,1,8,0.13,Cataclysmic Entropy,1,"[""Nerub-ar Palace""]",2831057
Jujubrew,Monk,1,8,0.13,Void Bolt,1,"[""Nerub-ar Palace""]",2943041
Skinkemand,Warlock,1,8,0.13,Impaled,1,"[""Nerub-ar Palace""]",2938730
Lyonprison,DemonHunter,4,33,0.12,Blasting Scream,1,"[""Aberrus, the Shadowed Crucible"",""Amirdrassil, the Dream's Hope""]",4615103
Pastries,Paladin,4,34,0.12,Cauterized Explosion,1,"[""Vault of the Incarnates""]",12467400
Girthyheals,Priest,2,17,0.12,Pay-Line,1,"[""Liberation of Undermine""]",4329597
Superfan,Shaman,24,226,0.11,Crystalline Shockwave,3,"[""Manaforge Omega"",""Nerub-ar Palace""]",8542279
Emsy,Priest,1,9,0.11,Fire Beam,1,"[""Amirdrassil, the Dream's Hope""]",3887139
Alexmaev,Mage,1,9,0.11,Raging Winds,1,"[""Vault of the Incarnates""]",7018779
Codders,Mage,28,269,0.1,Melee,3,"[""Amirdrassil, the Dream's Hope"",""Liberation of Undermine"",""Aberrus, the Shadowed Crucible"",""Nerub-ar Palace"",""Vault of the Incarnates""]",363024797
Swanshot,Hunter,1,10,0.1,Electric Scales,1,"[""Vault of the Incarnates""]",4020849
Gigasaga,DemonHunter,22,306,0.07,Dying Flare,4,"[""Blackrock Depths"",""Nerub-ar Palace""]",9677364
Momojadsie,Priest,10,141,0.07,Big Bad Buncha Bombs,2,"[""Liberation of Undermine""]",6625558
Zydeh,DemonHunter,1,18,0.06,Lightning Breath,1,"[""Vault of the Incarnates""]",3968002
Dribblering,Evoker,6,122,0.05,Devour,2,"[""Nerub-ar Palace""]",5964583
Temra,Warlock,17,395,0.04,Venomous Rain,2,"[""Nerub-ar Palace""]",7254714
Oxhorde,Druid,6,161,0.04,Blood Pact,1,"[""Nerub-ar Palace""]",10468084
Swolorno,Hunter,5,217,0.02,Scorching Wind,1,"[""Vault of the Incarnates"",""Blackrock Depths""]",8296675
Portsmouth,Mage,2,198,0.01,Blazing Seed,1,"[""Vault of the Incarnates""]",12467398
