report_code,report_title,start_time_utc,end_time_utc,zone_id,zone_name,raid_night_date,primary_difficulty,total_pulls,boss_kills,total_wipes,total_fight_seconds,unique_bosses_engaged,unique_bosses_killed
hzAPY2FJ1QctbGZN,2023-10-04 PLEASE PLEASE PLEASE KILL SARK,2023-10-04T17:46:15.311Z,2023-10-04T21:07:56.052Z,33,"Aberrus, the Shadowed Crucible",2023-10-04,Mythic,26,0,26,6788,1,0
8QHKg1kdzZa7AXp9,2023-07-24 Zskarn kill,2023-07-24T17:52:07.773Z,2023-07-24T21:04:30.309Z,33,"Aberrus, the Shadowed Crucible",2023-07-24,Mythic,26,1,25,6175,2,1
vw9h82qRbYWzBJ7M,Kyveza 24-12-16,2024-12-16T18:48:56.810Z,2024-12-16T22:02:56.889Z,38,Nerub-ar Palace,2024-12-16,Mythic,33,1,32,4229,2,1
C61kw8BLbVGAvJWq,CN Heroic Alt run,2021-04-14T18:04:58.762Z,2021-04-14T20:00:13.618Z,26,Castle Nathria,2021-04-14,Heroic,5,3,2,1084,4,3
FZRrB6M1HKmDn38g,2023-05-22,2023-05-22T17:57:19.624Z,2023-05-22T20:40:45.282Z,33,"Aberrus, the Shadowed Crucible",2023-05-22,Mythic,20,10,10,3946,9,9
cavqmBxPCgArZzYp,2023-09-06 sark,2023-09-06T18:04:02.658Z,2023-09-06T20:56:07.611Z,33,"Aberrus, the Shadowed Crucible",2023-09-06,Mythic,27,0,27,5017,1,0
wMtd86DnyqfQYzx1,Smolderon Round 2: FIGHT - Mythic 29-01,2024-01-29T18:59:45.430Z,2024-01-29T21:50:59.050Z,35,"Amirdrassil, the Dream's Hope",2024-01-29,Mythic,26,0,26,4828,1,0
V8XTDFM1h64wCRdf,"2023-11-15 Roa is dead, Long live Jads - Amirdrassil Raid #1",2023-11-15T18:48:20.214Z,2023-11-15T22:09:41.099Z,35,"Amirdrassil, the Dream's Hope",2023-11-15,Heroic,18,11,7,4030,9,9
Bj1dwva4pZr2yT8A,2023-08-30 sark,2023-08-30T17:57:47.272Z,2023-08-30T20:58:45.513Z,33,"Aberrus, the Shadowed Crucible",2023-08-30,Mythic,28,0,28,5544,1,0
tJ6ywfmxBHDbKgCc,Achievement run - Big logs = FAIL!!!,2025-05-04T17:45:05.649Z,2025-05-04T19:27:44.546Z,42,Liberation of Undermine,2025-05-04,Normal,9,8,1,2107,8,8
hNkWgYHwm7qbFBf9,Painsmith,2021-10-18T18:08:31.090Z,2021-10-18T21:04:02.509Z,28,Sanctum of Domination,2021-10-18,Mythic,27,0,27,5998,1,0
b6mfajkYZ7vq3NTR,Nexus King Final Day - 11-05,2025-11-05T19:47:20.290Z,2025-11-05T21:04:10.300Z,44,Manaforge Omega,2025-11-05,Mythic,9,1,8,2268,1,1
2MTcwmKpLkCb9fyJ,20-03 Raz,2023-03-20T18:48:18.512Z,2023-03-20T22:06:22.436Z,31,Vault of the Incarnates,2023-03-20,Mythic,33,0,33,5019,1,0
xnF37aCA2HzbBY6J,2025-09-01 DIMMYD,2025-09-01T17:48:00.835Z,2025-09-01T21:06:05.631Z,44,Manaforge Omega,2025-09-01,Heroic,29,1,28,5602,2,1
DFANHypwvLTzfWaQ,No stops on the gambling train 03-19,2025-03-19T18:54:11.330Z,2025-03-19T21:59:05.266Z,42,Liberation of Undermine,2025-03-19,Heroic,22,7,15,5302,8,7
jczM7t4GmBCHW9yD,Sylvanas 15 dec,2021-12-15T18:50:44.481Z,2021-12-15T21:58:12.577Z,28,Sanctum of Domination,2021-12-15,Mythic,29,0,29,5415,1,0
fZnXNFY1jRqvLrm9,Enis Raid Attempt #1 - 09-14,2025-09-14T16:02:49.392Z,2025-09-14T17:31:26.073Z,44,Manaforge Omega,2025-09-14,Heroic,8,6,2,2378,6,6
yXArcwYjLRvNnZTm,27 april hc full,2022-04-27T18:20:18.699Z,2022-04-27T19:56:12.406Z,29,Sepulcher of the First Ones,2022-04-27,Heroic,9,8,1,2463,8,8
GP4XCHkzyhJdnj9A,Sylvanas 13 dec,2021-12-13T19:09:21.859Z,2021-12-13T22:02:14.482Z,28,Sanctum of Domination,2021-12-13,Mythic,29,0,29,5292,1,0
MjTcF2n9JvXRfPwY,GigaGizmo pt 2 from guardian,2021-08-08T20:36:20.182Z,2021-08-08T21:54:14.598Z,28,Sanctum of Domination,2021-08-08,Normal,6,4,2,2188,4,4
MyRLwt3ZJH2XCkcG,Myffic 26-06,2023-06-26T17:54:01.961Z,2023-06-26T21:02:48.089Z,33,"Aberrus, the Shadowed Crucible",2023-06-26,Mythic,22,2,20,5899,3,2
Q9yKTXH7DMb4AFrk,2023-11-01 sark reclear,2023-11-01T19:08:51.700Z,2023-11-01T22:05:38.764Z,33,"Aberrus, the Shadowed Crucible",2023-11-01,Mythic,28,0,28,6430,1,0
9PDhbaTKq7WC8zXt,Broodtwister Mythic 1111,2024-11-11T18:57:00.575Z,2024-11-11T22:04:22.325Z,38,Nerub-ar Palace,2024-11-11,Mythic,39,0,39,5564,1,0
Vby9x6hBLHt1Wmp3,Sylvanas 22 feb KILL,2022-02-22T18:48:03.137Z,2022-02-22T21:56:04.846Z,28,Sanctum of Domination,2022-02-22,Mythic,14,1,13,7961,1,1
rVnDB4fcb9qZAPLv,Sweaty Beaty Muggy - 06-16,2025-06-16T17:43:17.830Z,2025-06-16T20:46:26.017Z,42,Liberation of Undermine,2025-06-16,Mythic,30,0,30,5001,1,0
LnW7rQb6XRvjM2ah,2023-08-28 sark,2023-08-28T18:01:11.308Z,2023-08-28T20:57:34.872Z,33,"Aberrus, the Shadowed Crucible",2023-08-28,Mythic,30,0,30,4894,1,0
fxg7j6zyVL28Gtp4,yailer,2022-05-23T18:11:13.458Z,2022-05-23T18:58:57.404Z,29,Sepulcher of the First Ones,2022-05-23,Heroic,7,1,6,1752,1,1
hRytYCf7xp61GkQA,demon tarragrue + the eye,2021-09-02T19:21:24.040Z,2021-09-02T19:41:12.069Z,28,Sanctum of Domination,2021-09-02,Normal,2,2,0,550,2,2
LXMB2HJV7Dwjy9Qg,Mythic,2021-08-16T19:37:51.832Z,2021-08-16T20:52:20.778Z,28,Sanctum of Domination,2021-08-16,Mythic,7,2,5,1727,2,2
x2nc1KPaGTzY9fmF,CN Heroic SLG/SIRE,2021-04-14T18:04:58.762Z,2021-04-14T18:45:04.697Z,26,Castle Nathria,2021-04-14,Heroic,5,2,3,1363,2,2
G9AgfJmZwBtNkXP3,hc sanc,2021-07-14T18:36:30.941Z,2021-07-14T20:02:04.944Z,28,Sanctum of Domination,2021-07-14,Heroic,10,3,7,2276,3,3
A3fRPv7yYxw94KkL,Sylvanas 10 jan,2022-01-10T19:21:19.820Z,2022-01-10T21:59:17.992Z,28,Sanctum of Domination,2022-01-10,Mythic,20,0,20,5864,1,0
W1JcVnmY3jNfXMT2,2022-12-28 hc reclear,2022-12-28T18:57:17.065Z,2022-12-28T22:04:26.808Z,31,Vault of the Incarnates,2022-12-28,Heroic,18,8,10,3430,7,7
cyMKawqZX8YfVg6D,Sylvanas 26 jan,2022-01-26T18:56:11.582Z,2022-01-26T22:03:43.589Z,28,Sanctum of Domination,2022-01-26,Mythic,18,0,18,6897,1,0
R7NHnYKmj2aJgwVC,Right side Best Side 10-29,2025-10-29T18:52:53.485Z,2025-10-29T22:32:21.141Z,44,Manaforge Omega,2025-10-29,Mythic,34,0,34,6116,1,0
HZ7GdwbgWhLKnqvB,CN heroic alt run,2021-02-28T19:01:02.083Z,2021-02-28T19:51:06.496Z,26,Castle Nathria,2021-02-28,Heroic,5,3,2,1184,3,3
jJR6C24cTLXDghrM,2023-07-10,2023-07-10T17:54:39.043Z,2023-07-10T21:00:39.364Z,33,"Aberrus, the Shadowed Crucible",2023-07-10,Mythic,21,2,19,5539,3,2
cxfTpRmZBnyV9ah1,normal social run,2023-01-01T19:40:31.777Z,2023-01-01T21:05:39.271Z,31,Vault of the Incarnates,2023-01-01,Normal,8,6,2,2025,6,6
Dt7XnwbrZ96BRqWP,2023-01-10 reclear,2024-01-10T18:48:35.238Z,2024-01-10T21:58:09.045Z,35,"Amirdrassil, the Dream's Hope",2024-01-10,Heroic,17,8,9,4954,8,8
YA6vtrVW31Z2fGCn,2025-10-08 manayork smomegma,2025-10-08T17:48:39.703Z,2025-10-08T20:50:17.062Z,44,Manaforge Omega,2025-10-08,Mythic,16,5,11,3668,5,5
GPzv7N3KbpMHmyQC,Painsmith,2021-10-13T18:10:03.315Z,2021-10-13T20:58:47.135Z,28,Sanctum of Domination,2021-10-13,Mythic,30,0,30,5848,1,0
kzTgc1LJ4ZnHhdb6,Reclear -> Muggy Wuggy 06-04,2025-06-04T17:41:32.424Z,2025-06-04T21:03:12.308Z,42,Liberation of Undermine,2025-06-04,Heroic,29,4,25,4218,4,4
NydaKxcRtAhBj9D4,Myffic Rikky 03-31,2025-03-31T17:50:14.712Z,2025-03-31T21:03:30.735Z,42,Liberation of Undermine,2025-03-31,Mythic,31,1,30,6277,2,1
t1AmyzK8ZvPMXJgc,SC Raid Larodaddy and Smolderface 22/01,2024-01-22T18:58:19.056Z,2024-01-22T22:02:23.910Z,35,"Amirdrassil, the Dream's Hope",2024-01-22,Mythic,25,1,24,5509,2,1
4qwJk2n9hZTmVHfR,Lihuvim,2022-03-08T21:10:12.456Z,2022-03-08T22:39:23.460Z,29,Sepulcher of the First Ones,2022-03-08,Heroic,7,1,6,2476,2,1
rDM1AxNBGFPmLn98,2025-09-29 fractilicious,2025-09-29T17:59:57.775Z,2025-09-29T20:05:01.017Z,44,Manaforge Omega,2025-09-29,Mythic,13,1,12,2402,2,1
JjAK3mQyV9tzR6bn,Jaddy's Home (For real this time),2024-02-07T19:00:37.195Z,2024-02-07T21:58:02.586Z,35,"Amirdrassil, the Dream's Hope",2024-02-07,Mythic,28,0,28,5312,1,0
yHBRMf9q1tNhAdJY,Mythic raid fr fr no cap - Amirdrassil 29-11-2023,2023-11-29T18:53:53.138Z,2023-11-29T22:01:27.094Z,35,"Amirdrassil, the Dream's Hope",2023-11-29,Heroic,19,10,9,4755,9,9
8tYPZQ1394bBzw6H,13 march HC + Lords of dread,2022-03-13T19:07:46.113Z,2022-03-13T21:42:59.750Z,29,Sepulcher of the First Ones,2022-03-13,Heroic,13,5,8,4574,5,5
VyntY2LZ8qahfxMT,PLEASE FREE ME FROM THIS TORMENT - Mythic 26/02,2024-02-26T18:59:53.573Z,2024-02-26T22:09:15.355Z,35,"Amirdrassil, the Dream's Hope",2024-02-26,Mythic,32,0,32,6911,1,0
ytH71bJK3kh4YpmQ,Reclear Mythic 11-20,2024-11-20T18:51:44.398Z,2024-11-20T22:07:42.585Z,38,Nerub-ar Palace,2024-11-20,Mythic,17,4,13,5414,5,4
XPxY1LmTpQ8zJAMK,asdf,2021-07-28T18:11:45.199Z,2021-07-28T20:55:32.952Z,28,Sanctum of Domination,2021-07-28,Heroic,16,7,9,3843,7,7
c2yvLnA14dPGgpW6,2023-08-21 sark,2023-08-21T17:56:24.054Z,2023-08-21T21:00:07.374Z,33,"Aberrus, the Shadowed Crucible",2023-08-21,Mythic,33,0,33,4533,1,0
F9xXwVZj8P4KmkyT,Return of the White Boy - 0625,2025-06-25T17:47:15.763Z,2025-06-25T20:48:41.621Z,42,Liberation of Undermine,2025-06-25,Mythic,27,0,27,5436,1,0
DPdVCNpzbH4Xk3Mf,"Progression Jail, Day One - Mythic 24-01",2024-01-24T14:35:54.776Z,2024-01-24T21:58:51.851Z,35,"Amirdrassil, the Dream's Hope",2024-01-24,Heroic,40,9,31,6942,9,9
VK9GXNjRMx1LmqAD,2023-05-31 hc clear,2023-05-31T17:55:47.712Z,2023-05-31T20:50:20.401Z,33,"Aberrus, the Shadowed Crucible",2023-05-31,Heroic,17,12,5,3386,9,9
kxfYqXnLNC14Dtvj,2024-12-04 princess,2024-12-04T19:01:51.801Z,2024-12-04T21:57:56.251Z,38,Nerub-ar Palace,2024-12-04,Mythic,40,0,40,5585,1,0
f8rpxmLCQP1ZDnYy,Castle Nathria,2021-03-21T19:37:54.655Z,2021-03-21T21:22:54.933Z,26,Castle Nathria,2021-03-21,Heroic,12,2,10,2619,3,2
gWmBQjLwTVG2NAq9,HC SLG + Sire,2021-04-07T18:12:56.810Z,2021-04-07T18:47:31.693Z,26,Castle Nathria,2021-04-07,Heroic,4,2,2,1331,2,2
NxRd2Xa3ThnmH4AC,We're gonna break this fruit machine open - 06-02,2025-06-02T17:45:19.281Z,2025-06-02T20:09:07.893Z,42,Liberation of Undermine,2025-06-02,Mythic,19,1,18,4075,1,1
vkwj8JrWhzntMbZL,She Gally on my Wix until I Gallagio - 03-05,2025-03-05T18:46:22.773Z,2025-03-05T22:05:08.251Z,42,Liberation of Undermine,2025-03-05,Heroic,18,9,9,3488,8,8
Gk17VY4vnRtyhQcF,2023-05-17,2023-05-17T17:50:44.671Z,2023-05-17T21:05:14.463Z,33,"Aberrus, the Shadowed Crucible",2023-05-17,Heroic,22,8,14,4214,8,8
pHCayqcbNk98ZXG6,Castle Nathria,2021-03-03T19:13:43.860Z,2021-03-03T22:38:48.767Z,26,Castle Nathria,2021-03-03,Heroic,24,4,20,4632,5,4
frBcbXA4WNwdYgxM,Dimmy Night 2 - 11-24,2025-11-24T18:33:10.807Z,2025-11-24T22:01:33.047Z,44,Manaforge Omega,2025-11-24,Mythic,47,0,47,4956,1,0
m9cJdtFn4DpwGZYC,2024-05-01 aberrus,2024-05-01T17:54:34.154Z,2024-05-01T20:53:09.044Z,33,"Aberrus, the Shadowed Crucible",2024-05-01,Heroic,21,18,3,3602,9,9
24M6G9yKnQf8tRqN,Castle Nathria,2021-01-25T18:53:30.409Z,2021-01-25T22:25:05.118Z,26,Castle Nathria,2021-01-25,Heroic,22,1,21,7863,1,1
4ygtXrDWwhcTNPGp,Social HC 11-24,2024-11-24T18:53:42.009Z,2024-11-24T20:32:00.272Z,38,Nerub-ar Palace,2024-11-24,Heroic,14,7,7,2421,8,7
KFmjtrGbqvdVTpfJ,Sylvanas 9 feb,2022-02-09T19:20:40.577Z,2022-02-09T22:08:09.474Z,28,Sanctum of Domination,2022-02-09,Mythic,15,0,15,7683,1,0
RgwBHFc9jMCfKP2J,Linus MIA - If found call Jaddy - Amirdrisal 11/12/23,2023-12-11T18:56:18.972Z,2023-12-11T22:02:03.573Z,35,"Amirdrassil, the Dream's Hope",2023-12-11,Mythic,23,2,21,4911,3,2
3JZjK7xVzDLnPWTq,2023-01-16,2023-01-16T19:22:51.075Z,2023-01-16T21:52:14.852Z,31,Vault of the Incarnates,2023-01-16,Heroic,19,2,17,4588,3,2
HLW3wzxJQDXfnmp9,"EVESTIRWIN, DEMON HUNTER EXTRAORDINAIRE",2025-03-23T18:49:08.963Z,2025-03-23T21:27:18.267Z,42,Liberation of Undermine,2025-03-23,Heroic,14,11,3,3328,8,8
y1D3JcXKFZPMk4HV,2023-06-07,2023-06-07T17:48:55.688Z,2023-06-07T20:53:44.323Z,33,"Aberrus, the Shadowed Crucible",2023-06-07,Heroic,20,12,8,4252,9,9
RBKrGCVyZWHtnNqF,CN heroic reclear,2021-02-10T18:53:10.286Z,2021-02-10T19:48:37.297Z,26,Castle Nathria,2021-02-10,Heroic,5,4,1,1496,4,4
Kwf3ctyFRvG9ZVnD,2023-05-21 alt raid,2023-05-21T17:54:21.145Z,2023-05-21T20:44:55.098Z,33,"Aberrus, the Shadowed Crucible",2023-05-21,Normal,16,9,7,4289,9,9
jmpyLVFaKX8qvZD7,Reclear -> MugZ 0611,2025-06-11T17:42:28.546Z,2025-06-11T20:58:41.411Z,42,Liberation of Undermine,2025-06-11,Heroic,29,4,25,4750,4,4
mP3gRnbtAfrxyZQY,2023-07-26 Magmorax kill,2023-07-26T17:49:11.303Z,2023-07-26T20:57:49.376Z,33,"Aberrus, the Shadowed Crucible",2023-07-26,Mythic,23,1,22,3666,2,1
3vTdVQfHaYtFcAJP,Fatescribe,2021-11-08T20:03:09.055Z,2021-11-08T22:02:48.118Z,28,Sanctum of Domination,2021-11-08,Mythic,24,0,24,2789,1,0
JDw8GKdx637hCYy2,5/10 HC full,2021-07-14T18:18:52.516Z,2021-07-14T21:18:45.465Z,28,Sanctum of Domination,2021-07-14,Heroic,21,5,16,5454,5,5
NTfb7hCpZV43wmKd,18 april hc,2022-04-18T18:02:38.458Z,2022-04-18T21:05:14.109Z,29,Sepulcher of the First Ones,2022-04-18,Heroic,28,2,26,6257,3,2
J342bnfxvCNgWkHQ,Platform 2 Lust Day Woooo - 12-15,2025-12-15T18:45:51.122Z,2025-12-15T22:00:43.827Z,44,Manaforge Omega,2025-12-15,Mythic,30,0,30,5078,1,0
HRxvhP2LbDBYw4yf,2023-12-18,2023-12-18T18:57:35.303Z,2023-12-18T21:59:50.471Z,35,"Amirdrassil, the Dream's Hope",2023-12-18,Mythic,30,0,30,5559,1,0
CJ8ndxajtLfvXT7Y,2023-01-04,2023-01-04T18:58:58.834Z,2023-01-04T22:09:37.201Z,31,Vault of the Incarnates,2023-01-04,Heroic,22,7,15,4725,8,7
dYwjPkNZV7mBgQ3D,Raz v2 blu,2023-04-25T05:07:09.278Z,2023-04-25T05:56:53.149Z,31,Vault of the Incarnates,2023-04-25,Mythic,4,3,1,1413,4,3
3jdNx68m2VJgzQaB,Mythic reclear,2021-09-15T17:52:42.870Z,2021-09-15T21:03:00.321Z,28,Sanctum of Domination,2021-09-15,Mythic,22,3,19,4866,4,3
hAmYfvRcZgH9Btrd,"High ho, back to Dimmy we go - 01-07",2026-01-07T18:48:06.909Z,2026-01-07T22:02:07.326Z,44,Manaforge Omega,2026-01-07,Mythic,32,0,32,5742,1,0
TZFkdX6LDfR24Khx,Mar27,2023-03-27T17:44:35.981Z,2023-03-27T21:00:37.829Z,31,Vault of the Incarnates,2023-03-27,Mythic,28,0,28,6167,1,0
W7KHD1pYZwnxcRhA,Silken Court This Time For Sure 01-27,2025-01-27T19:02:38.770Z,2025-01-27T21:54:24.416Z,38,Nerub-ar Palace,2025-01-27,Mythic,27,0,27,6108,1,0
Tp2AbgYDfcMxmzjC,HC Painsmith + Guardian,2021-07-19T18:21:28.795Z,2021-07-19T21:11:27.785Z,28,Sanctum of Domination,2021-07-19,Heroic,25,2,23,5417,2,2
NVxpHKFTqn7DLYA4,Mythic reclear,2021-03-15T19:21:21.794Z,2021-03-15T22:24:15.103Z,26,Castle Nathria,2021-03-15,Mythic,27,1,26,5051,2,1
pQDX3GwKdfa9kBLJ,17 aug hc sepulcher,2022-08-17T17:59:18.547Z,2022-08-17T20:01:52.406Z,29,Sepulcher of the First Ones,2022-08-17,Heroic,15,10,5,3322,11,10
zHKfPdAyq1kG627n,Painsmith but we kill it this time,2021-11-01T19:03:07.976Z,2021-11-01T21:31:29.443Z,28,Sanctum of Domination,2021-11-01,Mythic,20,1,19,5514,1,1
tj8q2wXLDFnPckK7,hella alt raid,2021-04-18T18:28:13.511Z,2021-04-18T19:20:39.209Z,26,Castle Nathria,2021-04-18,Heroic,5,1,4,913,2,1
hzQfK6NLbRvWAjrg,Reclear 07-05,2025-05-07T17:48:46.842Z,2025-05-07T20:51:51.772Z,42,Liberation of Undermine,2025-05-07,Heroic,22,8,14,5208,7,7
GxYm9Td8tZLQHXpF,Silly Heroic Fire Tree Thing 29-05,2024-05-29T17:55:45.279Z,2024-05-29T19:11:07.964Z,35,"Amirdrassil, the Dream's Hope",2024-05-29,Heroic,9,8,1,1926,9,8
JRP4ZVadWbx9f2ck,normal run,2021-08-10T15:23:05.686Z,2021-08-10T18:45:12.220Z,28,Sanctum of Domination,2021-08-10,Normal,11,10,1,3541,10,10
w6Gq9p8Z7cWnkdFC,A whole night of Weaving Forges 09-15,2025-09-15T17:57:01.430Z,2025-09-15T20:57:48.418Z,44,Manaforge Omega,2025-09-15,Mythic,36,0,36,5866,1,0
D6dfPhkyNwYpXb42,2023-06-04 alt normal,2023-06-04T18:05:00.287Z,2023-06-04T21:14:55.837Z,33,"Aberrus, the Shadowed Crucible",2023-06-04,Heroic,20,10,10,4401,9,9
KqxgXZnbkmTNdr6A,CN Heroic SLG + Sire > Mythic reclear,2021-03-03T19:03:07.453Z,2021-03-03T22:39:19.211Z,26,Castle Nathria,2021-03-03,Heroic,25,5,20,5012,6,5
87MV91B46cFgJCaA,Mythic reclear,2021-09-22T18:12:54.175Z,2021-09-22T21:03:46.846Z,28,Sanctum of Domination,2021-09-22,Mythic,22,3,19,5012,4,3
YZjgTM28trh47WvF,DEMON run,2021-08-29T18:51:37.932Z,2021-08-29T21:06:08.599Z,28,Sanctum of Domination,2021-08-29,Normal,12,7,5,3460,8,7
BPTVWmMg7RCZ2zqv,Hewowic - 03-23,2026-03-23T19:04:59.890Z,2026-03-23T22:20:42.640Z,46,VS / DR / MQD,2026-03-23,Heroic,16,5,11,5809,5,5
7zwaXZkBdn98DRYM,CN Normal,2021-02-07T18:44:57.622Z,2021-02-07T19:52:12.956Z,26,Castle Nathria,2021-02-07,Normal,5,4,1,1484,4,4
MYtNL2ABvzHjRmTV,2024-12-18 court,2024-12-18T18:56:57.301Z,2024-12-18T22:05:20.210Z,38,Nerub-ar Palace,2024-12-18,Mythic,46,0,46,3476,1,0
VJKqP6j2zY9QhpH8,Let's Go Heroic Gambling! 03-17,2025-03-17T18:45:12.781Z,2025-03-17T22:17:48.437Z,42,Liberation of Undermine,2025-03-17,Heroic,23,3,20,5262,3,3
bfx6jChPm2zBkvMH,Mythic reclear,2021-09-29T18:17:02.455Z,2021-09-29T20:35:04.097Z,28,Sanctum of Domination,2021-09-29,Mythic,12,5,7,3390,5,5
kMmrjhV6ZYgXKtPa,30 march reclear,2022-03-30T17:56:30.390Z,2022-03-30T21:03:28.886Z,29,Sepulcher of the First Ones,2022-03-30,Heroic,20,14,6,4900,11,11
1A82mCFP4MJwfKaG,Group 2 - Alt Raid 15-09,2024-09-15T17:56:54.280Z,2024-09-15T19:42:54.871Z,38,Nerub-ar Palace,2024-09-15,Normal,11,8,3,2399,8,8
TgnjqAGQWKFJ81R7,Social Raid 13/10 :Comfy:,2024-10-13T18:16:36.477Z,2024-10-13T20:56:57.363Z,38,Nerub-ar Palace,2024-10-13,Heroic,19,7,12,4628,8,7
gmWCL2TbKwxF4fYH,THIS TIME I MEAN IT - Smolderon Kill Mythic 04-03,2024-03-04T18:47:32.924Z,2024-03-04T20:22:32.796Z,35,"Amirdrassil, the Dream's Hope",2024-03-04,Mythic,12,1,11,2405,2,1
JzakqH2vjWLm7PX8,alt raid!! 2023-12-10,2023-12-10T19:02:09.639Z,2023-12-10T21:58:24.668Z,35,"Amirdrassil, the Dream's Hope",2023-12-10,Heroic,21,13,8,4425,9,9
a9nMrBYxq3yWhAzt,Sylvanas 7 feb,2022-02-07T18:54:50.577Z,2022-02-07T22:02:15.324Z,28,Sanctum of Domination,2022-02-07,Mythic,14,0,14,7298,1,0
nw6AQf1LYqDcvV9P,Working Logs 0115,2025-01-15T18:50:58.758Z,2025-01-15T22:01:45.496Z,38,Nerub-ar Palace,2025-01-15,Mythic,41,0,41,4933,1,0
YW3jadfzp2cHXDVK,No Ronan? No Problem! 12-10,2025-12-10T18:50:02.987Z,2025-12-10T21:30:43.125Z,44,Manaforge Omega,2025-12-10,Mythic,31,0,31,4527,1,0
7JvdTzLf84Qp2hcy,11 may dausegne kill,2022-05-11T18:17:55.119Z,2022-05-11T20:59:49.053Z,29,Sepulcher of the First Ones,2022-05-11,Mythic,25,2,23,4831,3,2
BPKbxHWDCqcRa2L6,THE STUDENT COUNCIL S4 COMEBACK,2024-04-24T18:04:05.734Z,2024-04-24T21:01:14.421Z,31,Vault of the Incarnates,2024-04-24,Heroic,17,14,3,3535,8,8
9WCTwGtmkvpLVJzx,Reclear 04-30,2025-04-30T17:53:29.110Z,2025-04-30T21:00:24.497Z,42,Liberation of Undermine,2025-04-30,Heroic,22,7,15,5713,7,6
RgDAhLyJfbWG1KqC,Reclear into Mythicccc - 04-16,2025-04-16T17:41:15.166Z,2025-04-16T21:00:14.254Z,42,Liberation of Undermine,2025-04-16,Heroic,18,6,12,4438,6,5
TwA2vc9HYDabkLZj,2025-08-20 normal into hc,2025-08-20T17:53:05.904Z,2025-08-20T21:05:05.552Z,44,Manaforge Omega,2025-08-20,Heroic,18,14,4,4059,8,8
NYf6nZpyPxwCbkar,Kyveza Day One - 1127,2024-11-27T18:38:54.358Z,2024-11-27T22:01:47.259Z,38,Nerub-ar Palace,2024-11-27,Mythic,50,0,50,4862,1,0
14Vxjphq8GaY6Bwn,Sylvanas 5 jan,2022-01-05T19:08:21.602Z,2022-01-05T22:01:46.895Z,28,Sanctum of Domination,2022-01-05,Mythic,27,0,27,6235,1,0
J9ymRGtL1khF2NVc,Sylvanas 31 jan,2022-01-31T18:55:57.015Z,2022-01-31T22:01:31.448Z,28,Sanctum of Domination,2022-01-31,Mythic,19,0,19,7157,1,0
GwdgtrQHxfzcYC6A,11 april mythic,2022-04-11T17:56:12.168Z,2022-04-11T20:51:07.333Z,29,Sepulcher of the First Ones,2022-04-11,Mythic,22,2,20,4432,2,2
F4f1yNX9ZgzjYKJ2,Mythic Queen w/ Favourite Mercs 02-17 part2,2025-02-17T18:50:36.957Z,2025-02-17T22:00:07.785Z,38,Nerub-ar Palace,2025-02-17,Mythic,30,0,30,5453,1,0
tPzRkhavcB4C16J9,Castle Nathria,2021-02-24T18:56:15.109Z,2021-02-24T22:23:29.142Z,26,Castle Nathria,2021-02-24,Heroic,19,7,12,5298,6,6
PZDwaB7Qy6fC9rHM,HC,2021-07-12T18:18:59.910Z,2021-07-12T20:53:33.241Z,28,Sanctum of Domination,2021-07-12,Heroic,18,4,14,4698,4,4
c8PFLg3WkCAvBazr,Heroic to Mythic wooo 04-09,2025-04-09T17:47:06.951Z,2025-04-09T19:25:35.966Z,42,Liberation of Undermine,2025-04-09,Heroic,6,5,1,1685,5,5
M8Lg1R7p3CkvyHhd,Silly Goose Jads 14-06,2023-06-14T17:49:01.206Z,2023-06-14T20:59:17.183Z,33,"Aberrus, the Shadowed Crucible",2023-06-14,Heroic,25,5,20,4711,5,4
YLM49DQHfw6cgCnX,Painsmith,2021-10-11T18:08:20.264Z,2021-10-11T21:02:14.175Z,28,Sanctum of Domination,2021-10-11,Mythic,32,0,32,5449,1,0
LjNkgwYKW3MAh9PB,2023-08-14 Neltharion,2023-08-14T17:54:49.284Z,2023-08-14T21:00:49.707Z,33,"Aberrus, the Shadowed Crucible",2023-08-14,Mythic,23,0,23,6770,1,0
yAkGZ84XCjHdJP6f,2023-01-25 hc,2023-01-25T19:08:36.528Z,2023-01-25T19:39:39.490Z,31,Vault of the Incarnates,2023-01-25,Heroic,3,3,0,951,3,3
pZY1jwcDGn3mdK2a,First Night of Queen WOOOO 02-03,2025-02-03T18:56:34.410Z,2025-02-03T21:58:57.428Z,38,Nerub-ar Palace,2025-02-03,Mythic,34,0,34,4134,1,0
CL8KnrYZ2jXABkGt,Kyveza Mythic 241209,2024-12-09T18:56:20.958Z,2024-12-09T21:56:17.373Z,38,Nerub-ar Palace,2024-12-09,Mythic,35,0,35,4692,1,0
XRvmn976ZfdP8NQz,2023-09-11 Sark,2023-09-11T17:52:54.719Z,2023-09-11T20:58:13.111Z,33,"Aberrus, the Shadowed Crucible",2023-09-11,Mythic,32,0,32,5775,1,0
LtXYhnv8mk4cz69H,Last Dimmy before Christmas wooo - 12-17,2025-12-17T18:51:54.535Z,2025-12-17T21:51:51.260Z,44,Manaforge Omega,2025-12-17,Mythic,30,0,30,5472,1,0
myC6dYFhbrgRQKJB,2024-10-23 hc into myffic,2024-10-23T18:00:56.918Z,2024-10-23T20:57:24.672Z,38,Nerub-ar Palace,2024-10-23,Heroic,21,6,15,4625,6,6
YqgrxTWDHhXn9dA4,2023-02-13 dathea,2023-02-13T19:14:24.713Z,2023-02-13T22:05:00.018Z,31,Vault of the Incarnates,2023-02-13,Mythic,36,0,36,6202,1,0
F3LNgB27kpPG4xmz,Since jads doesn't log this..,2025-09-24T17:47:59.436Z,2025-09-24T20:53:29.417Z,44,Manaforge Omega,2025-09-24,Mythic,26,4,22,5363,4,4
zqkGmd2x3JFrMH6P,2023-02-15 reclear into dathea,2023-02-15T19:05:11.612Z,2023-02-15T21:53:25.052Z,31,Vault of the Incarnates,2023-02-15,Mythic,23,5,18,4700,6,5
aLFwBhHWmTYJqtn6,2023-09-04 sark,2023-09-04T18:01:17.480Z,2023-09-04T20:59:21.563Z,33,"Aberrus, the Shadowed Crucible",2023-09-04,Mythic,29,0,29,5538,1,0
6NzHCPd9ZKDpgJ1t,2024-09-23 heroic,2024-09-23T17:50:45.661Z,2024-09-23T20:57:47.945Z,38,Nerub-ar Palace,2024-09-23,Heroic,32,2,30,4908,3,2
h1yRWTqfCdNjPZgX,Silken Court No For Real This Time 01-29,2025-01-29T18:56:56.063Z,2025-01-29T20:25:49.723Z,38,Nerub-ar Palace,2025-01-29,Mythic,10,1,9,2376,2,1
jRYn8gD2yHqQC1Gc,Painsmith prog,2021-10-06T17:15:16.666Z,2021-10-06T20:00:02.041Z,28,Sanctum of Domination,2021-10-06,Mythic,34,0,34,5719,1,0
jDmXP2rK8bnBxqGM,Castle Nathria HC Reclear,2021-01-27T18:54:46.616Z,2021-01-27T22:33:04.944Z,26,Castle Nathria,2021-01-27,Heroic,20,9,11,6109,10,9
W9V7MzPhfYtGZC1X,"Week 2, Council Boogaloo - 03-25",2026-03-25T18:50:42.773Z,2026-03-25T19:14:10.830Z,46,VS / DR / MQD,2026-03-25,Normal,2,1,1,340,1,1
ngqd1JF4TtZmLMVv,HC clear,2021-03-12T21:06:25.582Z,2021-03-12T23:23:06.381Z,26,Castle Nathria,2021-03-12,Heroic,12,7,5,3015,7,7
pQ3XwyPgjnKRNAHc,Raz v2 blu,2023-04-25T05:07:09.278Z,2023-04-25T05:16:09.778Z,31,Vault of the Incarnates,2023-04-25,Mythic,1,0,1,540,1,0
FhCw4GyA9jJmc8Rv,Castle Nathria,2021-03-10T18:56:26.809Z,2021-03-10T19:13:18.078Z,26,Castle Nathria,2021-03-10,Heroic,1,1,0,365,1,1
FbcWdQ47krt2ahzH,2023-01-09,2023-01-09T19:03:21.051Z,2023-01-09T21:59:52.881Z,31,Vault of the Incarnates,2023-01-09,Heroic,18,3,15,4032,4,3
BNwd7DmQhGkxKpPc,Midnight Mythic Mraiding 04-06,2026-04-06T18:05:52.644Z,2026-04-06T21:45:00.490Z,46,VS / DR / MQD,2026-04-06,Mythic,20,2,18,5804,2,2
BqNcn4Tbk3M8X92f,2025-04-07 RIKA RIKA REEVERB,2025-04-07T18:26:05.681Z,2025-04-07T21:00:04.076Z,42,Liberation of Undermine,2025-04-07,Mythic,23,1,22,3620,2,1
6xP4Z9y3pVzBKbAw,Mythic Reclear 11_06,2024-11-06T18:50:23.171Z,2024-11-06T21:59:22.878Z,38,Nerub-ar Palace,2024-11-06,Mythic,26,4,22,4911,5,4
pvxMTJyZKV93gQW4,2023-07-17 RASHOK KILL,2023-07-17T18:03:56.736Z,2023-07-17T20:28:44.053Z,33,"Aberrus, the Shadowed Crucible",2023-07-17,Mythic,19,3,16,4751,3,3
NBZdmPaTkAWxyMnr,Castle Nathria,2021-02-03T19:01:29.264Z,2021-02-03T20:32:05.242Z,26,Castle Nathria,2021-02-03,Heroic,7,5,2,2141,4,4
fKrXkYcht4HxWVRw,Social Run - Group 2 - 22/09,2024-09-18T15:30:55.819Z,2024-09-22T21:05:29.726Z,38,Nerub-ar Palace,2024-09-18,Heroic,36,25,11,8249,8,8
XMAqfGtzDcavdw98,HC Guardian,2021-07-26T18:32:02.260Z,2021-07-26T18:37:14.009Z,28,Sanctum of Domination,2021-07-26,Heroic,1,1,0,311,1,1
mDtbAkRna3NXzvQC,First heroic excursion - 03-10,2025-03-10T18:55:13.087Z,2025-03-10T22:04:05.822Z,42,Liberation of Undermine,2025-03-10,Heroic,23,4,19,4595,5,4
fmwrjTCN4W3QxYJd,Return of the Rune - Mythic 15-01,2024-01-15T18:57:38.630Z,2024-01-15T21:35:05.195Z,35,"Amirdrassil, the Dream's Hope",2024-01-15,Mythic,17,1,16,3659,2,1
w9bNRjWMDQZvLq2k,2024-10-21 mythic big tings,2024-10-21T18:06:26.288Z,2024-10-21T21:02:35.734Z,38,Nerub-ar Palace,2024-10-21,Mythic,30,1,29,5214,2,1
hxcPCJmw69r8p1GF,Mythic Queen w/ Favourite Mercs 02-17,2025-02-17T18:50:36.957Z,2025-02-17T20:13:12.405Z,38,Nerub-ar Palace,2025-02-17,Mythic,12,0,12,2065,1,0
wRW7QpkbhdnFAxBm,Social Raid 06-10,2024-10-06T17:58:58.344Z,2024-10-06T20:30:51.777Z,38,Nerub-ar Palace,2024-10-06,Heroic,17,7,10,4128,8,7
7GtbDwhdaX3mTJjR,hc fated sepulcher,2022-09-12T18:02:49.995Z,2022-09-12T20:40:46.087Z,29,Sepulcher of the First Ones,2022-09-12,Heroic,14,10,4,4303,11,10
N4Yqydzr2GhPRVmv,2023-05-10 10.1 FIRST RAID!!,2023-05-10T18:00:49.225Z,2023-05-10T21:00:03.193Z,33,"Aberrus, the Shadowed Crucible",2023-05-10,Normal,20,8,12,4503,9,8
jgJZ3apzT9Y468rt,2023-12-20,2023-12-20T18:50:34.055Z,2023-12-20T22:00:06.712Z,35,"Amirdrassil, the Dream's Hope",2023-12-20,Heroic,22,7,15,4454,8,7
HPbva4fwG2kdBrm6,Heroic -> Mythic Night One WOOOOO 08-25,2025-08-25T17:44:52.753Z,2025-08-25T21:00:50.080Z,44,Manaforge Omega,2025-08-25,Heroic,25,2,23,6014,4,2
jtJvycNdGTB1D9Mw,Finish up Heroic into... Mythic? 03-30,2026-03-30T18:09:10.208Z,2026-03-30T22:10:39.511Z,46,VS / DR / MQD,2026-03-30,Heroic,20,1,19,6638,2,1
r1t4H6AzXWYNvFPb,2023-01-11,2023-01-11T18:53:05.776Z,2023-01-11T22:06:17.409Z,31,Vault of the Incarnates,2023-01-11,Heroic,17,9,8,3574,8,7
yQPzhDNWjZnpYTkH,6 april hc reclear,2022-04-06T18:00:19.827Z,2022-04-06T21:02:57.970Z,29,Sepulcher of the First Ones,2022-04-06,Heroic,23,10,13,5008,10,10
cWw94yCA2QKXx1nR,Sanctum FULL,2021-07-07T18:01:46.653Z,2021-07-07T20:51:47.683Z,28,Sanctum of Domination,2021-07-07,Normal,15,5,10,3866,6,5
y8FCTZ9fMcGhrDKb,2024-09-22 alt raid group 1!!,2024-09-22T17:55:49.827Z,2024-09-22T20:44:59.546Z,38,Nerub-ar Palace,2024-09-22,Heroic,20,12,8,4408,8,8
hwpVtTLrzBZXqmv4,2 may mythic,2022-05-02T18:02:24.570Z,2022-05-02T21:05:40.297Z,29,Sepulcher of the First Ones,2022-05-02,Mythic,22,1,21,6273,2,1
L31rt6vbmkJHpQqy,Hey It's Me Linus,2023-03-06T18:53:40.227Z,2023-03-06T21:41:40.889Z,31,Vault of the Incarnates,2023-03-06,Mythic,17,4,13,4153,5,4
6189vtG3pHAwzgQT,HC Sire + Mythic reclear,2021-03-24T19:16:32.110Z,2021-03-24T22:29:45.413Z,26,Castle Nathria,2021-03-24,Heroic,19,4,15,4213,7,4
YZgXMmtv4GLQyNTd,Omegaluls in the Manaforge - 0813,2025-08-13T17:41:34.504Z,2025-08-13T21:59:39.874Z,44,Manaforge Omega,2025-08-13,Heroic,17,10,7,3498,8,8
6zNmtTncWpZP4XR9,Mythic Reclear 30/10,2024-10-30T15:23:56.234Z,2024-10-31T00:46:31.795Z,38,Nerub-ar Palace,2024-10-30,Heroic,30,14,16,5935,8,8
ZVXHmTh61jpBG4wx,Overtime Squad - Heroic Gally - 0325,2025-03-25T18:51:51.399Z,2025-03-25T20:48:57.302Z,42,Liberation of Undermine,2025-03-25,Heroic,21,0,21,3283,1,0
drZ2VJWRtzk4nL3A,Painsmith,2021-10-27T17:55:32.569Z,2021-10-27T21:08:58.565Z,28,Sanctum of Domination,2021-10-27,Mythic,25,0,25,7234,1,0
1RqkPFWvCxLBZgVQ,Phase 3 let's go - Mythic 31/01,2024-01-31T18:51:48.476Z,2024-01-31T22:03:34.691Z,35,"Amirdrassil, the Dream's Hope",2024-01-31,Mythic,32,0,32,5278,1,0
DwhcVRGkQtCAag2b,It's the final Dimdown - 01-12,2026-01-12T18:45:42.055Z,2026-01-12T21:59:11.601Z,44,Manaforge Omega,2026-01-12,Mythic,32,0,32,6339,1,0
JNY1P9hgqwxLWby4,2022-12-21 reclear,2022-12-21T18:54:40.025Z,2022-12-21T21:57:01.912Z,31,Vault of the Incarnates,2022-12-21,Heroic,15,11,4,4097,8,8
XyFknKqWVBzcP2fM,MUGZEE ACTUALLY DIED WHAT THE FUCK - 0702,2025-07-02T17:38:19.645Z,2025-07-02T18:40:16.756Z,42,Liberation of Undermine,2025-07-02,Mythic,3,1,2,944,1,1
baWVdRYBv1DQxXm2,raz post nerf,2023-04-05T17:58:23.632Z,2023-04-05T21:09:02.702Z,31,Vault of the Incarnates,2023-04-05,Mythic,21,0,21,6241,1,0
vWTXhHAYa9ycbNng,25 april the jailer kill,2022-04-25T18:15:04.730Z,2022-04-25T21:03:29.831Z,29,Sepulcher of the First Ones,2022-04-25,Heroic,27,1,26,5873,1,1
NwaHkx1r6ntc97Kf,HC SLG,2021-04-07T18:16:31.914Z,2021-04-07T18:22:24.157Z,26,Castle Nathria,2021-04-07,Heroic,1,1,0,352,1,1
Q291NrXdcY8LptH6,2023-02-20 dathea,2023-02-20T18:58:08.267Z,2023-02-20T22:01:03.048Z,31,Vault of the Incarnates,2023-02-20,Mythic,29,1,28,6061,2,1
DQA9RPrvc6pBVjha,CN skip reclear,2021-02-17T19:00:16.778Z,2021-02-17T19:50:09.124Z,26,Castle Nathria,2021-02-17,Heroic,4,4,0,1304,4,4
WF39LNayZYcjkhwH,Let's go Gambling!!! 05-26,2025-05-26T17:50:54.576Z,2025-05-26T20:59:34.531Z,42,Liberation of Undermine,2025-05-26,Mythic,43,0,43,5086,1,0
PxN7W8MVJvnTjKBQ,2025-11-03 left side are all getting kåvid19,2025-11-03T18:55:49.465Z,2025-11-03T22:00:20.346Z,44,Manaforge Omega,2025-11-03,Mythic,40,0,40,6296,1,0
d8T2FyLfGpaHPNAq,Mythic skip,2023-04-19T18:15:44.980Z,2023-04-19T21:26:07.834Z,31,Vault of the Incarnates,2023-04-19,Heroic,22,2,20,6249,3,2
Dp7GaWQPCmVdgFXw,28 march rygelon hc,2022-03-28T17:51:11.991Z,2022-03-28T21:06:53.313Z,29,Sepulcher of the First Ones,2022-03-28,Heroic,36,1,35,4704,2,1
pWxYMRbVZgAq3cJT,2025-07-09 gallywix,2025-07-09T17:52:30.865Z,2025-07-09T21:00:30.899Z,42,Liberation of Undermine,2025-07-09,Mythic,30,0,30,4197,1,0
Q3pA2CygFaJ46VBh,CN Mythic,2021-01-31T19:07:19.762Z,2021-01-31T21:20:48.418Z,26,Castle Nathria,2021-01-31,Normal,12,10,2,3390,10,10
AmWFQD1kV7xLHBaT,2024-05-08 amidrassil!!,2024-05-08T18:01:12.377Z,2024-05-08T20:29:16.109Z,35,"Amirdrassil, the Dream's Hope",2024-05-08,Heroic,22,18,4,3992,9,9
ZwdWAqyKDGXz8b7g,Silken Court 08-01-25,2025-01-08T18:48:10.042Z,2025-01-08T22:00:07.492Z,38,Nerub-ar Palace,2025-01-08,Mythic,36,0,36,4900,1,0
tN7FgQD2aYhrCwM3,2023-02-01,2023-02-01T18:52:28.869Z,2023-02-01T22:01:46.571Z,31,Vault of the Incarnates,2023-02-01,Heroic,22,7,15,4976,7,6
FHqm2NQMg3cPf6Kd,2025-10-01 reclearingtons,2025-10-01T17:53:20.594Z,2025-10-01T21:03:12.985Z,44,Manaforge Omega,2025-10-01,Mythic,24,5,19,4858,6,5
wnT8jAxh391kGNHM,2023-08-16 echo of who?,2023-08-16T17:58:32.577Z,2023-08-16T19:02:41.994Z,33,"Aberrus, the Shadowed Crucible",2023-08-16,Mythic,7,1,6,2373,1,1
np7Hz8afhcDTv9gj,HC Skip,2021-09-06T18:00:00.401Z,2021-09-06T21:05:57.145Z,28,Sanctum of Domination,2021-09-06,Heroic,25,3,22,5651,4,3
w9arMPCZYFty2KNj,Devvy D - 11-26,2025-11-26T18:45:42.869Z,2025-11-26T21:59:04.509Z,44,Manaforge Omega,2025-11-26,Mythic,41,0,41,4790,1,0
71JTkganfm3RBW9Z,Normal alt raid,2021-02-14T19:00:44.964Z,2021-02-14T22:34:17.804Z,26,Castle Nathria,2021-02-14,Heroic,23,8,15,5307,8,7
HfdjMRqY14XaVtCN,CN SLG + Sire and then mythic,2021-03-17T19:05:44.256Z,2021-03-17T22:32:39.959Z,26,Castle Nathria,2021-03-17,Heroic,26,3,23,5722,4,3
XkAV8NCLH7jrqGgy,hc nathria,2022-09-14T17:53:05.516Z,2022-09-14T19:26:51.427Z,26,Castle Nathria,2022-09-14,Heroic,11,10,1,2142,10,10
wWByqzNCQ28MtLJZ,GM Abandons Children,2023-06-28T17:51:46.695Z,2023-06-28T20:16:22.603Z,33,"Aberrus, the Shadowed Crucible",2023-06-28,Heroic,10,7,3,2769,6,6
NJMDKFdYXnmgBkqZ,MYTHIC,2021-03-24T20:30:36.525Z,2021-03-24T22:30:18.890Z,26,Castle Nathria,2021-03-24,Mythic,3,3,0,1010,3,3
d3PAtMnvbDKqFr9Y,CN heroic alt run 3,2021-02-28T20:11:32.287Z,2021-02-28T23:18:43.216Z,26,Castle Nathria,2021-02-28,Heroic,16,6,10,5716,6,6
GFQbX4cYDJWh1g2m,Nexus King Day 2 - 10-22,2025-10-22T17:55:38.354Z,2025-10-22T21:00:09.844Z,44,Manaforge Omega,2025-10-22,Mythic,40,0,40,5594,1,0
3DVpdAfnRhy2gGcv,FUCKING ROA,2021-03-07T19:13:45.757Z,2021-03-07T22:46:31.563Z,26,Castle Nathria,2021-03-07,Heroic,4,4,0,1545,4,4
NzGpwY6AqHFRjrvn,Reclear -> Fruities (RIP Codywoo) 05-28,2025-05-28T17:51:17.034Z,2025-05-28T21:06:31.967Z,42,Liberation of Undermine,2025-05-28,Heroic,28,4,24,4760,4,4
vyAkKQ9zLWFtGbcN,2025-04-16,2025-04-16T17:45:55.123Z,2025-04-16T21:03:02.233Z,42,Liberation of Undermine,2025-04-16,Heroic,22,7,15,5385,7,6
QVgpBkK9fbqZnmT3,2023-10-02 SARK MUST DIE,2023-10-02T17:53:17.348Z,2023-10-02T21:04:21.561Z,33,"Aberrus, the Shadowed Crucible",2023-10-02,Mythic,26,0,26,7111,1,0
jhCYADc9HJKqf3mN,CN alt raid,2021-03-28T18:15:19.221Z,2021-03-28T21:06:20.213Z,26,Castle Nathria,2021-03-28,Heroic,16,8,8,4352,8,8
kaTnjwbWM4h17FQJ,Soul Hunters -> NK - 10-20,2025-10-20T17:43:26.092Z,2025-10-20T21:02:08.240Z,44,Manaforge Omega,2025-10-20,Mythic,40,1,39,4837,2,1
jvLpYP89rzabFH3n,2023-10-30 reclear,2023-10-30T19:00:03.880Z,2023-10-30T21:57:41.068Z,33,"Aberrus, the Shadowed Crucible",2023-10-30,Mythic,23,3,20,5430,3,3
JGqvrL1BpaH36MnA,Heroic Clear - 0706,2025-07-06T18:03:50.299Z,2025-07-06T19:57:22.156Z,42,Liberation of Undermine,2025-07-06,Heroic,16,8,8,3176,8,8
MZ7Rb2qHarBj94C6,reclear red side,2023-04-24T18:21:06.038Z,2023-04-24T21:10:26.335Z,31,Vault of the Incarnates,2023-04-24,Mythic,17,4,13,5250,4,4
qCWyGR9YJbgjdA8B,The power of Michael Bublé helps P1 - 12-01,2025-12-01T12:45:20.205Z,2025-12-01T21:59:39.904Z,44,Manaforge Omega,2025-12-01,Heroic,45,7,38,7409,8,7
VmRWKahdJnZPfbjM,CN Council mythic,2021-04-05T18:24:13.810Z,2021-04-05T21:33:49.583Z,26,Castle Nathria,2021-04-05,Mythic,18,2,16,4329,4,2
czFtkamKxZNr3YnP,"Amirdrassil, the Dream's Hope",2024-02-05T19:00:44.127Z,2024-02-05T22:00:33.767Z,35,"Amirdrassil, the Dream's Hope",2024-02-05,Mythic,29,0,29,6103,1,0
RT9FXYDLbxJ1vKwQ,eranog,2023-04-19T18:11:54.408Z,2023-04-19T18:14:39.453Z,31,Vault of the Incarnates,2023-04-19,Mythic,1,1,0,165,1,1
C74qtGdWYKXwch2n,Rasz Red Side,2023-04-03T18:17:59.156Z,2023-04-03T20:57:43.786Z,31,Vault of the Incarnates,2023-04-03,Mythic,22,0,22,5787,1,0
dn36btV8hL1QJ9rZ,2023-08-02 Neltharion,2023-08-02T17:57:50.935Z,2023-08-02T20:54:47.736Z,33,"Aberrus, the Shadowed Crucible",2023-08-02,Mythic,28,0,28,5693,1,0
GHmqkjf1C7PhVTgN,Worm Kill (no cope I promise) - Mythic 11_18,2024-11-18T18:54:06.361Z,2024-11-18T22:03:56.531Z,38,Nerub-ar Palace,2024-11-18,Mythic,23,0,23,6233,1,0
RaMkVL7rThDmJQjY,Achievment Run 1103,2024-11-03T18:55:08.934Z,2024-11-03T20:20:42.285Z,38,Nerub-ar Palace,2024-11-03,Normal,12,8,4,1912,8,8
84mwLTvkNh1WMY76,Ansurek dies in 11.1? 02-26 pt2,2025-02-26T20:36:35.439Z,2025-02-26T22:01:00.790Z,38,Nerub-ar Palace,2025-02-26,Mythic,16,0,16,3244,1,0
vgGjY8QRtPBKT23b,2023-03-01 skip,2023-03-01T18:53:41.396Z,2023-03-01T22:03:17.664Z,31,Vault of the Incarnates,2023-03-01,Mythic,25,1,24,6455,2,1
RtQ6b7hy3cTa8BPL,Fatescribe 17 nov,2021-11-17T19:23:04.222Z,2021-11-17T22:04:24.976Z,28,Sanctum of Domination,2021-11-17,Mythic,28,0,28,5787,1,0
ybJKBTgYf2wXGqtR,2024-04-29 hc,2024-04-29T18:07:10.900Z,2024-04-29T21:08:09.309Z,31,Vault of the Incarnates,2024-04-29,Heroic,15,9,6,5049,8,8
CbnDMtwkhQLVzqFP,2023-10-11 SARKARETH!!!!!!!!!!!!!!!!!!!!!,2023-10-11T18:00:10.703Z,2023-10-11T20:38:58.515Z,33,"Aberrus, the Shadowed Crucible",2023-10-11,Mythic,19,1,18,5454,1,1
KR7kQLAztqwrV2dZ,HC Reclear,2021-07-28T18:13:30.342Z,2021-07-28T20:53:33.558Z,28,Sanctum of Domination,2021-07-28,Heroic,17,7,10,4151,8,7
vmqQy2YTK9gCzN4V,2023-02-27 Diurna 2,2023-02-27T18:56:12.738Z,2023-02-27T22:01:37.689Z,31,Vault of the Incarnates,2023-02-27,Mythic,31,0,31,5665,1,0
VGw1WQk3FpAbTmJC,fated hc jailer,2022-08-22T18:01:02.953Z,2022-08-22T18:29:10.414Z,29,Sepulcher of the First Ones,2022-08-22,Heroic,3,1,2,718,1,1
mknRYJKPDaG8dNp9,Smolderon dies TONIGHT - Mythic 19/02,2024-02-19T18:49:46.952Z,2024-02-19T21:58:54.747Z,35,"Amirdrassil, the Dream's Hope",2024-02-19,Mythic,32,0,32,6358,1,0
FHkYy4mbxQ6NKAVB,hc sc,2021-08-11T18:01:31.914Z,2021-08-11T20:01:40.597Z,28,Sanctum of Domination,2021-08-11,Heroic,10,8,2,2613,8,8
CqNZJmxHYDtjkKrX,Sylvanas 17 jan,2022-01-17T18:57:55.519Z,2022-01-17T21:57:09.736Z,28,Sanctum of Domination,2022-01-17,Mythic,24,0,24,6805,1,0
hTwrmX2anJfG1zgb,HC megagroup full,2021-09-03T21:45:52.434Z,2021-09-03T22:57:11.595Z,28,Sanctum of Domination,2021-09-03,Heroic,4,4,0,1222,4,4
k69nMBwcAtPd4fbV,Ellie had PC issues (shock) - Mythic 17-01-24,2024-01-17T19:02:18.973Z,2024-01-17T22:00:06.974Z,35,"Amirdrassil, the Dream's Hope",2024-01-17,Mythic,16,5,11,4350,6,5
vxXL2nk4jGTBZyfz,Mar22,2023-03-22T18:59:08.399Z,2023-03-22T22:05:54.336Z,31,Vault of the Incarnates,2023-03-22,Mythic,28,0,28,5388,1,0
aF1Zd7MKNfHg8q6h,2024-09-30 queen gyattsurek,2024-09-30T17:50:55.865Z,2024-09-30T21:22:51.732Z,38,Nerub-ar Palace,2024-09-30,Heroic,41,0,41,6440,1,0
LVMR1GJhNHwkA9yp,Kyveza Day 2 - 12_02,2024-12-02T19:03:24.355Z,2024-12-02T21:58:54.446Z,38,Nerub-ar Palace,2024-12-02,Mythic,42,0,42,5084,1,0
gXWYHzBTmv6xLfQy,Sylvanas 19 jan,2022-01-19T18:57:00.753Z,2022-01-19T21:58:59.655Z,28,Sanctum of Domination,2022-01-19,Mythic,23,0,23,6530,1,0
7RQ6VTPhYmfg3BL8,Sepulcher 7 march,2022-03-07T18:21:05.721Z,2022-03-07T22:03:30.747Z,29,Sepulcher of the First Ones,2022-03-07,Heroic,18,0,18,6389,1,0
CXVar4KL8Jf2xHt3,2022-12-26 dathea hc,2022-12-26T18:50:50.886Z,2022-12-26T22:00:53.383Z,31,Vault of the Incarnates,2022-12-26,Heroic,23,4,19,5209,4,4
bym2x9n8Z6H7fBYR,kill bird blue,2023-04-12T17:44:42.661Z,2023-04-12T19:02:18.737Z,31,Vault of the Incarnates,2023-04-12,Mythic,4,1,3,2738,1,1
xL9yRtDvjZK7QTYJ,Stix for real..... 04-21,2025-04-21T17:48:03.192Z,2025-04-21T21:00:21.025Z,42,Liberation of Undermine,2025-04-21,Mythic,39,1,38,4299,2,1
MbAYL1vNncGDxk4t,16 may artificer,2022-05-16T17:49:14.648Z,2022-05-16T21:04:12.319Z,29,Sepulcher of the First Ones,2022-05-16,Heroic,27,2,25,5818,3,2
R2xDrFc7MvtpbjVa,2024-10-02 hc!!,2024-10-02T17:49:43.513Z,2024-10-02T21:02:58.616Z,38,Nerub-ar Palace,2024-10-02,Heroic,28,7,21,5818,8,7
Mrkxav4dpW2gRP9j,2023-07-05,2023-07-05T17:54:10.699Z,2023-07-05T21:02:18.104Z,33,"Aberrus, the Shadowed Crucible",2023-07-05,Heroic,23,5,18,5093,5,4
jQGNw4YCkxbfhXJL,NO I MEAN IT THIS IS WHERE QUEEN DIES 03-03,2025-03-03T18:55:08.980Z,2025-03-03T21:59:57.706Z,38,Nerub-ar Palace,2025-03-03,Mythic,31,0,31,6339,1,0
p3Ba1twKXcWYdHzh,First social raid 03-09,2025-03-09T19:01:26.998Z,2025-03-09T21:46:03.683Z,42,Liberation of Undermine,2025-03-09,Normal,16,8,8,3947,8,8
jb8fTA9RLWr1wqJ6,"We came, we saw, we wiped 420 times - 01-20",2026-01-20T18:39:28.804Z,2026-01-20T22:40:12.901Z,44,Manaforge Omega,2026-01-20,Mythic,29,1,28,9392,1,1
VaL1WqYwpMNCAmPn,2023-05-29 last hc into mythic,2023-05-29T18:05:32.836Z,2023-05-29T21:01:04.921Z,33,"Aberrus, the Shadowed Crucible",2023-05-29,Heroic,24,3,21,5042,4,3
MymtjWk9brQ6aBqR,Giving Mug'Zee the Belt - 0623,2025-06-23T17:46:53.360Z,2025-06-23T21:02:20.772Z,42,Liberation of Undermine,2025-06-23,Mythic,29,0,29,5970,1,0
8WnpVdcDXqkmxLQ3,2024-10-09 HC into myffic,2024-10-09T17:49:27.582Z,2024-10-09T21:04:28.330Z,38,Nerub-ar Palace,2024-10-09,Heroic,19,9,10,4979,8,8
HTpRZzhFVrkLdgaG,CN HC skip,2021-03-17T19:04:43.064Z,2021-03-17T21:35:24.003Z,26,Castle Nathria,2021-03-17,Heroic,18,3,15,4490,3,3
vNfJFDBnwhcQx93X,CN Heroic,2021-02-07T19:58:45.121Z,2021-02-07T22:30:08.526Z,26,Castle Nathria,2021-02-07,Heroic,13,5,8,3293,5,5
DTA2kdvKmaBX6qQf,2024-10-14 myffic,2024-10-14T17:51:22.195Z,2024-10-14T20:59:14.900Z,38,Nerub-ar Palace,2024-10-14,Mythic,27,2,25,4729,3,2
XRvMP8JcmQdzbxD9,2023-05-28 alt raid,2023-05-28T17:54:01.990Z,2023-05-28T21:29:20.698Z,33,"Aberrus, the Shadowed Crucible",2023-05-28,Heroic,25,11,14,5883,9,9
17qgyjKDdBhHkN4z,Heroic Alt Raid 08-31,2025-08-31T16:57:39.562Z,2025-08-31T19:27:57.032Z,44,Manaforge Omega,2025-08-31,Heroic,15,6,9,5049,6,6
hzDYQK3Pmvy9wbN8,2023-02-22 reclear,2023-02-22T19:03:38.489Z,2023-02-22T21:53:56.930Z,31,Vault of the Incarnates,2023-02-22,Mythic,18,6,12,5298,6,6
H6Pb21aCMRf9xc7p,CN mythic,2021-02-17T19:50:09.124Z,2021-02-17T22:33:02.708Z,26,Castle Nathria,2021-02-17,Mythic,14,3,11,3348,4,3
4xHQp8NCZ1FnrB3X,2024-09-25,2024-09-25T17:46:52.670Z,2024-09-25T20:57:29.193Z,38,Nerub-ar Palace,2024-09-25,Heroic,26,7,19,4412,8,7
aZTLBhrwRADNk3cJ,tarragrue normal,2021-08-15T16:08:44.648Z,2021-08-15T16:12:34.873Z,28,Sanctum of Domination,2021-08-15,Normal,1,1,0,230,1,1
nVz7AwLWX1pHaNMD,Castle Nathria,2021-03-21T19:24:57.982Z,2021-03-21T19:28:50.950Z,26,Castle Nathria,2021-03-21,Heroic,1,1,0,232,1,1
MfdGNxrVpCBFv3nK,2023-03-15 razzy,2023-03-15T18:53:03.721Z,2023-03-15T22:03:16.059Z,31,Vault of the Incarnates,2023-03-15,Mythic,31,0,31,5077,1,0
x8qHhv3j9JVABLQn,Reclear? More like Peeclear am I right 09-17,2025-09-17T17:56:17.902Z,2025-09-17T21:04:56.809Z,44,Manaforge Omega,2025-09-17,Heroic,23,7,16,4666,7,7
gxQ2TZNzrtKCW7cP,CN Mythic,2021-02-10T20:16:22.520Z,2021-02-10T22:30:44.954Z,26,Castle Nathria,2021-02-10,Mythic,15,1,14,3920,2,1
RLNMcmjFQHXyw6hJ,HC reclear full,2021-08-18T18:16:15.657Z,2021-08-18T21:04:46.579Z,28,Sanctum of Domination,2021-08-18,Heroic,15,10,5,4943,10,10
Tp4v6ngYDyjqtLAd,Heroic Reclear -> Mythic RECLEAR BABY WOOO 09-03,2025-09-03T17:51:35.300Z,2025-09-03T21:01:13.682Z,44,Manaforge Omega,2025-09-03,Heroic,20,9,11,4900,7,7
x1b8mRM7ZJcv34gX,2023-08-09 Neltharion,2023-08-09T17:52:45.706Z,2023-08-09T21:05:42.819Z,33,"Aberrus, the Shadowed Crucible",2023-08-09,Mythic,24,0,24,6477,1,0
aB7CxFdDvkAgTMp8,Student Council - Mar 08,2023-03-08T19:15:50.032Z,2023-03-08T21:45:05.596Z,31,Vault of the Incarnates,2023-03-08,Mythic,19,5,14,4241,5,5
A4tyVqTKzjZ6GFWY,2023-01-02,2023-01-02T18:57:02.735Z,2023-01-02T22:06:19.745Z,31,Vault of the Incarnates,2023-01-02,Heroic,26,1,25,5614,2,1
fp4jrD76NZBzdnP1,Achievment Run 11-23,2025-11-23T19:04:36.281Z,2025-11-23T20:54:13.465Z,44,Manaforge Omega,2025-11-23,Normal,15,8,7,2971,8,8
pFXAZdVQRn1D3Yxy,2025-07-07 gally,2025-07-07T17:46:19.348Z,2025-07-07T20:59:04.035Z,42,Liberation of Undermine,2025-07-07,Mythic,41,0,41,3952,1,0
QfKkh16zW97cV24d,Alt Raid Team 2 - 29/09,2024-09-29T18:02:53.882Z,2024-09-29T21:10:05.539Z,38,Nerub-ar Palace,2024-09-29,Heroic,22,13,9,4699,8,8
fvYtVZPrkx1nb4qB,2023-11-20 Amirdrasilly billy,2023-11-20T18:55:45.643Z,2023-11-21T01:39:59.092Z,35,"Amirdrassil, the Dream's Hope",2023-11-20,Heroic,45,4,41,8865,5,4
GBCwct9Q8XHMNfxn,"Week 2, Council Boogaloo - 03-25 Voidspire Edition",2026-03-25T18:50:42.773Z,2026-03-25T22:11:26.724Z,46,VS / DR / MQD,2026-03-25,Heroic,18,12,6,4401,7,7
bL83gyvTXwF4N7Cz,alt raid,2024-01-07T19:07:11.370Z,2024-01-07T21:06:36.470Z,35,"Amirdrassil, the Dream's Hope",2024-01-07,Heroic,11,5,6,2611,6,5
z7DcJPX8nHKM2CVQ,Castle Nathria,2021-02-17T18:57:00.360Z,2021-02-17T22:34:02.047Z,26,Castle Nathria,2021-02-17,Heroic,18,7,11,4651,7,6
PnjgRKcry9Qd8Tzq,CN HC alt run continuation,2021-04-04T22:07:06.048Z,2021-04-04T22:50:53.375Z,26,Castle Nathria,2021-04-04,Heroic,2,1,1,369,2,1
LJjnWZp2Xh4KRxad,2023-05-15 normal last into hc,2023-05-15T18:01:35.245Z,2023-05-15T21:00:48.861Z,33,"Aberrus, the Shadowed Crucible",2023-05-15,Heroic,18,8,10,4431,8,8
FaKvNrx26MtkRjTd,21 march Anduin,2022-03-21T19:06:23.463Z,2022-03-21T22:04:23.798Z,29,Sepulcher of the First Ones,2022-03-21,Heroic,30,0,30,5765,1,0
hvzV9HgKJYGBNdCq,Reclear -> Sprocket 05-21,2025-05-21T17:49:07.826Z,2025-05-21T19:56:49.243Z,42,Liberation of Undermine,2025-05-21,Heroic,16,5,11,2907,5,5
QrWTJ39YKdkxybXn,2023-06-05,2023-06-05T17:53:31.219Z,2023-06-05T20:56:10.594Z,33,"Aberrus, the Shadowed Crucible",2023-06-05,Mythic,26,0,26,5551,1,0
A4NVjJB6QtkWK3bv,Kyveza 241211,2024-12-11T18:41:17.676Z,2024-12-11T21:59:29.441Z,38,Nerub-ar Palace,2024-12-11,Mythic,46,0,46,5593,1,0
4bKvXBadLyxWMtYf,Jads hit 470 say gratz - Amirdrassil 22-11-23,2023-11-22T18:55:12.928Z,2023-11-22T22:01:33.472Z,35,"Amirdrassil, the Dream's Hope",2023-11-22,Heroic,20,15,5,3807,9,9
RbkdMca2jL7v9CJQ,Sunday Raid? In this Economy?! 02-03,2025-03-02T18:59:33.042Z,2025-03-02T22:05:05.183Z,38,Nerub-ar Palace,2025-03-02,Mythic,27,0,27,5957,1,0
BMYmFP3n4Wkb2hLV,Mar29,2023-03-29T17:48:10.045Z,2023-03-29T21:07:33.200Z,31,Vault of the Incarnates,2023-03-29,Mythic,29,0,29,6744,1,0
VHt2j6CM3yYJXWLw,2023-08-07 Neltharion,2023-08-07T17:53:27.443Z,2023-08-07T20:58:45.965Z,33,"Aberrus, the Shadowed Crucible",2023-08-07,Mythic,23,0,23,6638,1,0
3QhvWxKCZ6RXTtrp,Tarragrue + KT,2022-02-25T19:09:58.226Z,2022-02-25T21:23:18.266Z,28,Sanctum of Domination,2022-02-25,Mythic,2,2,0,631,2,2
pZ974Mvqz1tLw6jF,GigaGizmo pt 1,2021-08-08T18:41:03.376Z,2021-08-08T20:22:55.379Z,28,Sanctum of Domination,2021-08-08,Normal,11,6,5,2947,6,6
3aTr1CZGbjHwqxmX,Reclear 04-23,2025-04-23T17:42:16.999Z,2025-04-23T20:44:44.444Z,42,Liberation of Undermine,2025-04-23,Heroic,18,8,10,4825,7,7
B73Nv9kfjJnahy1F,normal alt raid,2023-02-26T19:16:23.292Z,2023-02-26T21:20:50.548Z,31,Vault of the Incarnates,2023-02-26,Normal,11,8,3,3478,8,8
pRyf4YZXQTkatFM3,Fatescribe 22 nov,2021-11-22T19:19:12.097Z,2021-11-22T21:10:16.462Z,28,Sanctum of Domination,2021-11-22,Mythic,19,0,19,3136,1,0
dVvNQ6KH4yXmpxra,Artificer Xy'mox prog,2021-02-22T18:43:41.413Z,2021-02-22T22:39:16.594Z,26,Castle Nathria,2021-02-22,Mythic,25,0,25,5723,1,0
v87WZTwyrRtV1mBf,2024-09-18 normal into hc,2024-09-18T17:51:43.494Z,2024-09-18T21:10:32.432Z,38,Nerub-ar Palace,2024-09-18,Heroic,16,13,3,3085,8,8
7ZqAvVTgpGMJDfQ2,hc CN,2022-08-24T17:58:38.646Z,2022-08-24T20:56:00.247Z,26,Castle Nathria,2022-08-24,Heroic,24,9,15,5467,10,9
JR6qn8MVaKHZtX9L,P2 For Real This Time? 02-10,2025-02-10T18:54:35.343Z,2025-02-10T21:57:53.660Z,38,Nerub-ar Palace,2025-02-10,Mythic,35,0,35,5380,1,0
J1QWahcLq2XGz76y,Back to Mythic LET'S GOOOOO - 0324,2025-03-24T18:52:29.922Z,2025-03-24T21:57:48.665Z,42,Liberation of Undermine,2025-03-24,Mythic,22,2,20,5911,2,2
K7A2XtnWmxF1DLy3,Mythic reclear 10-15,2025-10-15T17:52:54.906Z,2025-10-15T20:51:27.458Z,44,Manaforge Omega,2025-10-15,Mythic,22,5,17,4759,6,5
DKcYpGtJgVZj3NMb,Mythic,2021-09-08T18:03:16.949Z,2021-09-08T21:01:00.796Z,28,Sanctum of Domination,2021-09-08,Mythic,18,4,14,4416,4,4
MtdQYP9rX7GhVwga,First Night of Lockenstock!!! 04-28,2025-04-28T17:45:30.536Z,2025-04-28T20:57:39.146Z,42,Liberation of Undermine,2025-04-28,Mythic,45,0,45,4943,1,0
dJDYmB9VrwFQj6PZ,Aberrussy 12-06,2024-06-12T18:00:18.862Z,2024-06-12T19:25:06.022Z,33,"Aberrus, the Shadowed Crucible",2024-06-12,Heroic,12,9,3,2029,9,9
pbzGmXQ8cKA3VRYL,Locken Stocken Progen - 05-12,2025-05-12T17:31:58.920Z,2025-05-12T18:44:52.848Z,42,Liberation of Undermine,2025-05-12,Mythic,5,0,5,822,1,0
rtRQHGnDkXvgmw1q,2025-11-05 salad king kill left side,2025-11-05T19:57:50.839Z,2025-11-05T20:59:16.101Z,44,Manaforge Omega,2025-11-05,Mythic,9,1,8,2268,1,1
R4dZmLazQMBT2Y6n,Linus first mythic as free man - 21-06,2023-06-21T17:49:52.474Z,2023-06-21T20:59:02.765Z,33,"Aberrus, the Shadowed Crucible",2023-06-21,Heroic,21,5,16,5058,5,4
rQYGpHAdZXhjbct2,Logs for the fans (and Callum) - 11-03,2025-11-03T18:42:57.529Z,2025-11-03T22:00:57.641Z,44,Manaforge Omega,2025-11-03,Mythic,40,0,40,6296,1,0
HvJ6KkBRd4qD3yPx,2025-08-18 heroic,2025-08-18T17:47:16.572Z,2025-08-18T20:59:44.387Z,44,Manaforge Omega,2025-08-18,Heroic,18,4,14,4926,5,4
XwbpNQW7h8t9zTcC,KT 6 dec,2021-12-06T18:54:07.813Z,2021-12-06T21:59:45.590Z,28,Sanctum of Domination,2021-12-06,Mythic,30,0,30,5071,1,0
mbd4LZGNHwVzX6Ta,Sludge haha,2021-03-25T00:12:29.286Z,2021-03-25T02:01:09.608Z,26,Castle Nathria,2021-03-25,Normal,8,6,2,1801,6,6
bKqgnCN24BAZVTM1,Aug? Jads? In this economy? - Mythic 12/02,2024-02-12T18:56:53.666Z,2024-02-12T22:01:50.296Z,35,"Amirdrassil, the Dream's Hope",2024-02-12,Mythic,29,0,29,6121,1,0
N9t8HagBJLyQrKG7,BRD HC God Group,2024-10-27T19:05:41.201Z,2024-10-27T21:32:40.465Z,40,Blackrock Depths,2024-10-27,Heroic,25,5,20,5127,6,5
gdDvANnk314prZM7,HC Reclear,2021-08-04T17:51:19.328Z,2021-08-04T21:04:45.557Z,28,Sanctum of Domination,2021-08-04,Heroic,16,9,7,4324,10,9
xGkZ8HpnyKWrRLg7,Sprogen Progen for first time in a while - 05-19,2025-05-19T17:42:34.277Z,2025-05-19T21:00:01.128Z,42,Liberation of Undermine,2025-05-19,Mythic,26,0,26,4595,1,0
kPrMRh94aXWT6w7A,blue side raz april 3,2023-04-03T17:55:12.403Z,2023-04-03T21:01:52.668Z,31,Vault of the Incarnates,2023-04-03,Mythic,24,0,24,5937,1,0
JcC7yrZz4Kht9MxP,M reclear 229,2021-09-22T18:09:47.653Z,2021-09-22T21:08:34.648Z,28,Sanctum of Domination,2021-09-22,Mythic,22,3,19,5011,4,3
ZhDnarQvfFMYpkmq,2024-09-15 Alt raid ellie group 1,2024-09-15T18:01:17.007Z,2024-09-15T19:44:36.633Z,38,Nerub-ar Palace,2024-09-15,Normal,16,8,8,2998,8,8
rf8QvZTwb624MLmG,Sylvanas 12 jan,2022-01-12T19:22:29.165Z,2022-01-12T21:50:54.250Z,28,Sanctum of Domination,2022-01-12,Mythic,21,0,21,5475,1,0
z3G2QJvRjaF8NY46,31 aug sod hc,2022-08-31T18:01:36.477Z,2022-08-31T19:58:55.441Z,28,Sanctum of Domination,2022-08-31,Heroic,14,9,5,3024,9,9
qAJVgPb8X76kWd9h,Loom? Forge? Me next? 09-08,2025-09-08T17:48:19.511Z,2025-09-08T20:57:34.434Z,44,Manaforge Omega,2025-09-08,Mythic,30,1,29,4149,2,1
BvZpT8rygwjc9n1N,2023-09-18 sark,2023-09-18T17:56:12.064Z,2023-09-18T21:04:17.003Z,33,"Aberrus, the Shadowed Crucible",2023-09-18,Mythic,26,0,26,6097,1,0
MmRDF19adtywp6Kx,hc sire,2022-08-29T17:57:30.183Z,2022-08-29T18:12:34.223Z,26,Castle Nathria,2022-08-29,Heroic,1,1,0,344,1,1
W2kB9yDtGmTYvanq,2025-10-27 left side,2025-10-27T18:54:23.082Z,2025-10-27T22:00:44.128Z,44,Manaforge Omega,2025-10-27,Mythic,40,0,40,5940,1,0
DWyKfvYraCZR9mJg,2024-10-07 bundarek + 1st mythic,2024-10-07T18:02:25.749Z,2024-10-07T21:01:47.545Z,38,Nerub-ar Palace,2024-10-07,Heroic,25,2,23,5471,3,2
vc3WKq4tzLpBMHFa,Painsmith,2021-10-25T16:32:04.610Z,2021-10-25T21:03:57.244Z,28,Sanctum of Domination,2021-10-25,Mythic,28,0,28,6485,1,0
Fc1Y7p9d8mfkqCBQ,Democracy vs Monarchy 02-05,2025-02-05T18:52:57.113Z,2025-02-05T21:57:33.732Z,38,Nerub-ar Palace,2025-02-05,Mythic,33,0,33,4991,1,0
TtcAF27afmrwCqJL,2023-01-23 sennarth,2023-01-23T18:51:23.433Z,2023-01-23T22:03:03.747Z,31,Vault of the Incarnates,2023-01-23,Mythic,24,0,24,7034,1,0
MCLDbypH3vqZcFnz,HC,2021-08-02T18:47:40.711Z,2021-08-02T21:24:34.607Z,28,Sanctum of Domination,2021-08-02,Heroic,20,2,18,5223,2,2
bqRxAnLhJBVHfX1W,Sepulcher 6 march,2022-03-06T18:35:25.042Z,2022-03-06T22:14:11.324Z,29,Sepulcher of the First Ones,2022-03-06,Heroic,18,8,10,5082,7,7
MjLA6DqRmKQvcGNp,Last (full) Heroic Reclear of the Tier (OOOOOO) - 04-08,2026-04-08T17:54:33.662Z,2026-04-08T21:02:21.098Z,46,VS / DR / MQD,2026-04-08,Heroic,22,8,14,4676,8,8
1x8gQ3HtCAnXrBfR,"Sylvanas 13 feb (Laggy, called early)",2022-02-13T19:04:38.041Z,2022-02-13T20:08:57.528Z,28,Sanctum of Domination,2022-02-13,Mythic,6,0,6,1666,1,0
k9qGYhZ6CL1pz7TD,rasz red side,2023-04-05T18:26:14.775Z,2023-04-05T21:01:01.850Z,31,Vault of the Incarnates,2023-04-05,Mythic,20,0,20,6195,1,0
VP7dv3LMnRCwbHTq,normal social run,2023-01-01T19:18:56.177Z,2023-01-01T19:33:45.453Z,31,Vault of the Incarnates,2023-01-01,Normal,2,2,0,310,2,2
gtxd6K8RckWDHMFj,Heroic Clear 05-25,2025-05-25T18:22:23.557Z,2025-05-25T19:25:56.422Z,42,Liberation of Undermine,2025-05-25,Heroic,7,4,3,1865,4,4
LJRzbYvCkhDXyT8F,HC Alt run,2021-03-07T19:27:25.531Z,2021-03-07T19:57:23.989Z,26,Castle Nathria,2021-03-07,Heroic,3,0,3,583,1,0
Jk3QgcHMm2PKFYn9,Phase 3? More like Phase Ez - 01-14,2026-01-14T18:42:40.107Z,2026-01-14T21:59:47.143Z,44,Manaforge Omega,2026-01-14,Mythic,27,0,27,6331,1,0
krWfYxvJPmMq8GR6,23 march nm tier + hc,2022-03-23T18:59:22.768Z,2022-03-23T22:13:57.299Z,29,Sepulcher of the First Ones,2022-03-23,Heroic,17,13,4,4764,10,10
3MVAqzjvm7cFLhCK,Scuffy D - 12-08,2025-12-08T18:47:54.413Z,2025-12-08T21:59:00.429Z,44,Manaforge Omega,2025-12-08,Mythic,37,0,37,4903,1,0
yJPjY4GFnvgDd7aH,2023-09-29 team 1 alt raid,2024-09-29T17:58:20.955Z,2024-09-29T19:22:55.638Z,38,Nerub-ar Palace,2024-09-29,Normal,11,8,3,2219,8,8
MhvCfdQZtA2aWB71,2024-05-13 myffic,2024-05-13T18:11:49.659Z,2024-05-13T19:46:24.415Z,35,"Amirdrassil, the Dream's Hope",2024-05-13,Mythic,12,3,9,2522,4,3
4zwRfFcBKAaZ86Yp,Mythic 3/10,2021-08-23T18:21:05.768Z,2021-08-23T20:14:33.678Z,28,Sanctum of Domination,2021-08-23,Mythic,12,3,9,3406,3,3
kyJpCYrFA4Gbv17j,Heroic alt raid,2021-03-14T18:58:35.929Z,2021-03-14T21:59:10.964Z,26,Castle Nathria,2021-03-14,Heroic,17,8,9,3893,8,8
QDMa7kALwpz4mbNr,Guardian,2021-11-03T19:00:10.528Z,2021-11-03T22:01:02.532Z,28,Sanctum of Domination,2021-11-03,Mythic,38,0,38,4767,1,0
kzD1MmaqpNWPhtL4,2023-10-25 reclear,2023-10-25T18:56:49.459Z,2023-10-25T21:09:12.955Z,33,"Aberrus, the Shadowed Crucible",2023-10-25,Mythic,18,0,18,4349,1,0
RQFbjT34GyYVZBHA,CN heroic alt run,2021-04-04T18:01:52.852Z,2021-04-04T21:47:11.156Z,26,Castle Nathria,2021-04-04,Heroic,20,7,13,4460,7,7
VCaPR3FZ6L4wM9p7,"HC Reclear + Shriek, Altimor, Xy'mox",2021-02-24T18:59:30.265Z,2021-02-24T22:21:27.070Z,26,Castle Nathria,2021-02-24,Heroic,19,7,12,5297,6,6
PYnrdK9V2kFvmNwA,2024-09-11 FIRST TWW RAID,2024-09-11T17:52:09.809Z,2024-09-11T20:57:57.930Z,38,Nerub-ar Palace,2024-09-11,Heroic,19,9,10,3937,8,8
tMKRpzq23H4hAybm,2025-10-22 LEFT SIDE,2025-10-22T17:56:37.097Z,2025-10-22T20:59:44.162Z,44,Manaforge Omega,2025-10-22,Mythic,40,0,40,5592,1,0
xNRrdBfvPqJgbDGY,ellie hc brd,2024-10-27T19:15:33.654Z,2024-10-27T20:47:42.780Z,40,Blackrock Depths,2024-10-27,Heroic,15,2,13,3336,3,2
hPLqFDxWZ3JmRBjT,Ovi'nax Kill (????) 11-25,2024-11-25T18:59:54.000Z,2024-11-25T20:31:17.731Z,38,Nerub-ar Palace,2024-11-25,Mythic,10,1,9,2343,2,1
6MvHbdrZ1qXTWcj2,2023-05-24,2023-05-24T17:55:39.934Z,2023-05-24T21:04:07.676Z,33,"Aberrus, the Shadowed Crucible",2023-05-24,Heroic,21,8,13,4653,9,8
qR6McdabCYJ8GF71,2023-07-31 Neltharion,2023-07-31T18:18:50.794Z,2023-07-31T21:01:08.375Z,33,"Aberrus, the Shadowed Crucible",2023-07-31,Mythic,27,0,27,5613,1,0
xwrFDcC27QZdNbTm,14 march,2022-03-14T18:53:54.538Z,2022-03-14T22:00:29.900Z,29,Sepulcher of the First Ones,2022-03-14,Heroic,28,3,25,5090,4,3
j9t2WnbC14fTGvY6,2025-07-16 GALLYGYATT,2025-07-16T18:20:59.208Z,2025-07-16T20:41:04.970Z,42,Liberation of Undermine,2025-07-16,Mythic,16,1,15,3694,1,1
NTw9j3ZvyVzgA7MP,Castle Nathria,2021-03-08T19:00:06.747Z,2021-03-08T22:33:51.016Z,26,Castle Nathria,2021-03-08,Mythic,29,0,29,7213,1,0
Y4dkJA8rghb7ajN9,2023-09-13 sark,2023-09-13T17:58:36.268Z,2023-09-13T21:00:08.515Z,33,"Aberrus, the Shadowed Crucible",2023-09-13,Mythic,25,0,25,6210,1,0
3YvCrVK1bgGBnHPZ,normal after tarragrue,2021-08-15T16:15:17.624Z,2021-08-15T17:59:55.223Z,28,Sanctum of Domination,2021-08-15,Normal,9,9,0,2643,9,9
kXYNz3W8FDL4Vgpa,2023-03-13 diurna kill,2023-03-13T18:50:00.612Z,2023-03-13T22:04:01.093Z,31,Vault of the Incarnates,2023-03-13,Mythic,26,1,25,3962,2,1
YbCwpaTym8PqL21B,Skippy Wippy into Mythy Wythy,2023-12-13T18:54:36.817Z,2023-12-13T22:14:24.875Z,35,"Amirdrassil, the Dream's Hope",2023-12-13,Heroic,21,8,13,4888,7,7
cb6yx8r9zq7RtXn2, Wanchan and TV Pug Adventures For Real This Time,2024-09-17T14:44:21.823Z,2024-09-17T23:42:00.962Z,38,Nerub-ar Palace,2024-09-17,Heroic,41,7,34,7124,7,7
L4JFXt3q8w7gBdv1,Raz Apr 10 Blue,2023-04-10T17:38:10.121Z,2023-04-10T21:08:59.336Z,31,Vault of the Incarnates,2023-04-10,Mythic,19,0,19,8017,1,0
qkg4MK86VWy9hwB1,hc painsmith,2021-07-19T18:21:31.173Z,2021-07-19T21:11:31.931Z,28,Sanctum of Domination,2021-07-19,Heroic,25,2,23,5413,2,2
zpXNbtCG6qv8mWTd,2024-01-03,2024-01-03T18:50:34.666Z,2024-01-03T22:04:08.351Z,35,"Amirdrassil, the Dream's Hope",2024-01-03,Heroic,22,7,15,5253,8,7
Pg14DZpfyFChjnkq,HC Clean Up,2023-11-21T20:12:50.141Z,2023-11-21T22:39:05.382Z,35,"Amirdrassil, the Dream's Hope",2023-11-21,Heroic,21,1,20,4583,1,1
2A6pqG1h84QnfWg9,2023-08-16 sark,2023-08-16T19:28:50.906Z,2023-08-16T20:59:07.559Z,33,"Aberrus, the Shadowed Crucible",2023-08-16,Mythic,22,0,22,2383,1,0
9PDYAwZB6LM3Hmgf,2024-10-02 unemployed raid,2024-10-02T12:30:32.694Z,2024-10-02T13:51:45.474Z,38,Nerub-ar Palace,2024-10-02,Normal,8,8,0,1434,8,8
7xq9fkbjQvz6cBG8,Castle Nathria,2021-03-07T21:09:01.404Z,2021-03-07T22:47:51.866Z,26,Castle Nathria,2021-03-07,Heroic,10,1,9,3650,1,1
dgxaXkbCN8zD6YFQ,Fatescribe KILL,2021-11-29T19:14:17.337Z,2021-11-29T21:20:10.270Z,28,Sanctum of Domination,2021-11-29,Mythic,17,1,16,4113,1,1
18GRTzjXDygJ3KMx,Ovinax Mythic FIRST NIGHT - 28-10,2024-10-28T18:52:57.590Z,2024-10-28T22:01:57.994Z,38,Nerub-ar Palace,2024-10-28,Mythic,33,0,33,3654,1,0
y4a3VfkMG2chx1gz,CN HC + Mythic,2021-03-31T18:10:22.952Z,2021-03-31T21:33:57.517Z,26,Castle Nathria,2021-03-31,Heroic,21,5,16,4863,6,5
wdMpnJfhkxmRYQCV,Silken Court 01-20,2025-01-20T18:50:49.272Z,2025-01-20T22:01:13.669Z,38,Nerub-ar Palace,2025-01-20,Mythic,34,0,34,5216,1,0
G4hyDpgwbTFWR62z,4 april hc,2022-04-04T17:49:54.560Z,2022-04-04T21:08:58.877Z,29,Sepulcher of the First Ones,2022-04-04,Heroic,30,2,28,5486,3,2
WX8mzc1jdgJ3QDMr,hc sancy d,2021-07-12T18:14:09.183Z,2021-07-12T19:55:55.823Z,28,Sanctum of Domination,2021-07-12,Heroic,11,3,8,3196,3,3
cb6aVy4NDKAnLr3J,Last Full Heroic? Maybe? Idk - 0326,2025-03-26T18:48:53.822Z,2025-03-26T21:58:58.393Z,42,Liberation of Undermine,2025-03-26,Heroic,20,9,11,5452,8,8
pm4FfCacGwKM9L1y,And we back - 03-18,2026-03-18T18:55:42.765Z,2026-03-18T22:03:53.264Z,46,VS / DR / MQD,2026-03-18,Heroic,17,7,10,5786,7,7
DZgdAH4cLTRw1PYm,2023-01-18,2023-01-18T18:53:35.331Z,2023-01-18T21:40:45.859Z,31,Vault of the Incarnates,2023-01-18,Heroic,14,5,9,4800,5,5
GmxPY2Jqpaf3tNwD,Heroic -> Mythic 04-02,2025-04-02T17:44:21.412Z,2025-04-02T21:03:12.172Z,42,Liberation of Undermine,2025-04-02,Heroic,22,7,15,5299,6,6
hPYyjxCAkLX36pJn,Alt run HC Tarragrue,2021-09-12T18:36:32.870Z,2021-09-12T18:39:50.274Z,28,Sanctum of Domination,2021-09-12,Heroic,1,1,0,197,1,1
gkBHVXK3fzp9864G,eranog,2023-03-08T19:08:33.557Z,2023-03-08T19:11:13.256Z,31,Vault of the Incarnates,2023-03-08,Mythic,1,1,0,159,1,1
Z67JRx38z1CQaB9d,Sylvanas 17 feb,2022-02-17T18:53:41.733Z,2022-02-17T22:22:08.385Z,28,Sanctum of Domination,2022-02-17,Mythic,15,0,15,8346,1,0
RTLkyMmYvb8zCQ91,Normal -> Heroic Gambling 03-12,2025-03-12T18:48:58.172Z,2025-03-12T21:54:39.873Z,42,Liberation of Undermine,2025-03-12,Heroic,19,12,7,4122,8,8
qwyGmzb3rgaPQHRk,Waccy Baccy Fraccy 09-22,2025-09-22T17:41:25.530Z,2025-09-22T21:04:31.484Z,44,Manaforge Omega,2025-09-22,Mythic,37,0,37,5930,1,0
23cWhjnYGpQazDKH,2023-02-06 kurog,2023-02-06T18:49:44.990Z,2023-02-06T22:08:12.592Z,31,Vault of the Incarnates,2023-02-06,Mythic,24,1,23,6920,1,1
1JR3rTW7HjM928dC,Augmented Raiding 12-07,2023-07-12T17:50:21.836Z,2023-07-12T20:58:47.415Z,33,"Aberrus, the Shadowed Crucible",2023-07-12,Heroic,25,5,20,5859,5,4
PKD8LbmhwgyNVnj1,Heroic Fun Run WOOOO,2025-06-18T18:03:20.161Z,2025-06-18T19:26:55.250Z,42,Liberation of Undermine,2025-06-18,Heroic,12,8,4,2101,8,8
kRH7K3ajVbG24hCP,Sepulcher 9 march,2022-03-09T18:57:27.948Z,2022-03-09T23:47:48.405Z,29,Sepulcher of the First Ones,2022-03-09,Normal,23,8,15,6000,8,8
6kF2yQvdPG3Tg8Bz,Castle Nathria,2021-03-10T19:13:18.278Z,2021-03-10T22:39:47.359Z,26,Castle Nathria,2021-03-10,Heroic,19,4,15,5339,5,4
q4ZwLAfXd2FhVxkW,alt raid!! (ONLY EGIRLS ALLOWED),2023-12-27T18:52:29.778Z,2023-12-27T20:59:56.384Z,35,"Amirdrassil, the Dream's Hope",2023-12-27,Heroic,16,8,8,3996,9,8
xLNkMfwA9GKBFvRj,HC Fatescribe,2021-07-26T18:39:33.571Z,2021-07-26T21:11:39.599Z,28,Sanctum of Domination,2021-07-26,Heroic,16,1,15,5341,2,1
QPNj7L31FRBfCTX9,Queen Platform (shoes) 02-19,2025-02-19T18:41:40.721Z,2025-02-19T22:01:26.132Z,38,Nerub-ar Palace,2025-02-19,Mythic,30,0,30,6480,1,0
v1Wk8JdZptNGX3Fc,2023-08-23 sark,2023-08-23T17:55:24.967Z,2023-08-23T20:56:20.083Z,33,"Aberrus, the Shadowed Crucible",2023-08-23,Mythic,30,0,30,5369,1,0
WqhZkYfc3mQ4gLpz,Painsmith,2021-10-20T18:17:45.106Z,2021-10-20T21:01:45.536Z,28,Sanctum of Domination,2021-10-20,Mythic,25,0,25,5721,1,0
taRZVdpHQ38Yvycw,Last night of 11.0 - 02-24,2025-02-24T18:57:14.061Z,2025-02-24T21:25:07.821Z,38,Nerub-ar Palace,2025-02-24,Mythic,22,0,22,4051,1,0
vKMyHdVJA1nRqpNh,"HC SW, SLG, Sire + Mythic SW, Altimor, Hungering prog",2021-02-03T18:58:31.980Z,2021-02-03T22:31:49.826Z,26,Castle Nathria,2021-02-03,Heroic,22,6,16,4561,6,5
XN3BmRdHCfcVn4hZ,Full HC reclear,2021-08-25T18:15:44.809Z,2021-08-25T21:07:17.592Z,28,Sanctum of Domination,2021-08-25,Heroic,16,10,6,4853,10,10
CacrYdy69jTKQXgH,2023-09-27 sark,2023-09-27T17:52:02.145Z,2023-09-27T20:59:20.861Z,33,"Aberrus, the Shadowed Crucible",2023-09-27,Mythic,28,0,28,6686,1,0
LxaH4NmK2qjQGPDT,Mythic council,2021-04-05T18:24:13.927Z,2021-04-05T21:33:25.506Z,26,Castle Nathria,2021-04-05,Mythic,18,2,16,4329,4,2
jNqfxDa9XdFMLH26,Just another myffic Monday - 01-26,2026-01-26T19:04:47.439Z,2026-01-26T22:17:56.608Z,44,Manaforge Omega,2026-01-26,Mythic,32,10,22,5324,10,10
8VHhC6knDNdm2Z7M,We go adimmagain - 02-02,2026-02-02T20:17:28.171Z,2026-02-02T23:18:35.703Z,44,Manaforge Omega,2026-02-02,Mythic,9,1,8,1968,1,1
gaGcnYbCmRQ87pPA,Dimmy D is gonna be Dimmy DEAD - 11-17,2025-11-17T18:42:46.357Z,2025-11-17T21:58:29.963Z,44,Manaforge Omega,2025-11-17,Mythic,44,0,44,3922,1,0
wKCG1QTxqJ4zHF3p,CN heroic alt run 2,2021-02-28T19:51:51.511Z,2021-02-28T20:11:02.961Z,26,Castle Nathria,2021-02-28,Heroic,2,0,2,557,1,0
GZ862qLwjapBWCmY,Soul Hunters Proggers - 10-13,2025-10-13T17:30:50.493Z,2025-10-13T20:36:05.608Z,44,Manaforge Omega,2025-10-13,Mythic,24,1,23,4889,1,1
twn3R47hpGjBDHya,HC Into Mythic 06/12-23,2023-12-06T19:05:27.914Z,2023-12-06T22:08:26.672Z,35,"Amirdrassil, the Dream's Hope",2023-12-06,Heroic,25,10,15,4955,9,9
DHWg826KAtv1zPNx,Sylvanas 27 dec,2021-12-27T19:10:14.401Z,2021-12-27T21:51:56.282Z,28,Sanctum of Domination,2021-12-27,Mythic,25,0,25,4898,1,0
yxrwPNXdf4nFVC2j,2023-09-25 sark,2023-09-25T17:53:51.289Z,2023-09-25T20:57:30.700Z,33,"Aberrus, the Shadowed Crucible",2023-09-25,Mythic,25,0,25,5579,1,0
hwb4B9Afxn7F3gWm,2025-07-14 gallywally,2025-07-14T17:51:34.876Z,2025-07-14T20:58:47.907Z,42,Liberation of Undermine,2025-07-14,Mythic,29,0,29,5984,1,0
RXHprJZNwkBPx7DC,Sepulcher HC,2022-03-02T18:59:21.654Z,2022-03-02T22:07:08.154Z,29,Sepulcher of the First Ones,2022-03-02,Heroic,25,2,23,5366,3,2
G2DXPmwTRnQdMvJW,normal brd,2024-10-23T10:49:13.878Z,2024-10-23T13:42:53.011Z,40,Blackrock Depths,2024-10-23,Normal,16,8,8,3400,8,8
mn9hPyRzMtj72ABZ,Anduin,2022-03-07T22:03:30.747Z,2022-03-08T01:35:02.646Z,29,Sepulcher of the First Ones,2022-03-07,Normal,4,1,3,1443,1,1
DAQn38bGZFdRT67j,Locken Progen 05-05,2025-05-05T17:45:53.362Z,2025-05-05T21:00:39.730Z,42,Liberation of Undermine,2025-05-05,Mythic,41,0,41,5612,1,0
MKNfxdYADmPb9Xpq,Last raid of 24,2024-12-18T18:56:24.076Z,2024-12-18T22:04:38.599Z,38,Nerub-ar Palace,2024-12-18,Mythic,46,0,46,3475,1,0
QKydWTLA3BX2tx67,3 Heroic -> 4 Mythic? 09-10,2025-09-10T17:48:25.931Z,2025-09-10T21:05:55.324Z,44,Manaforge Omega,2025-09-10,Heroic,22,6,16,6007,6,6
9NyqJfg3RH2vcdDr,2025-10-29 left side!!!,2025-10-29T19:00:46.363Z,2025-10-29T22:03:39.734Z,44,Manaforge Omega,2025-10-29,Mythic,34,0,34,6114,1,0
Yp9ZN7tzQ4BraWJm,Sanctum Mythic,2021-08-30T18:00:03.134Z,2021-08-30T21:02:27.067Z,28,Sanctum of Domination,2021-08-30,Mythic,18,3,15,4365,4,3
6hgWb9kPDy4qJVdw,Reclear 1113,2024-11-13T18:58:57.405Z,2024-11-13T22:04:05.034Z,38,Nerub-ar Palace,2024-11-13,Mythic,22,4,18,4294,5,4
WvZFGM6T9RzdbPXw,Mythic,2021-09-01T18:06:28.963Z,2021-09-01T21:07:19.500Z,28,Sanctum of Domination,2021-09-01,Mythic,21,3,18,5358,4,3
YxAtHb2X9VmBK1dy,2023-03-06 last pulls,2023-03-06T21:43:14.356Z,2023-03-06T22:00:02.579Z,31,Vault of the Incarnates,2023-03-06,Mythic,5,0,5,628,1,0
AHd6qkagt8KLr3mF,Amirdrussy 19-06,2024-06-19T17:47:43.636Z,2024-06-19T19:09:27.802Z,35,"Amirdrassil, the Dream's Hope",2024-06-19,Heroic,10,9,1,2165,9,9
BZKL72MRt8y3gDGq,2025-01-06 SC comeback @ silken court,2025-01-06T19:02:52.769Z,2025-01-06T22:00:49.791Z,38,Nerub-ar Palace,2025-01-06,Mythic,41,0,41,4405,1,0
nygAQKkaVYH8CPmc,2022-12-19 Raszageth,2022-12-19T18:56:17.635Z,2022-12-19T22:14:08.811Z,31,Vault of the Incarnates,2022-12-19,Heroic,15,4,11,4032,5,4
9qcVWXmRNvMkFYrL,Last raid of 2k24 Wooooooo,2024-12-29T18:53:40.730Z,2024-12-29T21:37:24.958Z,38,Nerub-ar Palace,2024-12-29,Heroic,17,12,5,3691,8,8
RhgJnFZV4AxXHcGN,2024-05-06 aberrus myffic,2024-05-06T17:58:54.945Z,2024-05-06T20:38:20.724Z,33,"Aberrus, the Shadowed Crucible",2024-05-06,Mythic,21,4,17,4470,5,4
MzG6ZPrTyWFvx3Q2,Mythic Tarragrue,2021-08-02T18:29:43.060Z,2021-08-02T18:36:26.960Z,28,Sanctum of Domination,2021-08-02,Mythic,1,1,0,403,1,1
28qFvPdxwz64jCpk,CASTLE NATHRIA GONE,2021-10-07T20:18:55.593Z,2021-10-07T21:42:27.945Z,26,Castle Nathria,2021-10-07,Heroic,14,10,4,2284,10,10
RKabxztMd9yB6jFg,Sally D meets Student C - 10-27,2025-10-27T18:49:52.553Z,2025-10-27T22:00:44.902Z,44,Manaforge Omega,2025-10-27,Mythic,40,0,40,5941,1,0
TP9b1Y8AhR7ptgw4,2024-09-16 HC second boss onwards,2024-09-16T17:59:07.496Z,2024-09-16T21:04:04.827Z,38,Nerub-ar Palace,2024-09-16,Heroic,22,4,18,4815,5,4
HBMFTXZW3cLNdCkn,2023-10-10 SARKARETH!!!!,2023-10-10T17:51:40.778Z,2023-10-10T21:04:07.590Z,33,"Aberrus, the Shadowed Crucible",2023-10-10,Mythic,25,0,25,7183,1,0
kpwdZ6FPB1gzDC8M,2023-06-12,2023-06-12T17:50:52.807Z,2023-06-12T21:00:23.808Z,33,"Aberrus, the Shadowed Crucible",2023-06-12,Mythic,29,1,28,5723,2,1
CXqwAV2pmGaTJWvL,2022-12-18 normal,2022-12-18T18:51:52.536Z,2022-12-18T22:09:47.074Z,31,Vault of the Incarnates,2022-12-18,Normal,20,3,17,5120,4,3
cPzhGnZxNy3pgKt2,CN Mythic Sun King,2021-03-01T18:57:50.358Z,2021-03-01T22:31:02.802Z,26,Castle Nathria,2021-03-01,Mythic,31,1,30,4900,1,1
FRAXQ1BV64J3P9zh,2023-02-08,2023-02-08T18:47:16.690Z,2023-02-08T22:03:25.735Z,31,Vault of the Incarnates,2023-02-08,Mythic,23,5,18,5252,6,5
DByFPr3tAxWb28ck,CN mythic,2021-03-29T18:26:51.862Z,2021-03-29T21:30:40.650Z,26,Castle Nathria,2021-03-29,Mythic,22,1,21,5412,2,1
1zWN64JbYFPXA8ax,KT kill 8 dec,2021-12-08T19:15:24.951Z,2021-12-08T21:09:32.321Z,28,Sanctum of Domination,2021-12-08,Mythic,20,1,19,4031,1,1
CQKNw9vjzLX2bJYn,2023-01-25 mythic,2023-01-25T19:51:09.025Z,2023-01-25T21:41:46.096Z,31,Vault of the Incarnates,2023-01-25,Mythic,11,4,7,2880,4,4
7Fxrt1PH8gnXVjRw,DF FAREWELL RAID,2024-08-19T17:53:49.116Z,2024-08-19T21:23:54.514Z,31,Vault of the Incarnates,2024-08-19,Heroic,27,26,1,4492,26,26
YfPd184vjqtFRrh6,Mythic Reclear #1 - 04-13,2026-04-13T18:10:18.867Z,2026-04-13T18:22:07.276Z,46,VS / DR / MQD,2026-04-13,Mythic,3,0,3,395,1,0
JPHDBjxNaFhY4AXk,CN Mythic,2021-02-08T18:58:59.491Z,2021-02-08T22:30:56.777Z,26,Castle Nathria,2021-02-08,Mythic,25,0,25,5621,1,0
BYdw97j2ALbyx4VT,2023-01-08,2024-01-08T18:48:32.882Z,2024-01-08T22:01:00.868Z,35,"Amirdrassil, the Dream's Hope",2024-01-08,Mythic,23,1,22,5274,2,1
d2LVTkthCvnfKPy7,Stix -> Locken (???) - 04-14,2025-04-14T17:45:54.594Z,2025-04-14T21:01:53.142Z,42,Liberation of Undermine,2025-04-14,Mythic,31,0,31,6174,1,0
TYbJD7gnK1VRMAh8,HC Sylvanas kill,2021-08-16T19:08:45.968Z,2021-08-16T19:21:31.065Z,28,Sanctum of Domination,2021-08-16,Heroic,1,1,0,765,1,1
Mb7pnDNTkxLyr2Yz,13 april hc reclear,2022-04-13T17:49:32.999Z,2022-04-13T20:57:45.968Z,29,Sepulcher of the First Ones,2022-04-13,Heroic,25,8,17,4640,9,8
RqBF9J8d7jKzpVDM,MUGZEE DIES TONIGHT - 0630,2025-06-30T17:25:28.698Z,2025-06-30T20:58:50.298Z,42,Liberation of Undermine,2025-06-30,Mythic,31,0,31,5792,1,0
NzfPQx7vqTkLmtFM,2025-04-09 reclear,2025-04-09T17:53:12.402Z,2025-04-09T20:59:32.259Z,42,Liberation of Undermine,2025-04-09,Heroic,22,7,15,4915,7,6
cy6HDGdXVAr7Yfpv,Castle Nathria,2021-03-14T19:28:37.682Z,2021-03-14T22:33:57.143Z,26,Castle Nathria,2021-03-14,Heroic,19,7,12,4936,8,7
axv9bYf1pCFqAnd2,Daytime Normal 25/09,2024-09-25T09:37:56.373Z,2024-09-25T10:57:21.865Z,38,Nerub-ar Palace,2024-09-25,Normal,10,8,2,1646,8,8
j1VCP8rR6ca4Ln9N,Guardian,2021-11-08T18:55:04.229Z,2021-11-08T20:03:09.055Z,28,Sanctum of Domination,2021-11-08,Mythic,10,1,9,1805,1,1
vBpkPDKZtW9z32Nf,HC Alt raid after tarragrue,2021-09-12T18:46:14.523Z,2021-09-12T21:15:07.138Z,28,Sanctum of Domination,2021-09-12,Heroic,15,7,8,3869,8,7
hQk721BYrVTKgMwc,Heroic Blaaaaaaast 08-27,2025-08-27T17:50:28.214Z,2025-08-27T21:04:20.680Z,44,Manaforge Omega,2025-08-27,Heroic,18,9,9,4467,7,7
yx3MjN8VQwkaRWT7,Fatescribe 10 nov,2021-11-10T19:16:37.893Z,2021-11-10T22:02:46.013Z,28,Sanctum of Domination,2021-11-10,Mythic,30,0,30,4837,1,0
xAtmGz1jHrBpNKn7,CN Big Heroic Alt Raid,2021-03-21T19:18:07.800Z,2021-03-21T21:21:41.129Z,26,Castle Nathria,2021-03-21,Heroic,14,3,11,2878,4,3
ZB69zMJX4v3pHkxC,Reclear,2021-03-10T19:13:17.638Z,2021-03-11T01:12:00.153Z,26,Castle Nathria,2021-03-10,Heroic,19,4,15,5342,5,4
xvqH6tDdJP7FyrjY,20 april mythic,2022-04-20T18:10:38.347Z,2022-04-20T21:02:57.637Z,29,Sepulcher of the First Ones,2022-04-20,Mythic,26,2,24,4679,3,2
3qRkhHJ6LgXnfDBC,HC SLG,2021-03-24T19:06:11.119Z,2021-03-24T19:14:53.183Z,26,Castle Nathria,2021-03-24,Heroic,1,1,0,370,1,1
QDtXxvVgGzMpjZyf,cn heroic alt,2021-04-11T18:14:23.717Z,2021-04-11T18:29:58.124Z,26,Castle Nathria,2021-04-11,Heroic,2,2,0,529,2,2
PqgN96aRBy7DmL1T,Ovi'nax Mythic - 1104,2024-11-04T18:52:28.281Z,2024-11-04T21:57:31.276Z,38,Nerub-ar Palace,2024-11-04,Mythic,36,0,36,5791,1,0
BfWcKMdxybL1j9P7,Mug'zee Mania - 0609,2025-06-09T17:44:24.768Z,2025-06-09T21:01:42.757Z,42,Liberation of Undermine,2025-06-09,Mythic,31,0,31,5608,1,0
dX1LDpqcfhzjm7BJ,Ansurek dies in 11.1? 02-26,2025-02-26T18:48:58.972Z,2025-02-26T20:35:45.718Z,38,Nerub-ar Palace,2025-02-26,Mythic,18,0,18,2628,1,0
PmBRyhNF8jtaMGWf,hc sylvanas,2022-08-15T18:03:45.648Z,2022-08-15T18:48:43.690Z,28,Sanctum of Domination,2022-08-15,Heroic,3,1,2,2298,1,1
Xa6gy4vLwt197xVd,Hunting the Hunters (so original) 10-06,2025-10-06T17:45:01.262Z,2025-10-06T20:58:28.459Z,44,Manaforge Omega,2025-10-06,Mythic,41,0,41,5519,1,0
jDyK1NBMdbZmnrfH,demon run,2021-09-02T19:42:56.127Z,2021-09-02T22:23:09.743Z,28,Sanctum of Domination,2021-09-02,Normal,13,8,5,4320,8,8
qGFprZDdHyBhxCzN,Mythic Tarragrue,2021-08-09T18:35:43.030Z,2021-08-09T18:40:59.548Z,28,Sanctum of Domination,2021-08-09,Mythic,1,1,0,316,1,1
BR9Avqcbx2D7kTtN,Beta Waiting Room - Vault Heroic 05-06,2024-06-05T18:01:03.764Z,2024-06-05T19:22:42.575Z,31,Vault of the Incarnates,2024-06-05,Heroic,9,8,1,2059,8,8
PzRFGTdgN6mc8MVh,2022-12-14 DF FIRST RAID,2022-12-14T18:47:43.565Z,2022-12-14T21:55:01.355Z,31,Vault of the Incarnates,2022-12-14,Heroic,15,5,10,3848,4,4
Vqpx94WK2hwmQFJH,Soulrender,2021-09-27T15:58:51.834Z,2021-09-27T21:08:40.731Z,28,Sanctum of Domination,2021-09-27,Mythic,21,0,21,6104,1,0
Bk4hgmp9ra7nQPHj,"Don't google ""Clomp meaning"" - Amirdrassil 27-11-2023",2023-11-27T18:55:15.268Z,2023-11-27T23:52:45.588Z,35,"Amirdrassil, the Dream's Hope",2023-11-27,Heroic,38,3,35,9359,3,3
D7nRprHh9ycatLg1,2023-09-20 sark,2023-09-20T18:16:26.552Z,2023-09-20T20:55:25.733Z,33,"Aberrus, the Shadowed Crucible",2023-09-20,Mythic,27,0,27,5145,1,0
xZBXzfdLTWDvJnQ9,6 hours till Midnight - 01-19,2026-01-19T18:40:04.467Z,2026-01-19T21:58:59.313Z,44,Manaforge Omega,2026-01-19,Mythic,24,0,24,7055,1,0
aCJpm7wGyLDnrHxP,2023-07-04,2023-07-04T17:52:21.181Z,2023-07-04T21:01:33.045Z,33,"Aberrus, the Shadowed Crucible",2023-07-04,Mythic,24,0,24,6018,1,0
rjmDBT8bzWtf4dnN,2023-07-19 zee-karn or zss-karn?,2023-07-19T17:53:50.058Z,2023-07-19T20:58:47.369Z,33,"Aberrus, the Shadowed Crucible",2023-07-19,Mythic,30,0,30,5812,1,0
pMZYA9mPNJhX8vFy,Social Raid 05-18,2025-05-18T17:48:54.647Z,2025-05-18T20:02:37.340Z,42,Liberation of Undermine,2025-05-18,Heroic,15,8,7,3311,8,8
B1pRfaPD2WLN3g4k,HC Wednesday full reclear,2021-07-21T18:11:04.982Z,2021-07-21T20:57:39.969Z,28,Sanctum of Domination,2021-07-21,Heroic,16,6,10,4604,6,6
RwAHmGzQya6b3vth,2024-05-15 vault hc,2024-05-15T18:07:02.790Z,2024-05-15T19:55:00.124Z,31,Vault of the Incarnates,2024-05-15,Heroic,10,10,0,2091,8,8
YzyV1wxg6GmCWQJd,Myffic 16-06,2023-06-19T17:52:42.790Z,2023-06-19T21:01:11.445Z,33,"Aberrus, the Shadowed Crucible",2023-06-19,Mythic,24,2,22,5741,3,2
V9zGPXkn8pRHBC3W,2023-01-30 kurog,2023-01-30T18:59:57.026Z,2023-01-30T22:06:01.883Z,31,Vault of the Incarnates,2023-01-30,Mythic,26,0,26,5585,1,0
4ydYqrjwh23fzQ1Z,2023-10-18 skip reclear,2023-10-18T17:55:39.142Z,2023-10-18T21:00:27.877Z,33,"Aberrus, the Shadowed Crucible",2023-10-18,Mythic,27,1,26,5950,2,1
ybCXAMJmR3vfkP4V,Lady Inerva 1shot,2021-03-15T19:13:40.988Z,2021-03-15T19:19:35.825Z,26,Castle Nathria,2021-03-15,Mythic,1,1,0,354,1,1
kQLMYvbjgFhNfRXZ,"After a month, we can finally play the game - 04-01",2026-04-01T18:05:09.429Z,2026-04-01T21:22:06.879Z,46,VS / DR / MQD,2026-04-01,Heroic,21,9,12,4562,9,9
VfWnarQLCpvDNbH1,HC Clear + More 16-10,2024-10-16T17:52:10.668Z,2024-10-16T21:00:49.368Z,38,Nerub-ar Palace,2024-10-16,Heroic,27,7,20,4880,6,5
L8bmC9MxANYQgHt2,HC Last 2,2021-09-13T18:10:33.683Z,2021-09-13T20:10:55.944Z,28,Sanctum of Domination,2021-09-13,Heroic,6,4,2,3316,2,2
cLx6D7mVCRpPYdka,Alt run,2021-02-21T19:15:41.521Z,2021-02-21T22:24:11.428Z,26,Castle Nathria,2021-02-21,Heroic,16,10,6,4925,10,10
rnYgbQZ9tFcN6dD2,Sylvanas 16 feb,2022-02-16T18:48:58.151Z,2022-02-16T22:15:57.004Z,28,Sanctum of Domination,2022-02-16,Mythic,21,0,21,8402,1,0
wvzgJxmdyV1MXkaB,16 march hc reclear,2022-03-16T18:19:16.653Z,2022-03-16T22:18:23.340Z,29,Sepulcher of the First Ones,2022-03-16,Heroic,19,12,7,4853,7,7
KbVjr2LTY94QXfHB,Silken FIRST PHASE 3 WOO 01-22,2025-01-22T18:45:35.866Z,2025-01-22T21:59:43.213Z,38,Nerub-ar Palace,2025-01-22,Mythic,20,0,20,4789,1,0
7rWqPhMBT6QKygYC,Sylvanas prog,2021-08-09T18:44:30.939Z,2021-08-09T21:15:36.267Z,28,Sanctum of Domination,2021-08-09,Heroic,12,0,12,6402,1,0
jAzxMfZcKdrQT8Yy,Jads' Super Fun HC Run,2025-01-13T19:02:17.982Z,2025-01-13T21:12:34.482Z,38,Nerub-ar Palace,2025-01-13,Heroic,15,7,8,3008,8,7
MCpVWw1yfhQmTZa6,Heroic Reclear for Funsies Tee Hee - 07-30,2025-07-30T17:49:34.635Z,2025-07-30T19:33:52.115Z,42,Liberation of Undermine,2025-07-30,Heroic,14,8,6,2650,8,8
CfYJdxagkmAWDNV6,rasz red side,2023-04-10T18:31:37.948Z,2023-04-10T21:08:58.765Z,31,Vault of the Incarnates,2023-04-10,Mythic,17,0,17,7145,1,0
k4MHt7ZvFz62D39w,KT 1 dec,2021-12-01T19:05:28.825Z,2021-12-01T22:02:16.533Z,28,Sanctum of Domination,2021-12-01,Mythic,30,0,30,4574,1,0
aJYjA3G9T4Xk2CHb,Sylvanas 2 feb,2022-02-02T19:03:12.616Z,2022-02-02T21:54:11.215Z,28,Sanctum of Domination,2022-02-02,Mythic,18,0,18,6954,1,0
c2xQq6r8CKzGt1VT,Alt Heroic,2023-01-22T19:27:49.033Z,2023-01-22T21:32:41.341Z,31,Vault of the Incarnates,2023-01-22,Heroic,14,3,11,3306,4,3
HhpVC8qWDKvBXamA,Logs 4 Larson - 0316,2025-03-16T18:48:43.986Z,2025-03-16T21:22:41.051Z,42,Liberation of Undermine,2025-03-16,Heroic,14,10,4,3653,8,8
Gz9FbdKWfkp8BPJV,alt raid hc clear,2025-07-30T17:50:06.404Z,2025-07-30T19:31:53.519Z,42,Liberation of Undermine,2025-07-30,Heroic,14,8,6,2651,8,8
yY1nNhRTg6BvqXfV,,2021-03-10T19:12:20.192Z,2021-03-10T19:12:20.192Z,null,null,null,null,null,null,null,null,null,null
rtgCwQypBxaPf2Kb,Mythic+ Dungeons,2021-04-01T19:08:38.231Z,2021-04-01T19:36:49.244Z,null,null,null,null,null,null,null,null,null,null
Myp7aV42QkgcJvAf,Mythic+ Dungeons,2021-03-13T00:55:50.955Z,2021-03-13T01:24:26.724Z,null,null,null,null,null,null,null,null,null,null
q6RDPY4T9gm1Lktp,HoA +14,2021-03-15T17:23:00.327Z,2021-03-15T17:48:33.211Z,null,null,null,null,null,null,null,null,null,null
kp7MRywhXPxZFgYt,LFR POG,2021-03-20T15:54:12.465Z,2021-03-20T17:47:34.309Z,null,null,null,null,null,null,null,null,null,null
zV9vRLn2NYZQjaKf,NM Raid,2023-01-01T19:30:10.141Z,2023-01-01T19:30:10.141Z,null,null,null,null,null,null,null,null,null,null
