player_name,player_class,realm,is_guild_member,rank,rank_label,rank_category,is_raid_team,first_seen_date,last_seen_date
Aalesy,Unknown,TwistingNether,False,,,,False,,
Aalzar,Unknown,TwistingNether,False,,,,False,,
Aardvarks,Unknown,TwistingNether,False,,,,False,,
Aariciass,Unknown,Silvermoon,False,,,,False,,
Aarkenon,Unknown,Silvermoon,False,,,,False,,
Aashnie,Unknown,TwistingNether,False,,,,False,,
Aassrow,Unknown,TwistingNether,False,,,,False,,
Aatarabrew,Unknown,TwistingNether,False,,,,False,,
Aato,Unknown,TwistingNether,False,,,,False,,
Aatroxjr,Unknown,TwistingNether,False,,,,False,,
Aaxxee,Unknown,TwistingNether,False,,,,False,,
Abaddeus,Unknown,TwistingNether,False,,,,False,,
Abaddonwarri,Unknown,TwistingNether,False,,,,False,,
Abakan,Unknown,TwistingNether,False,,,,False,,
Abanka,Unknown,TwistingNether,False,,,,False,,
Abarathos,Unknown,TwistingNether,False,,,,False,,
Abbelicious,Unknown,TwistingNether,False,,,,False,,
Abbenator,Unknown,TwistingNether,False,,,,False,,
Abbysal,Unknown,Dragonblight,False,,,,False,,
Abbysaldh,Unknown,TwistingNether,False,,,,False,,
Abdulismail,Unknown,TwistingNether,False,,,,False,,
Abels,Unknown,TwistingNether,False,,,,False,,
Abelstan,Unknown,TarrenMill,False,,,,False,,
Abenyo,Unknown,TwistingNether,False,,,,False,,
Abezethiboü,Unknown,TwistingNether,False,,,,False,,
Abfahrer,Warlock,Blackmoore,False,,,,False,2021-03-25,2021-03-25
Abigail,Unknown,TarrenMill,False,,,,False,,
Abigothien,Unknown,TwistingNether,False,,,,False,,
Abloom,Unknown,TwistingNether,False,,,,False,,
Abläze,Unknown,Ragnaros,False,,,,False,,
Abomb,Unknown,TwistingNether,False,,,,False,,
Aboza,Unknown,TwistingNether,False,,,,False,,
Abrakaput,Unknown,TwistingNether,False,,,,False,,
Abramsx,Unknown,Draenor,False,,,,False,,
Absent,Unknown,TwistingNether,False,,,,False,,
Absmort,Warlock,Draenor,False,,,,False,2025-12-01,2025-12-01
Absolith,Unknown,TwistingNether,False,,,,False,,
Absollutaki,Unknown,TwistingNether,False,,,,False,,
Absolutes,Unknown,TwistingNether,False,,,,False,,
Absolutionyb,Unknown,TwistingNether,False,,,,False,,
Abstinëns,Unknown,TwistingNether,False,,,,False,,
Absôlutvôdka,Unknown,TwistingNether,False,,,,False,,
Abundance,Druid,Kazzak,False,,,,False,2023-04-19,2023-04-19
Abushir,Unknown,TwistingNether,False,,,,False,,
Abykorro,Unknown,TwistingNether,False,,,,False,,
Abysdruid,Unknown,TwistingNether,False,,,,False,,
Abyssangel,Unknown,TwistingNether,False,,,,False,,
Abyssea,Unknown,TwistingNether,False,,,,False,,
Abyx,Unknown,Sylvanas,False,,,,False,,
Abyzóu,Unknown,TwistingNether,False,,,,False,,
