player_name,realm_slug,region,season,dungeon,best_short_name,highest_key_level,highest_timed_level,total_runs,timed_runs,untimed_runs,latest_completed_at,best_key_level,best_score,best_timed,best_clear_time_ms,best_par_time_ms,best_completed_at,best_run_url
Ney,twisting-nether,eu,current,Skyreach,SR,5,5,1,1,0,2026-03-29T16:09:43.000Z,5,230.0,true,818031,1680999,2026-03-29T16:09:43.000Z,https://raider.io/mythic-plus-runs/season-mn-1/3813092-5-skyreach
Everrin,twisting-nether,eu,current,Skyreach,SR,13,13,1,1,0,2026-04-08T22:45:02.000Z,13,386.7,true,1381674,1680999,2026-04-08T22:45:02.000Z,https://raider.io/mythic-plus-runs/season-mn-1/9335328-13-skyreach
Disorders,twisting-nether,eu,current,Maisara Caverns,MC,12,12,2,2,0,2026-04-17T15:08:11.000Z,12,371.9,true,1618952,1980999,2026-04-17T15:08:11.000Z,https://raider.io/mythic-plus-runs/season-mn-1/13677556-12-maisara-caverns
Dorathy,twisting-nether,eu,current,Pit of Saron,POS,17,17,1,1,0,2026-04-16T11:39:08.000Z,17,440.9,true,1760130,1800999,2026-04-16T11:39:08.000Z,https://raider.io/mythic-plus-runs/season-mn-1/13166881-17-pit-of-saron
Yearning,twisting-nether,eu,current,Algeth'ar Academy,AA,12,12,2,2,0,2026-04-11T12:50:35.000Z,12,371.0,true,1511069,1800999,2026-04-11T12:50:35.000Z,https://raider.io/mythic-plus-runs/season-mn-1/10996351-12-algethar-academy
Lasermemes,twisting-nether,eu,current,Windrunner Spire,WS,10,10,3,3,0,2026-04-09T18:45:33.000Z,10,335.0,true,1186807,1980999,2026-03-28T01:51:01.000Z,https://raider.io/mythic-plus-runs/season-mn-1/2391833-10-windrunner-spire
Pixls,twisting-nether,eu,current,Pit of Saron,POS,10,10,1,1,0,2026-04-03T22:21:49.000Z,10,335.0,true,964435,1800999,2026-04-03T22:21:49.000Z,https://raider.io/mythic-plus-runs/season-mn-1/6631945-10-pit-of-saron
Smonkste,twisting-nether,eu,current,Nexus-Point Xenas,NPX,14,14,2,2,0,2026-04-19T13:21:21.000Z,14,398.8,true,1619534,1800999,2026-04-19T13:21:21.000Z,https://raider.io/mythic-plus-runs/season-mn-1/14875777-14-nexuspoint-xenas
Zrenak,ravencrest,eu,current,Maisara Caverns,MC,5,5,1,1,0,2026-04-03T20:33:22.000Z,5,227.4,true,1324362,1980999,2026-04-03T20:33:22.000Z,https://raider.io/mythic-plus-runs/season-mn-1/6581124-5-maisara-caverns
Nylo,twisting-nether,eu,current,Algeth'ar Academy,AA,16,16,3,3,0,2026-04-19T08:59:45.000Z,16,426.4,true,1735645,1800999,2026-04-08T15:39:16.000Z,https://raider.io/mythic-plus-runs/season-mn-1/9036655-16-algethar-academy
Typ,ravencrest,eu,current,Pit of Saron,POS,17,15,2,1,1,2026-04-19T19:38:08.000Z,15,418.3,true,1401230,1800999,2026-04-17T21:49:51.000Z,https://raider.io/mythic-plus-runs/season-mn-1/14105168-15-pit-of-saron
Jadsbrew,twisting-nether,eu,current,Pit of Saron,POS,8,8,2,1,1,2026-04-12T17:25:13.000Z,8,280.8,true,1523950,1800999,2026-03-29T16:39:10.000Z,https://raider.io/mythic-plus-runs/season-mn-1/3823515-8-pit-of-saron
Pompqmoi,twisting-nether,eu,current,Windrunner Spire,WS,12,12,1,1,0,2026-04-14T17:07:52.000Z,12,373.5,true,1532274,1980999,2026-04-14T17:07:52.000Z,https://raider.io/mythic-plus-runs/season-mn-1/12353680-12-windrunner-spire
Jayjar,silvermoon,eu,current,Magisters' Terrace,MT,10,10,3,3,0,2026-03-27T22:45:40.000Z,10,331.9,true,1391295,2040999,2026-03-27T22:45:40.000Z,https://raider.io/mythic-plus-runs/season-mn-1/2244231-10-magisters-terrace
Midnight,silvermoon,eu,current,Algeth'ar Academy,AA,12,12,1,1,0,2026-04-12T07:36:37.000Z,12,368.9,true,1615112,1800999,2026-04-12T07:36:37.000Z,https://raider.io/mythic-plus-runs/season-mn-1/11088847-12-algethar-academy
Jadsrune,twisting-nether,eu,current,Pit of Saron,POS,12,12,1,1,0,2026-04-11T12:18:19.000Z,12,374.0,true,1371072,1800999,2026-04-11T12:18:19.000Z,https://raider.io/mythic-plus-runs/season-mn-1/10996337-12-pit-of-saron
Hobbyalkis,twisting-nether,eu,current,Skyreach,SR,10,10,1,1,0,2026-04-05T23:20:50.000Z,10,330.2,true,1224365,1680999,2026-04-05T23:20:50.000Z,https://raider.io/mythic-plus-runs/season-mn-1/7743686-10-skyreach
Jadsrune,twisting-nether,eu,current,Algeth'ar Academy,AA,13,13,3,3,0,2026-04-11T12:50:35.000Z,13,385.2,true,1549084,1800999,2026-04-06T21:45:01.000Z,https://raider.io/mythic-plus-runs/season-mn-1/8424666-13-algethar-academy
Garsias,tarren-mill,eu,current,Nexus-Point Xenas,NPX,11,11,2,2,0,2026-04-19T08:49:23.000Z,11,347.1,true,1220665,1800999,2026-04-19T08:49:23.000Z,https://raider.io/mythic-plus-runs/season-mn-1/14700873-11-nexuspoint-xenas
Sköddsköddna,twisting-nether,eu,current,Nexus-Point Xenas,NPX,13,13,2,1,1,2026-04-15T17:14:58.000Z,13,387.8,true,1428127,1800999,2026-04-15T17:14:58.000Z,https://raider.io/mythic-plus-runs/season-mn-1/12808162-13-nexuspoint-xenas
Badraider,twisting-nether,eu,current,Seat of the Triumvirate,SEAT,10,10,1,1,0,2026-04-11T01:07:26.000Z,10,330.1,true,1493798,2040999,2026-04-11T01:07:26.000Z,https://raider.io/mythic-plus-runs/season-mn-1/10359796-10-seat-of-the-triumvirate
Midnight,silvermoon,eu,current,Windrunner Spire,WS,12,12,2,2,0,2026-04-19T16:41:30.000Z,12,374.3,true,1488371,1980999,2026-04-06T12:55:51.000Z,https://raider.io/mythic-plus-runs/season-mn-1/8428254-12-windrunner-spire
Lunasnow,twisting-nether,eu,current,Pit of Saron,POS,10,10,2,2,0,2026-03-31T20:16:34.000Z,10,333.7,true,1144610,1800999,2026-03-31T20:16:34.000Z,https://raider.io/mythic-plus-runs/season-mn-1/5167837-10-pit-of-saron
Garsias,tarren-mill,eu,current,Algeth'ar Academy,AA,11,11,2,2,0,2026-04-19T09:55:29.000Z,11,342.7,true,1433491,1800999,2026-04-19T09:55:29.000Z,https://raider.io/mythic-plus-runs/season-mn-1/14712378-11-algethar-academy
Selthiel,ravencrest,eu,current,Skyreach,SR,15,15,1,1,0,2026-04-17T20:18:13.000Z,15,418.2,true,1314980,1680999,2026-04-17T20:18:13.000Z,https://raider.io/mythic-plus-runs/season-mn-1/14080210-15-skyreach
Garsias,tarren-mill,eu,current,Magisters' Terrace,MT,11,11,1,1,0,2026-04-10T21:24:31.000Z,11,346.1,true,1438922,2040999,2026-04-10T21:24:31.000Z,https://raider.io/mythic-plus-runs/season-mn-1/10335633-11-magisters-terrace
Yevie,twisting-nether,eu,current,Pit of Saron,POS,11,11,1,1,0,2026-04-07T19:40:38.000Z,11,344.5,true,1346468,1800999,2026-04-07T19:40:38.000Z,https://raider.io/mythic-plus-runs/season-mn-1/8664900-11-pit-of-saron
Zalris,ravencrest,eu,current,Pit of Saron,POS,5,5,1,1,0,2026-04-04T22:32:13.000Z,5,229.9,true,1087522,1800999,2026-04-04T22:32:13.000Z,https://raider.io/mythic-plus-runs/season-mn-1/7199099-5-pit-of-saron
Megachomber,ravencrest,eu,current,Nexus-Point Xenas,NPX,15,15,2,2,0,2026-04-16T20:18:49.000Z,15,414.1,true,1602511,1800999,2026-04-16T20:18:49.000Z,https://raider.io/mythic-plus-runs/season-mn-1/13384312-15-nexuspoint-xenas
Aypeross,twisting-nether,eu,current,Maisara Caverns,MC,14,14,1,1,0,2026-04-17T00:39:36.000Z,14,395.1,true,1975276,1980999,2026-04-17T00:39:36.000Z,https://raider.io/mythic-plus-runs/season-mn-1/13449239-14-maisara-caverns
Smonkste,twisting-nether,eu,current,Maisara Caverns,MC,13,13,2,2,0,2026-04-19T10:01:45.000Z,13,389.3,true,1492329,1980999,2026-04-19T10:01:45.000Z,https://raider.io/mythic-plus-runs/season-mn-1/14714802-13-maisara-caverns
Disorders,twisting-nether,eu,current,Pit of Saron,POS,10,10,1,1,0,2026-04-16T20:08:46.000Z,10,332.9,true,1180012,1800999,2026-04-16T20:08:46.000Z,https://raider.io/mythic-plus-runs/season-mn-1/13437443-10-pit-of-saron
Mægisk,twisting-nether,eu,current,Nexus-Point Xenas,NPX,10,10,1,1,0,2026-04-18T23:00:33.000Z,10,328.9,true,1371878,1800999,2026-04-18T23:00:33.000Z,https://raider.io/mythic-plus-runs/season-mn-1/14517616-10-nexuspoint-xenas
Axonea,twisting-nether,eu,current,Magisters' Terrace,MT,10,10,1,1,0,2026-04-06T15:29:55.000Z,10,332.9,true,1339373,2040999,2026-04-06T15:29:55.000Z,https://raider.io/mythic-plus-runs/season-mn-1/8428263-10-magisters-terrace
Ragret,twisting-nether,eu,current,Nexus-Point Xenas,NPX,4,4,1,1,0,2026-03-31T21:00:19.000Z,4,196.2,true,1262947,1800999,2026-03-31T21:00:19.000Z,https://raider.io/mythic-plus-runs/season-mn-1/5017979-4-nexuspoint-xenas
Zalris,ravencrest,eu,current,Seat of the Triumvirate,SEAT,5,5,1,1,0,2026-03-31T15:31:50.000Z,5,230.0,true,1117650,2040999,2026-03-31T15:31:50.000Z,https://raider.io/mythic-plus-runs/season-mn-1/4804811-5-seat-of-the-triumvirate
Smonkste,twisting-nether,eu,current,Skyreach,SR,12,12,1,1,0,2026-04-17T18:07:59.000Z,12,372.5,true,1343325,1680999,2026-04-17T18:07:59.000Z,https://raider.io/mythic-plus-runs/season-mn-1/13884730-12-skyreach
Lisicata,sylvanas,eu,current,Algeth'ar Academy,AA,2,2,1,1,0,2026-04-14T19:34:49.000Z,2,169.4,true,1108632,1800999,2026-04-14T19:34:49.000Z,https://raider.io/mythic-plus-runs/season-mn-1/12496956-2-algethar-academy
Everrin,twisting-nether,eu,current,Maisara Caverns,MC,13,13,1,1,0,2026-04-14T21:54:03.000Z,13,385.5,true,1688667,1980999,2026-04-14T21:54:03.000Z,https://raider.io/mythic-plus-runs/season-mn-1/12592369-13-maisara-caverns
Midnight,silvermoon,eu,current,Seat of the Triumvirate,SEAT,13,13,1,1,0,2026-04-12T19:28:02.000Z,13,381.7,true,1948823,2040999,2026-04-12T19:28:02.000Z,https://raider.io/mythic-plus-runs/season-mn-1/11750203-13-seat-of-the-triumvirate
Yeroshj,twisting-nether,eu,current,Magisters' Terrace,MT,15,15,1,1,0,2026-04-07T14:57:47.000Z,15,411.7,true,1950735,2040999,2026-04-07T14:57:47.000Z,https://raider.io/mythic-plus-runs/season-mn-1/8548679-15-magisters-terrace
Bigboiples,twisting-nether,eu,current,Algeth'ar Academy,AA,14,13,3,2,1,2026-04-18T13:04:10.000Z,13,385.0,true,1561361,1800999,2026-04-18T13:04:10.000Z,https://raider.io/mythic-plus-runs/season-mn-1/14200369-13-algethar-academy
Dorathy,twisting-nether,eu,current,Magisters' Terrace,MT,16,16,1,1,0,2026-04-17T19:31:41.000Z,16,428.4,true,1856590,2040999,2026-04-17T19:31:41.000Z,https://raider.io/mythic-plus-runs/season-mn-1/13834998-16-magisters-terrace
Thistle,twisting-nether,eu,current,Seat of the Triumvirate,SEAT,10,10,1,1,0,2026-04-19T15:46:19.000Z,10,332.0,true,1388062,2040999,2026-04-19T15:46:19.000Z,https://raider.io/mythic-plus-runs/season-mn-1/15081023-10-seat-of-the-triumvirate
Pompqmoi,twisting-nether,eu,current,Nexus-Point Xenas,NPX,12,12,2,2,0,2026-04-14T21:12:24.000Z,12,367.5,true,1683083,1800999,2026-04-09T14:20:26.000Z,https://raider.io/mythic-plus-runs/season-mn-1/9755358-12-nexuspoint-xenas
Sprutpesset,twisting-nether,eu,current,Skyreach,SR,15,14,2,1,1,2026-04-13T19:24:17.000Z,14,395.8,true,1645662,1680999,2026-04-08T19:01:05.000Z,https://raider.io/mythic-plus-runs/season-mn-1/9166644-14-skyreach
Yevie,twisting-nether,eu,current,Magisters' Terrace,MT,12,12,3,3,0,2026-04-14T19:39:18.000Z,12,373.3,true,1590983,2040999,2026-04-07T20:19:29.000Z,https://raider.io/mythic-plus-runs/season-mn-1/8706299-12-magisters-terrace
Sebaheoung,twisting-nether,eu,current,Nexus-Point Xenas,NPX,13,13,2,2,0,2026-04-16T20:40:44.000Z,13,387.6,true,1433742,1800999,2026-04-08T13:59:45.000Z,https://raider.io/mythic-plus-runs/season-mn-1/9007320-13-nexuspoint-xenas
Typ,ravencrest,eu,current,Nexus-Point Xenas,NPX,15,15,3,3,0,2026-04-16T20:18:49.000Z,15,414.1,true,1602511,1800999,2026-04-16T20:18:49.000Z,https://raider.io/mythic-plus-runs/season-mn-1/13384312-15-nexuspoint-xenas
Everrin,twisting-nether,eu,current,Seat of the Triumvirate,SEAT,13,13,1,1,0,2026-04-12T19:28:02.000Z,13,381.7,true,1948823,2040999,2026-04-12T19:28:02.000Z,https://raider.io/mythic-plus-runs/season-mn-1/11750203-13-seat-of-the-triumvirate
Dorathy,twisting-nether,eu,current,Algeth'ar Academy,AA,16,16,2,2,0,2026-04-16T14:59:01.000Z,16,428.2,true,1646513,1800999,2026-04-16T14:59:01.000Z,https://raider.io/mythic-plus-runs/season-mn-1/13213211-16-algethar-academy
Pompqmoi,twisting-nether,eu,current,Maisara Caverns,MC,12,12,1,1,0,2026-04-06T20:25:58.000Z,12,374.7,true,1468010,1980999,2026-04-06T20:25:58.000Z,https://raider.io/mythic-plus-runs/season-mn-1/8234329-12-maisara-caverns
Ragret,twisting-nether,eu,current,Pit of Saron,POS,9,9,1,1,0,2026-04-08T12:38:24.000Z,9,293.8,true,1619165,1800999,2026-04-08T12:38:24.000Z,https://raider.io/mythic-plus-runs/season-mn-1/8975982-9-pit-of-saron
Axonea,twisting-nether,eu,current,Seat of the Triumvirate,SEAT,10,10,1,1,0,2026-04-19T15:46:19.000Z,10,332.0,true,1388062,2040999,2026-04-19T15:46:19.000Z,https://raider.io/mythic-plus-runs/season-mn-1/15081023-10-seat-of-the-triumvirate
Skyhanter,twisting-nether,eu,current,Algeth'ar Academy,AA,14,14,1,1,0,2026-04-15T20:03:39.000Z,14,399.1,true,1602596,1800999,2026-04-15T20:03:39.000Z,https://raider.io/mythic-plus-runs/season-mn-1/13007646-14-algethar-academy
Lasermemes,twisting-nether,eu,current,Algeth'ar Academy,AA,10,10,1,1,0,2026-04-01T20:41:38.000Z,10,327.0,true,1463956,1800999,2026-04-01T20:41:38.000Z,https://raider.io/mythic-plus-runs/season-mn-1/5573593-10-algethar-academy
Lunasnow,twisting-nether,eu,current,Nexus-Point Xenas,NPX,10,10,1,1,0,2026-03-30T22:10:41.000Z,10,326.0,true,1510569,1800999,2026-03-30T22:10:41.000Z,https://raider.io/mythic-plus-runs/season-mn-1/4452249-10-nexuspoint-xenas
Lasermemes,twisting-nether,eu,current,Skyreach,SR,12,12,1,1,0,2026-04-18T15:28:24.000Z,12,369.3,true,1488242,1680999,2026-04-18T15:28:24.000Z,https://raider.io/mythic-plus-runs/season-mn-1/14351792-12-skyreach
Rivey,defias-brotherhood,eu,current,Algeth'ar Academy,AA,13,13,1,1,0,2026-04-06T21:45:01.000Z,13,385.2,true,1549084,1800999,2026-04-06T21:45:01.000Z,https://raider.io/mythic-plus-runs/season-mn-1/8424666-13-algethar-academy
Gigasaga,twisting-nether,eu,current,Algeth'ar Academy,AA,10,10,1,1,0,2026-03-29T00:14:56.000Z,10,323.7,true,1623422,1800999,2026-03-29T00:14:56.000Z,https://raider.io/mythic-plus-runs/season-mn-1/3272925-10-algethar-academy
Wiskers,twisting-nether,eu,current,Pit of Saron,POS,5,5,2,2,0,2026-04-11T15:04:49.000Z,5,224.2,true,1357717,1800999,2026-04-11T15:04:49.000Z,https://raider.io/mythic-plus-runs/season-mn-1/10665026-5-pit-of-saron
Midnight,silvermoon,eu,current,Pit of Saron,POS,12,12,3,2,1,2026-04-14T22:17:12.000Z,12,368.1,true,1650815,1800999,2026-04-12T20:15:41.000Z,https://raider.io/mythic-plus-runs/season-mn-1/11750063-12-pit-of-saron
Lenus,twisting-nether,eu,current,Magisters' Terrace,MT,11,11,1,1,0,2026-04-07T19:06:04.000Z,11,343.5,true,1579615,2040999,2026-04-07T19:06:04.000Z,https://raider.io/mythic-plus-runs/season-mn-1/8640836-11-magisters-terrace
Sköddsköddna,twisting-nether,eu,current,Pit of Saron,POS,13,13,3,3,0,2026-04-19T21:17:25.000Z,13,388.2,true,1409098,1800999,2026-04-15T16:44:15.000Z,https://raider.io/mythic-plus-runs/season-mn-1/12849272-13-pit-of-saron
Midnight,silvermoon,eu,current,Maisara Caverns,MC,13,13,2,2,0,2026-04-14T21:54:03.000Z,13,385.5,true,1688667,1980999,2026-04-14T21:54:03.000Z,https://raider.io/mythic-plus-runs/season-mn-1/12592369-13-maisara-caverns
Midnight,silvermoon,eu,current,Skyreach,SR,12,12,1,1,0,2026-04-12T18:52:35.000Z,12,374.7,true,1246189,1680999,2026-04-12T18:52:35.000Z,https://raider.io/mythic-plus-runs/season-mn-1/11750217-12-skyreach
Nylo,twisting-nether,eu,current,Seat of the Triumvirate,SEAT,15,15,2,2,0,2026-04-19T10:45:01.000Z,15,415.6,true,1738105,2040999,2026-04-09T15:36:04.000Z,https://raider.io/mythic-plus-runs/season-mn-1/9572285-15-seat-of-the-triumvirate
Garsias,tarren-mill,eu,current,Skyreach,SR,11,11,4,4,0,2026-04-19T06:46:58.000Z,11,349.0,true,1054995,1680999,2026-04-19T06:46:58.000Z,https://raider.io/mythic-plus-runs/season-mn-1/14744757-11-skyreach
Zren,ravencrest,eu,current,Seat of the Triumvirate,SEAT,13,13,1,1,0,2026-04-14T20:58:45.000Z,13,385.8,true,1725881,2040999,2026-04-14T20:58:45.000Z,https://raider.io/mythic-plus-runs/season-mn-1/12614524-13-seat-of-the-triumvirate
Gigasaga,twisting-nether,eu,current,Seat of the Triumvirate,SEAT,11,11,1,1,0,2026-04-13T21:20:19.000Z,11,336.3,true,1971662,2040999,2026-04-13T21:20:19.000Z,https://raider.io/mythic-plus-runs/season-mn-1/12175130-11-seat-of-the-triumvirate
Yeroshj,twisting-nether,eu,current,Algeth'ar Academy,AA,15,15,1,1,0,2026-04-09T16:45:02.000Z,15,411.4,true,1734588,1800999,2026-04-09T16:45:02.000Z,https://raider.io/mythic-plus-runs/season-mn-1/9618575-15-algethar-academy
Socialqs,twisting-nether,eu,current,Seat of the Triumvirate,SEAT,8,8,2,2,0,2026-04-19T12:59:38.000Z,8,286.2,true,1432914,2040999,2026-04-19T12:59:38.000Z,https://raider.io/mythic-plus-runs/season-mn-1/14839948-8-seat-of-the-triumvirate
Lisicata,sylvanas,eu,current,Nexus-Point Xenas,NPX,2,2,1,1,0,2026-04-14T19:10:24.000Z,2,170.0,true,948009,1800999,2026-04-14T19:10:24.000Z,https://raider.io/mythic-plus-runs/season-mn-1/12495677-2-nexuspoint-xenas
Axonea,twisting-nether,eu,current,Pit of Saron,POS,10,10,2,2,0,2026-04-14T22:17:12.000Z,10,335.0,true,1070839,1800999,2026-04-14T22:17:12.000Z,https://raider.io/mythic-plus-runs/season-mn-1/12592380-10-pit-of-saron
Karllia,argent-dawn,eu,current,Magisters' Terrace,MT,12,12,1,1,0,2026-04-02T23:46:22.000Z,12,369.5,true,1794172,2040999,2026-04-02T23:46:22.000Z,https://raider.io/mythic-plus-runs/season-mn-1/5967464-12-magisters-terrace
Ney,twisting-nether,eu,current,Maisara Caverns,MC,10,10,2,2,0,2026-03-31T23:08:54.000Z,10,322.5,true,1846484,1980999,2026-03-31T23:08:54.000Z,https://raider.io/mythic-plus-runs/season-mn-1/5125363-10-maisara-caverns
Aypeross,twisting-nether,eu,current,Skyreach,SR,11,11,1,1,0,2026-04-14T14:30:05.000Z,11,338.8,true,1509477,1680999,2026-04-14T14:30:05.000Z,https://raider.io/mythic-plus-runs/season-mn-1/12426425-11-skyreach
Lunasnow,twisting-nether,eu,current,Skyreach,SR,11,11,2,2,0,2026-04-02T23:20:23.000Z,11,345.6,true,1205709,1680999,2026-04-02T23:20:23.000Z,https://raider.io/mythic-plus-runs/season-mn-1/6209260-11-skyreach
Estrogel,twisting-nether,eu,current,Nexus-Point Xenas,NPX,13,13,2,2,0,2026-04-18T21:55:57.000Z,13,386.8,true,1473755,1800999,2026-04-18T21:55:57.000Z,https://raider.io/mythic-plus-runs/season-mn-1/14635096-13-nexuspoint-xenas
Lisicata,sylvanas,eu,current,Windrunner Spire,WS,2,2,2,2,0,2026-04-14T20:03:35.000Z,2,170.0,true,1107152,1980999,2026-04-14T20:03:35.000Z,https://raider.io/mythic-plus-runs/season-mn-1/12844175-2-windrunner-spire
Karllia,argent-dawn,eu,current,Pit of Saron,POS,13,13,2,2,0,2026-04-15T16:44:15.000Z,13,388.2,true,1409098,1800999,2026-04-15T16:44:15.000Z,https://raider.io/mythic-plus-runs/season-mn-1/12849272-13-pit-of-saron
Badraider,twisting-nether,eu,current,Pit of Saron,POS,10,10,2,2,0,2026-04-14T17:59:18.000Z,10,331.3,true,1256040,1800999,2026-04-13T19:38:15.000Z,https://raider.io/mythic-plus-runs/season-mn-1/12069218-10-pit-of-saron
Garsias,tarren-mill,eu,current,Maisara Caverns,MC,11,11,2,2,0,2026-04-19T08:21:59.000Z,11,340.0,true,1717245,1980999,2026-04-19T08:21:59.000Z,https://raider.io/mythic-plus-runs/season-mn-1/14744652-11-maisara-caverns
Gigasaga,twisting-nether,eu,current,Skyreach,SR,11,11,1,1,0,2026-03-29T22:19:13.000Z,11,340.5,true,1434994,1680999,2026-03-29T22:19:13.000Z,https://raider.io/mythic-plus-runs/season-mn-1/3959395-11-skyreach
Gigasaga,twisting-nether,eu,current,Magisters' Terrace,MT,10,10,1,1,0,2026-03-31T21:58:19.000Z,10,324.8,true,1781475,2040999,2026-03-31T21:58:19.000Z,https://raider.io/mythic-plus-runs/season-mn-1/4985950-10-magisters-terrace
Hobbyalkis,twisting-nether,eu,current,Algeth'ar Academy,AA,10,10,1,1,0,2026-03-26T22:44:47.000Z,10,297.7,true,2150979,1800999,2026-03-26T22:44:47.000Z,https://raider.io/mythic-plus-runs/season-mn-1/1412860-10-algethar-academy
Yearning,twisting-nether,eu,current,Windrunner Spire,WS,10,10,1,1,0,2026-03-27T10:36:31.000Z,10,335.0,true,1189181,1980999,2026-03-27T10:36:31.000Z,https://raider.io/mythic-plus-runs/season-mn-1/1817269-10-windrunner-spire
Hobbyalkis,twisting-nether,eu,current,Pit of Saron,POS,10,10,1,1,0,2026-03-31T20:16:34.000Z,10,333.7,true,1144610,1800999,2026-03-31T20:16:34.000Z,https://raider.io/mythic-plus-runs/season-mn-1/5167837-10-pit-of-saron
Mechka,twisting-nether,eu,current,Nexus-Point Xenas,NPX,10,10,3,3,0,2026-04-18T23:00:33.000Z,10,334.4,true,1111595,1800999,2026-04-05T20:03:18.000Z,https://raider.io/mythic-plus-runs/season-mn-1/7775799-10-nexuspoint-xenas
Pompqmoi,twisting-nether,eu,current,Skyreach,SR,12,12,2,2,0,2026-04-19T11:40:54.000Z,12,371.9,true,1369517,1680999,2026-04-03T20:17:39.000Z,https://raider.io/mythic-plus-runs/season-mn-1/6481243-12-skyreach
Graviity,twisting-nether,eu,current,Nexus-Point Xenas,NPX,10,10,1,1,0,2026-04-16T18:39:10.000Z,10,330.4,true,1302196,1800999,2026-04-16T18:39:10.000Z,https://raider.io/mythic-plus-runs/season-mn-1/13389955-10-nexuspoint-xenas
Bileplume,twisting-nether,eu,current,Magisters' Terrace,MT,13,11,3,2,1,2026-04-18T05:07:28.000Z,11,345.7,true,1460217,2040999,2026-04-18T05:07:28.000Z,https://raider.io/mythic-plus-runs/season-mn-1/14169133-11-magisters-terrace
Nylo,twisting-nether,eu,current,Maisara Caverns,MC,16,16,2,2,0,2026-04-19T10:19:02.000Z,16,432.4,true,1590753,1980999,2026-04-08T18:03:30.000Z,https://raider.io/mythic-plus-runs/season-mn-1/9130614-16-maisara-caverns
Turbohot,twisting-nether,eu,current,Magisters' Terrace,MT,11,11,2,2,0,2026-04-19T14:53:06.000Z,11,343.5,true,1579615,2040999,2026-04-07T19:06:04.000Z,https://raider.io/mythic-plus-runs/season-mn-1/8640836-11-magisters-terrace
Disorders,twisting-nether,eu,current,Algeth'ar Academy,AA,10,10,2,2,0,2026-04-17T10:32:17.000Z,10,332.1,true,1219103,1800999,2026-04-16T19:37:31.000Z,https://raider.io/mythic-plus-runs/season-mn-1/13439624-10-algethar-academy
Yearning,twisting-nether,eu,current,Nexus-Point Xenas,NPX,10,10,1,1,0,2026-03-27T11:20:07.000Z,10,334.2,true,1120144,1800999,2026-03-27T11:20:07.000Z,https://raider.io/mythic-plus-runs/season-mn-1/1817314-10-nexuspoint-xenas
Jumzo,sylvanas,eu,current,Skyreach,SR,14,14,3,3,0,2026-04-19T21:59:55.000Z,14,403.5,true,1301848,1680999,2026-04-19T21:59:55.000Z,https://raider.io/mythic-plus-runs/season-mn-1/15069083-14-skyreach
Badraider,twisting-nether,eu,current,Algeth'ar Academy,AA,10,10,2,2,0,2026-04-13T19:06:58.000Z,10,327.1,true,1458095,1800999,2026-04-13T19:06:58.000Z,https://raider.io/mythic-plus-runs/season-mn-1/11940228-10-algethar-academy
Megachomber,ravencrest,eu,current,Windrunner Spire,WS,16,16,2,2,0,2026-04-19T11:58:09.000Z,16,425.8,true,1940183,1980999,2026-04-19T11:58:09.000Z,https://raider.io/mythic-plus-runs/season-mn-1/14944353-16-windrunner-spire
Typ,ravencrest,eu,current,Maisara Caverns,MC,16,16,1,1,0,2026-04-18T17:19:16.000Z,16,428.8,true,1779471,1980999,2026-04-18T17:19:16.000Z,https://raider.io/mythic-plus-runs/season-mn-1/14479227-16-maisara-caverns
Megachomber,ravencrest,eu,current,Skyreach,SR,15,15,1,1,0,2026-04-17T20:18:13.000Z,15,418.2,true,1314980,1680999,2026-04-17T20:18:13.000Z,https://raider.io/mythic-plus-runs/season-mn-1/14080210-15-skyreach
Mægisk,twisting-nether,eu,current,Magisters' Terrace,MT,10,10,1,1,0,2026-04-19T00:31:52.000Z,10,335.0,true,1218495,2040999,2026-04-19T00:31:52.000Z,https://raider.io/mythic-plus-runs/season-mn-1/14544056-10-magisters-terrace
Turbohot,twisting-nether,eu,current,Skyreach,SR,10,10,2,2,0,2026-04-19T15:22:24.000Z,10,331.6,true,1161296,1680999,2026-04-19T15:22:24.000Z,https://raider.io/mythic-plus-runs/season-mn-1/14924443-10-skyreach
Sköddsköddna,twisting-nether,eu,current,Skyreach,SR,12,12,2,2,0,2026-04-18T12:30:46.000Z,12,366.5,true,1614319,1680999,2026-04-18T12:30:46.000Z,https://raider.io/mythic-plus-runs/season-mn-1/14193632-12-skyreach
Mechka,twisting-nether,eu,current,Seat of the Triumvirate,SEAT,10,10,1,1,0,2026-04-04T13:28:17.000Z,10,333.8,true,1291880,2040999,2026-04-04T13:28:17.000Z,https://raider.io/mythic-plus-runs/season-mn-1/6858522-10-seat-of-the-triumvirate
Gigasaga,twisting-nether,eu,current,Maisara Caverns,MC,12,10,2,1,1,2026-04-07T17:43:53.000Z,10,326.9,true,1616713,1980999,2026-04-07T17:43:53.000Z,https://raider.io/mythic-plus-runs/season-mn-1/8728952-10-maisara-caverns
Hoptronix,twisting-nether,eu,current,Magisters' Terrace,MT,2,2,1,1,0,2026-04-01T19:56:01.000Z,2,170.0,true,1170800,2040999,2026-04-01T19:56:01.000Z,https://raider.io/mythic-plus-runs/season-mn-1/5490151-2-magisters-terrace
Graviity,twisting-nether,eu,current,Magisters' Terrace,MT,10,10,1,1,0,2026-04-18T00:56:52.000Z,10,333.8,true,1289310,2040999,2026-04-18T00:56:52.000Z,https://raider.io/mythic-plus-runs/season-mn-1/13976012-10-magisters-terrace
Ragret,twisting-nether,eu,current,Skyreach,SR,2,2,1,1,0,2026-03-31T20:15:17.000Z,2,168.3,true,1084400,1680999,2026-03-31T20:15:17.000Z,https://raider.io/mythic-plus-runs/season-mn-1/4970327-2-skyreach
Graviity,twisting-nether,eu,current,Algeth'ar Academy,AA,10,10,1,1,0,2026-04-13T19:06:58.000Z,10,327.1,true,1458095,1800999,2026-04-13T19:06:58.000Z,https://raider.io/mythic-plus-runs/season-mn-1/11940228-10-algethar-academy
Typ,ravencrest,eu,current,Skyreach,SR,15,15,1,1,0,2026-04-17T20:18:13.000Z,15,418.2,true,1314980,1680999,2026-04-17T20:18:13.000Z,https://raider.io/mythic-plus-runs/season-mn-1/14080210-15-skyreach
Estrogel,twisting-nether,eu,current,Maisara Caverns,MC,13,13,1,1,0,2026-04-14T21:54:03.000Z,13,385.5,true,1688667,1980999,2026-04-14T21:54:03.000Z,https://raider.io/mythic-plus-runs/season-mn-1/12592369-13-maisara-caverns
Dorathy,twisting-nether,eu,current,Skyreach,SR,16,16,1,1,0,2026-04-16T10:55:06.000Z,16,429.1,true,1497835,1680999,2026-04-16T10:55:06.000Z,https://raider.io/mythic-plus-runs/season-mn-1/13160262-16-skyreach
Sebaheoung,twisting-nether,eu,current,Windrunner Spire,WS,12,12,3,3,0,2026-04-16T16:29:06.000Z,12,374.2,true,1495177,1980999,2026-04-15T10:18:51.000Z,https://raider.io/mythic-plus-runs/season-mn-1/12656002-12-windrunner-spire
Budgetgoku,twisting-nether,eu,current,Magisters' Terrace,MT,12,12,3,3,0,2026-04-19T14:53:06.000Z,12,375.1,true,1491541,2040999,2026-04-14T21:19:28.000Z,https://raider.io/mythic-plus-runs/season-mn-1/12592382-12-magisters-terrace
Bpd,twisting-nether,eu,current,Algeth'ar Academy,AA,10,10,1,1,0,2026-03-26T22:44:47.000Z,10,297.7,true,2150979,1800999,2026-03-26T22:44:47.000Z,https://raider.io/mythic-plus-runs/season-mn-1/1412860-10-algethar-academy
Alexiamae,twisting-nether,eu,current,Windrunner Spire,WS,10,10,2,2,0,2026-04-05T12:32:16.000Z,10,334.7,true,1206803,1980999,2026-04-05T12:32:16.000Z,https://raider.io/mythic-plus-runs/season-mn-1/7449095-10-windrunner-spire
Zren,ravencrest,eu,current,Nexus-Point Xenas,NPX,12,12,3,3,0,2026-04-16T16:34:48.000Z,12,372.9,true,1423348,1800999,2026-04-14T19:49:19.000Z,https://raider.io/mythic-plus-runs/season-mn-1/12433214-12-nexuspoint-xenas
Graviity,twisting-nether,eu,current,Maisara Caverns,MC,10,10,1,1,0,2026-04-18T00:27:36.000Z,10,333.6,true,1264339,1980999,2026-04-18T00:27:36.000Z,https://raider.io/mythic-plus-runs/season-mn-1/13975999-10-maisara-caverns
Bigboiples,twisting-nether,eu,current,Seat of the Triumvirate,SEAT,12,12,3,2,1,2026-04-19T14:28:53.000Z,12,374.1,true,1546225,2040999,2026-04-08T22:12:35.000Z,https://raider.io/mythic-plus-runs/season-mn-1/9244115-12-seat-of-the-triumvirate
Aypeross,twisting-nether,eu,current,Nexus-Point Xenas,NPX,11,11,1,1,0,2026-04-06T15:08:43.000Z,11,342.0,true,1463870,1800999,2026-04-06T15:08:43.000Z,https://raider.io/mythic-plus-runs/season-mn-1/8106969-11-nexuspoint-xenas
Zren,ravencrest,eu,current,Windrunner Spire,WS,13,13,2,2,0,2026-04-14T19:07:45.000Z,13,385.4,true,1695896,1980999,2026-04-12T19:42:28.000Z,https://raider.io/mythic-plus-runs/season-mn-1/11331024-13-windrunner-spire
Turbohot,twisting-nether,eu,current,Nexus-Point Xenas,NPX,11,11,4,4,0,2026-04-19T15:43:15.000Z,11,343.8,true,1377938,1800999,2026-04-13T13:23:18.000Z,https://raider.io/mythic-plus-runs/season-mn-1/11838011-11-nexuspoint-xenas
Jumzo,sylvanas,eu,current,Seat of the Triumvirate,SEAT,14,13,5,4,1,2026-04-19T21:27:38.000Z,13,386.7,true,1674281,2040999,2026-04-08T13:14:49.000Z,https://raider.io/mythic-plus-runs/season-mn-1/9000188-13-seat-of-the-triumvirate
Hobbyalkis,twisting-nether,eu,current,Magisters' Terrace,MT,13,12,2,1,1,2026-04-04T23:36:03.000Z,12,369.5,true,1794172,2040999,2026-04-02T23:46:22.000Z,https://raider.io/mythic-plus-runs/season-mn-1/5967464-12-magisters-terrace
Smonkste,twisting-nether,eu,current,Windrunner Spire,WS,13,13,2,2,0,2026-04-18T19:29:18.000Z,13,385.0,true,1717324,1980999,2026-04-18T19:29:18.000Z,https://raider.io/mythic-plus-runs/season-mn-1/14404741-13-windrunner-spire
Hawktwarr,twisting-nether,eu,current,Algeth'ar Academy,AA,2,2,1,1,0,2026-03-25T18:26:06.000Z,2,170.0,true,897416,1800999,2026-03-25T18:26:06.000Z,https://raider.io/mythic-plus-runs/season-mn-1/518493-2-algethar-academy
Zren,ravencrest,eu,current,Pit of Saron,POS,13,13,1,1,0,2026-04-11T14:30:03.000Z,13,389.0,true,1369955,1800999,2026-04-11T14:30:03.000Z,https://raider.io/mythic-plus-runs/season-mn-1/10647557-13-pit-of-saron
Aypeross,twisting-nether,eu,current,Seat of the Triumvirate,SEAT,12,12,3,3,0,2026-04-18T15:36:23.000Z,12,371.2,true,1703313,2040999,2026-04-06T21:38:06.000Z,https://raider.io/mythic-plus-runs/season-mn-1/8271980-12-seat-of-the-triumvirate
Typ,ravencrest,eu,current,Algeth'ar Academy,AA,14,14,1,1,0,2026-04-14T21:55:32.000Z,14,400.9,true,1517611,1800999,2026-04-14T21:55:32.000Z,https://raider.io/mythic-plus-runs/season-mn-1/12476384-14-algethar-academy
Aypeross,twisting-nether,eu,current,Algeth'ar Academy,AA,12,12,1,1,0,2026-04-10T11:26:44.000Z,12,369.3,true,1595128,1800999,2026-04-10T11:26:44.000Z,https://raider.io/mythic-plus-runs/season-mn-1/9999520-12-algethar-academy
Pompqmoi,twisting-nether,eu,current,Magisters' Terrace,MT,10,10,1,1,0,2026-04-14T16:27:08.000Z,10,328.2,true,1596401,2040999,2026-04-14T16:27:08.000Z,https://raider.io/mythic-plus-runs/season-mn-1/12373993-10-magisters-terrace
Wiskers,twisting-nether,eu,current,Maisara Caverns,MC,5,5,2,2,0,2026-04-11T14:35:39.000Z,5,230.0,true,1097145,1980999,2026-03-29T22:00:03.000Z,https://raider.io/mythic-plus-runs/season-mn-1/3900658-5-maisara-caverns
Rivey,defias-brotherhood,eu,current,Skyreach,SR,13,13,1,1,0,2026-04-08T22:45:02.000Z,13,386.7,true,1381674,1680999,2026-04-08T22:45:02.000Z,https://raider.io/mythic-plus-runs/season-mn-1/9335328-13-skyreach
Mægisk,twisting-nether,eu,current,Skyreach,SR,10,10,2,2,0,2026-04-19T00:00:43.000Z,10,329.2,true,1268683,1680999,2026-04-19T00:00:43.000Z,https://raider.io/mythic-plus-runs/season-mn-1/14535493-10-skyreach
Sköddsköddna,twisting-nether,eu,current,Windrunner Spire,WS,10,10,1,1,0,2026-04-03T23:57:45.000Z,10,332.3,true,1331912,1980999,2026-04-03T23:57:45.000Z,https://raider.io/mythic-plus-runs/season-mn-1/6605024-10-windrunner-spire
Bpd,twisting-nether,eu,current,Skyreach,SR,9,9,1,1,0,2026-03-26T23:12:45.000Z,9,302.0,true,1141505,1680999,2026-03-26T23:12:45.000Z,https://raider.io/mythic-plus-runs/season-mn-1/1412851-9-skyreach
Midnight,silvermoon,eu,current,Nexus-Point Xenas,NPX,13,13,1,1,0,2026-04-18T15:20:49.000Z,13,386.2,true,1504241,1800999,2026-04-18T15:20:49.000Z,https://raider.io/mythic-plus-runs/season-mn-1/14272576-13-nexuspoint-xenas
Selthiel,ravencrest,eu,current,Nexus-Point Xenas,NPX,15,15,2,2,0,2026-04-16T20:18:49.000Z,15,414.1,true,1602511,1800999,2026-04-16T20:18:49.000Z,https://raider.io/mythic-plus-runs/season-mn-1/13384312-15-nexuspoint-xenas
Karllia,argent-dawn,eu,current,Skyreach,SR,13,13,3,3,0,2026-04-12T18:52:35.000Z,13,386.7,true,1381674,1680999,2026-04-08T22:45:02.000Z,https://raider.io/mythic-plus-runs/season-mn-1/9335328-13-skyreach
Jointsuckerr,twisting-nether,eu,current,Pit of Saron,POS,15,15,1,1,0,2026-04-07T20:35:39.000Z,15,415.0,true,1559023,1800999,2026-04-07T20:35:39.000Z,https://raider.io/mythic-plus-runs/season-mn-1/8714350-15-pit-of-saron
Rivey,defias-brotherhood,eu,current,Windrunner Spire,WS,12,12,2,2,0,2026-04-07T17:47:31.000Z,12,367.3,true,1861731,1980999,2026-04-06T17:27:16.000Z,https://raider.io/mythic-plus-runs/season-mn-1/8209269-12-windrunner-spire
Turbohot,twisting-nether,eu,current,Windrunner Spire,WS,11,11,2,2,0,2026-04-07T17:57:55.000Z,11,346.2,true,1391936,1980999,2026-03-29T11:43:07.000Z,https://raider.io/mythic-plus-runs/season-mn-1/3379054-11-windrunner-spire
Sköddsköddna,twisting-nether,eu,current,Seat of the Triumvirate,SEAT,12,12,2,2,0,2026-04-14T17:54:07.000Z,12,370.0,true,1771158,2040999,2026-04-12T17:33:14.000Z,https://raider.io/mythic-plus-runs/season-mn-1/11301894-12-seat-of-the-triumvirate
Lasermemes,twisting-nether,eu,current,Seat of the Triumvirate,SEAT,10,10,1,1,0,2026-04-11T01:07:26.000Z,10,330.1,true,1493798,2040999,2026-04-11T01:07:26.000Z,https://raider.io/mythic-plus-runs/season-mn-1/10359796-10-seat-of-the-triumvirate
Megachomber,ravencrest,eu,current,Pit of Saron,POS,17,15,2,1,1,2026-04-19T19:38:08.000Z,15,418.3,true,1401230,1800999,2026-04-17T21:49:51.000Z,https://raider.io/mythic-plus-runs/season-mn-1/14105168-15-pit-of-saron
Lasermemes,twisting-nether,eu,current,Magisters' Terrace,MT,10,10,1,1,0,2026-04-18T00:56:52.000Z,10,333.8,true,1289310,2040999,2026-04-18T00:56:52.000Z,https://raider.io/mythic-plus-runs/season-mn-1/13976012-10-magisters-terrace
Pearldrake,tarren-mill,eu,current,Skyreach,SR,10,10,1,1,0,2026-04-14T20:15:41.000Z,10,327.9,true,1327256,1680999,2026-04-14T20:15:41.000Z,https://raider.io/mythic-plus-runs/season-mn-1/12518575-10-skyreach
Bpd,twisting-nether,eu,current,Seat of the Triumvirate,SEAT,10,10,1,1,0,2026-03-26T17:34:09.000Z,10,325.6,true,1736148,2040999,2026-03-26T17:34:09.000Z,https://raider.io/mythic-plus-runs/season-mn-1/1412886-10-seat-of-the-triumvirate
Sprutpesset,twisting-nether,eu,current,Pit of Saron,POS,14,14,1,1,0,2026-04-15T18:37:11.000Z,14,396.1,true,1748628,1800999,2026-04-15T18:37:11.000Z,https://raider.io/mythic-plus-runs/season-mn-1/12901277-14-pit-of-saron
Turbohot,twisting-nether,eu,current,Algeth'ar Academy,AA,11,11,2,2,0,2026-04-13T12:36:49.000Z,11,343.0,true,1415732,1800999,2026-04-13T12:36:49.000Z,https://raider.io/mythic-plus-runs/season-mn-1/11777095-11-algethar-academy
Skyhanter,twisting-nether,eu,current,Nexus-Point Xenas,NPX,14,14,2,2,0,2026-04-16T18:48:51.000Z,14,400.9,true,1516738,1800999,2026-04-06T20:16:12.000Z,https://raider.io/mythic-plus-runs/season-mn-1/8311931-14-nexuspoint-xenas
Gigasaga,twisting-nether,eu,current,Nexus-Point Xenas,NPX,11,11,2,2,0,2026-04-03T23:20:37.000Z,11,341.8,true,1476195,1800999,2026-04-03T23:20:37.000Z,https://raider.io/mythic-plus-runs/season-mn-1/6588599-11-nexuspoint-xenas
Disorders,twisting-nether,eu,current,Nexus-Point Xenas,NPX,12,12,2,2,0,2026-04-17T12:21:16.000Z,12,367.7,true,1671977,1800999,2026-04-17T12:21:16.000Z,https://raider.io/mythic-plus-runs/season-mn-1/13736670-12-nexuspoint-xenas
Sköddsköddna,twisting-nether,eu,current,Algeth'ar Academy,AA,12,10,2,1,1,2026-04-18T11:59:05.000Z,10,330.6,true,1291257,1800999,2026-04-18T11:23:07.000Z,https://raider.io/mythic-plus-runs/season-mn-1/14169000-10-algethar-academy
Jadsrune,twisting-nether,eu,current,Maisara Caverns,MC,12,12,1,1,0,2026-04-06T11:33:56.000Z,12,370.7,true,1680702,1980999,2026-04-06T11:33:56.000Z,https://raider.io/mythic-plus-runs/season-mn-1/8428250-12-maisara-caverns
Yearning,twisting-nether,eu,current,Skyreach,SR,12,12,1,1,0,2026-04-11T13:20:46.000Z,12,374.5,true,1256563,1680999,2026-04-11T13:20:46.000Z,https://raider.io/mythic-plus-runs/season-mn-1/10988235-12-skyreach
Budgetgoku,twisting-nether,eu,current,Skyreach,SR,11,11,2,2,0,2026-04-19T15:22:24.000Z,11,341.1,true,1406548,1680999,2026-03-26T22:11:48.000Z,https://raider.io/mythic-plus-runs/season-mn-1/1406373-11-skyreach
Jumzo,sylvanas,eu,current,Nexus-Point Xenas,NPX,13,13,3,3,0,2026-04-18T21:55:57.000Z,13,387.8,true,1428127,1800999,2026-04-15T17:14:58.000Z,https://raider.io/mythic-plus-runs/season-mn-1/12808162-13-nexuspoint-xenas
Hobbyalkis,twisting-nether,eu,current,Nexus-Point Xenas,NPX,11,11,5,4,1,2026-04-14T17:31:31.000Z,11,345.2,true,1309068,1800999,2026-04-12T20:57:49.000Z,https://raider.io/mythic-plus-runs/season-mn-1/11475309-11-nexuspoint-xenas
Bileplume,twisting-nether,eu,current,Skyreach,SR,11,11,4,4,0,2026-04-18T03:58:23.000Z,11,341.7,true,1381771,1680999,2026-04-14T20:11:52.000Z,https://raider.io/mythic-plus-runs/season-mn-1/12593008-11-skyreach
Zrenak,ravencrest,eu,current,Algeth'ar Academy,AA,7,7,1,1,0,2026-04-03T22:11:41.000Z,7,273.2,true,1166659,1800999,2026-04-03T22:11:41.000Z,https://raider.io/mythic-plus-runs/season-mn-1/6598920-7-algethar-academy
Alexiamae,twisting-nether,eu,current,Skyreach,SR,10,10,1,1,0,2026-04-03T19:20:07.000Z,10,330.9,true,1192393,1680999,2026-04-03T19:20:07.000Z,https://raider.io/mythic-plus-runs/season-mn-1/6443016-10-skyreach
Selthiel,ravencrest,eu,current,Pit of Saron,POS,17,15,3,2,1,2026-04-19T19:38:08.000Z,15,418.3,true,1401230,1800999,2026-04-17T21:49:51.000Z,https://raider.io/mythic-plus-runs/season-mn-1/14105168-15-pit-of-saron
Hobbyalkis,twisting-nether,eu,current,Seat of the Triumvirate,SEAT,7,7,1,1,0,2026-03-31T18:14:40.000Z,7,275.0,true,1177343,2040999,2026-03-31T18:14:40.000Z,https://raider.io/mythic-plus-runs/season-mn-1/4884215-7-seat-of-the-triumvirate
Bileplume,twisting-nether,eu,current,Pit of Saron,POS,12,12,1,1,0,2026-04-13T20:52:16.000Z,12,369.4,true,1590158,1800999,2026-04-13T20:52:16.000Z,https://raider.io/mythic-plus-runs/season-mn-1/11999238-12-pit-of-saron
Everrin,twisting-nether,eu,current,Pit of Saron,POS,12,12,2,1,1,2026-04-12T18:22:07.000Z,12,374.0,true,1371072,1800999,2026-04-11T12:18:19.000Z,https://raider.io/mythic-plus-runs/season-mn-1/10996337-12-pit-of-saron
Estrogel,twisting-nether,eu,current,Windrunner Spire,WS,13,13,2,2,0,2026-04-19T16:41:30.000Z,13,387.2,true,1599823,1980999,2026-04-11T11:50:21.000Z,https://raider.io/mythic-plus-runs/season-mn-1/10599686-13-windrunner-spire
Socialqs,twisting-nether,eu,current,Maisara Caverns,MC,6,6,1,1,0,2026-04-19T12:04:49.000Z,6,242.8,true,1303589,1980999,2026-04-19T12:04:49.000Z,https://raider.io/mythic-plus-runs/season-mn-1/14781000-6-maisara-caverns
Yevie,twisting-nether,eu,current,Seat of the Triumvirate,SEAT,10,10,1,1,0,2026-04-10T22:38:30.000Z,10,335.0,true,1143585,2040999,2026-04-10T22:38:30.000Z,https://raider.io/mythic-plus-runs/season-mn-1/10425824-10-seat-of-the-triumvirate
Smonkste,twisting-nether,eu,current,Seat of the Triumvirate,SEAT,13,13,1,1,0,2026-04-16T21:49:18.000Z,13,383.5,true,1851088,2040999,2026-04-16T21:49:18.000Z,https://raider.io/mythic-plus-runs/season-mn-1/13449714-13-seat-of-the-triumvirate
Disorders,twisting-nether,eu,current,Skyreach,SR,11,11,1,1,0,2026-04-17T11:42:38.000Z,11,347.1,true,1138528,1680999,2026-04-17T11:42:38.000Z,https://raider.io/mythic-plus-runs/season-mn-1/13736629-11-skyreach
Pixls,twisting-nether,eu,current,Maisara Caverns,MC,9,9,1,1,0,2026-04-02T18:12:18.000Z,9,300.0,true,1453645,1980999,2026-04-02T18:12:18.000Z,https://raider.io/mythic-plus-runs/season-mn-1/6166886-9-maisara-caverns
Sprutpesset,twisting-nether,eu,current,Windrunner Spire,WS,15,15,2,2,0,2026-04-13T18:24:13.000Z,15,411.9,true,1882723,1980999,2026-04-13T18:24:13.000Z,https://raider.io/mythic-plus-runs/season-mn-1/11944332-15-windrunner-spire
Jayjar,silvermoon,eu,current,Skyreach,SR,10,10,1,1,0,2026-03-25T21:11:19.000Z,10,320.9,true,1640677,1680999,2026-03-25T21:11:19.000Z,https://raider.io/mythic-plus-runs/season-mn-1/588691-10-skyreach
Megachomber,ravencrest,eu,current,Algeth'ar Academy,AA,14,14,2,2,0,2026-04-15T11:43:54.000Z,14,400.9,true,1517611,1800999,2026-04-14T21:55:32.000Z,https://raider.io/mythic-plus-runs/season-mn-1/12476384-14-algethar-academy
Rivey,defias-brotherhood,eu,current,Magisters' Terrace,MT,12,12,2,1,1,2026-04-11T19:55:55.000Z,12,372.2,true,1648666,2040999,2026-04-11T19:55:55.000Z,https://raider.io/mythic-plus-runs/season-mn-1/10883506-12-magisters-terrace
Rivey,defias-brotherhood,eu,current,Maisara Caverns,MC,10,10,1,1,0,2026-03-31T19:49:30.000Z,10,333.0,true,1293325,1980999,2026-03-31T19:49:30.000Z,https://raider.io/mythic-plus-runs/season-mn-1/5167836-10-maisara-caverns
Jumzo,sylvanas,eu,current,Pit of Saron,POS,13,13,3,3,0,2026-04-16T20:10:04.000Z,13,388.2,true,1409098,1800999,2026-04-15T16:44:15.000Z,https://raider.io/mythic-plus-runs/season-mn-1/12849272-13-pit-of-saron
Sköddsköddna,twisting-nether,eu,current,Maisara Caverns,MC,11,11,2,1,1,2026-04-19T20:47:24.000Z,11,344.7,true,1467746,1980999,2026-04-18T10:52:51.000Z,https://raider.io/mythic-plus-runs/season-mn-1/14153554-11-maisara-caverns
Yearningdh,twisting-nether,eu,current,Pit of Saron,POS,10,10,1,1,0,2026-03-31T19:22:15.000Z,10,333.2,true,1168045,1800999,2026-03-31T19:22:15.000Z,https://raider.io/mythic-plus-runs/season-mn-1/5167851-10-pit-of-saron
Typ,ravencrest,eu,current,Windrunner Spire,WS,16,16,2,2,0,2026-04-19T11:58:09.000Z,16,425.8,true,1940183,1980999,2026-04-19T11:58:09.000Z,https://raider.io/mythic-plus-runs/season-mn-1/14944353-16-windrunner-spire
Skyhanter,twisting-nether,eu,current,Pit of Saron,POS,14,14,2,2,0,2026-04-17T16:08:50.000Z,14,399.8,true,1570563,1800999,2026-04-04T20:35:38.000Z,https://raider.io/mythic-plus-runs/season-mn-1/7233670-14-pit-of-saron
Jointsuckerr,twisting-nether,eu,current,Maisara Caverns,MC,16,16,2,2,0,2026-04-19T21:20:25.000Z,16,426.4,true,1907663,1980999,2026-04-19T21:20:25.000Z,https://raider.io/mythic-plus-runs/season-mn-1/15050060-16-maisara-caverns
Mægisk,twisting-nether,eu,current,Maisara Caverns,MC,10,10,2,2,0,2026-04-18T00:28:58.000Z,10,325.1,true,1710501,1980999,2026-04-14T19:31:31.000Z,https://raider.io/mythic-plus-runs/season-mn-1/12562105-10-maisara-caverns
Yearning,twisting-nether,eu,current,Pit of Saron,POS,10,10,1,1,0,2026-03-25T13:20:16.000Z,10,323.0,true,1657467,1800999,2026-03-25T13:20:16.000Z,https://raider.io/mythic-plus-runs/season-mn-1/781438-10-pit-of-saron
Yearning,twisting-nether,eu,current,Magisters' Terrace,MT,13,13,7,7,0,2026-04-11T12:16:04.000Z,13,382.7,true,1891454,2040999,2026-04-08T11:57:29.000Z,https://raider.io/mythic-plus-runs/season-mn-1/8956269-13-magisters-terrace
Sprutpesset,twisting-nether,eu,current,Algeth'ar Academy,AA,15,15,1,1,0,2026-04-12T18:34:38.000Z,15,411.6,true,1724054,1800999,2026-04-12T18:34:38.000Z,https://raider.io/mythic-plus-runs/season-mn-1/11434356-15-algethar-academy
Sköddsköddna,twisting-nether,eu,current,Magisters' Terrace,MT,10,10,1,1,0,2026-04-12T16:48:37.000Z,10,324.9,true,1774197,2040999,2026-04-12T16:48:37.000Z,https://raider.io/mythic-plus-runs/season-mn-1/11255503-10-magisters-terrace
Pearldrake,tarren-mill,eu,current,Nexus-Point Xenas,NPX,10,10,2,2,0,2026-04-13T11:22:20.000Z,10,327.6,true,1437367,1800999,2026-04-13T11:22:20.000Z,https://raider.io/mythic-plus-runs/season-mn-1/11743964-10-nexuspoint-xenas
Karllia,argent-dawn,eu,current,Nexus-Point Xenas,NPX,13,13,2,2,0,2026-04-18T15:20:49.000Z,13,387.8,true,1428127,1800999,2026-04-15T17:14:58.000Z,https://raider.io/mythic-plus-runs/season-mn-1/12808162-13-nexuspoint-xenas
Mleko,twisting-nether,eu,current,Windrunner Spire,WS,11,11,2,2,0,2026-04-11T20:32:59.000Z,11,335.4,true,1960368,1980999,2026-04-10T20:06:05.000Z,https://raider.io/mythic-plus-runs/season-mn-1/10220163-11-windrunner-spire
Yevie,twisting-nether,eu,current,Nexus-Point Xenas,NPX,11,11,1,1,0,2026-04-07T18:31:39.000Z,11,342.3,true,1448804,1800999,2026-04-07T18:31:39.000Z,https://raider.io/mythic-plus-runs/season-mn-1/8674169-11-nexuspoint-xenas
Mechka,twisting-nether,eu,current,Skyreach,SR,10,10,3,3,0,2026-04-19T00:00:43.000Z,10,332.3,true,1131002,1680999,2026-04-04T21:36:32.000Z,https://raider.io/mythic-plus-runs/season-mn-1/7147788-10-skyreach
Megachomber,ravencrest,eu,current,Seat of the Triumvirate,SEAT,16,16,2,2,0,2026-04-18T21:36:39.000Z,16,428.8,true,1832922,2040999,2026-04-18T21:36:39.000Z,https://raider.io/mythic-plus-runs/season-mn-1/14479250-16-seat-of-the-triumvirate
Mægisk,twisting-nether,eu,current,Pit of Saron,POS,10,10,1,1,0,2026-04-18T23:26:25.000Z,10,332.6,true,1193497,1800999,2026-04-18T23:26:25.000Z,https://raider.io/mythic-plus-runs/season-mn-1/14526235-10-pit-of-saron
Gigasaga,twisting-nether,eu,current,Windrunner Spire,WS,11,11,1,1,0,2026-04-05T22:06:11.000Z,11,346.9,true,1352271,1980999,2026-04-05T22:06:11.000Z,https://raider.io/mythic-plus-runs/season-mn-1/7869356-11-windrunner-spire
Skyhanter,twisting-nether,eu,current,Seat of the Triumvirate,SEAT,14,14,2,2,0,2026-04-13T21:06:12.000Z,14,403.0,true,1603067,2040999,2026-04-05T09:57:09.000Z,https://raider.io/mythic-plus-runs/season-mn-1/7451176-14-seat-of-the-triumvirate
Estrogel,twisting-nether,eu,current,Algeth'ar Academy,AA,12,12,1,1,0,2026-04-14T17:50:44.000Z,12,373.3,true,1404321,1800999,2026-04-14T17:50:44.000Z,https://raider.io/mythic-plus-runs/season-mn-1/12427956-12-algethar-academy
Nylo,twisting-nether,eu,current,Nexus-Point Xenas,NPX,15,15,4,4,0,2026-04-19T09:23:29.000Z,15,415.0,true,1562920,1800999,2026-04-09T20:29:52.000Z,https://raider.io/mythic-plus-runs/season-mn-1/9744651-15-nexuspoint-xenas
Bigboiples,twisting-nether,eu,current,Windrunner Spire,WS,12,12,1,1,0,2026-04-08T17:50:12.000Z,12,376.9,true,1352599,1980999,2026-04-08T17:50:12.000Z,https://raider.io/mythic-plus-runs/season-mn-1/9120689-12-windrunner-spire
Mleko,twisting-nether,eu,current,Pit of Saron,POS,10,10,1,1,0,2026-04-02T20:17:54.000Z,10,331.4,true,1252851,1800999,2026-04-02T20:17:54.000Z,https://raider.io/mythic-plus-runs/season-mn-1/6167947-10-pit-of-saron
Socialqs,twisting-nether,eu,current,Skyreach,SR,6,6,2,2,0,2026-04-19T12:29:33.000Z,6,245.0,true,928268,1680999,2026-04-19T12:29:33.000Z,https://raider.io/mythic-plus-runs/season-mn-1/14762577-6-skyreach
Yeroshj,twisting-nether,eu,current,Seat of the Triumvirate,SEAT,15,15,2,2,0,2026-04-08T11:40:31.000Z,15,412.9,true,1884474,2040999,2026-04-08T11:40:31.000Z,https://raider.io/mythic-plus-runs/season-mn-1/8952720-15-seat-of-the-triumvirate
Sebaheoung,twisting-nether,eu,current,Pit of Saron,POS,12,12,2,2,0,2026-04-17T16:17:10.000Z,12,380.0,true,957297,1800999,2026-04-17T16:17:10.000Z,https://raider.io/mythic-plus-runs/season-mn-1/13747399-12-pit-of-saron
Badraider,twisting-nether,eu,current,Nexus-Point Xenas,NPX,10,10,1,1,0,2026-04-16T18:39:10.000Z,10,330.4,true,1302196,1800999,2026-04-16T18:39:10.000Z,https://raider.io/mythic-plus-runs/season-mn-1/13389955-10-nexuspoint-xenas
Nylo,twisting-nether,eu,current,Magisters' Terrace,MT,16,15,2,1,1,2026-04-09T18:56:07.000Z,15,415.0,true,1766871,2040999,2026-04-08T16:36:00.000Z,https://raider.io/mythic-plus-runs/season-mn-1/9074236-15-magisters-terrace
Pixls,twisting-nether,eu,current,Seat of the Triumvirate,SEAT,10,10,1,1,0,2026-04-05T19:33:46.000Z,10,328.7,true,1569615,2040999,2026-04-05T19:33:46.000Z,https://raider.io/mythic-plus-runs/season-mn-1/7776074-10-seat-of-the-triumvirate
Mechka,twisting-nether,eu,current,Pit of Saron,POS,12,12,2,2,0,2026-04-18T23:26:25.000Z,12,374.9,true,1327224,1800999,2026-04-16T21:09:33.000Z,https://raider.io/mythic-plus-runs/season-mn-1/13382360-12-pit-of-saron
Megachomber,ravencrest,eu,current,Magisters' Terrace,MT,15,15,2,1,1,2026-04-16T21:41:07.000Z,15,416.9,true,1665503,2040999,2026-04-16T21:41:07.000Z,https://raider.io/mythic-plus-runs/season-mn-1/13412047-15-magisters-terrace
Skyhanter,twisting-nether,eu,current,Windrunner Spire,WS,14,14,2,2,0,2026-04-15T21:16:37.000Z,14,400.5,true,1690083,1980999,2026-04-04T21:14:57.000Z,https://raider.io/mythic-plus-runs/season-mn-1/7129984-14-windrunner-spire
Zrenak,ravencrest,eu,current,Seat of the Triumvirate,SEAT,2,2,1,1,0,2026-04-03T20:05:28.000Z,2,170.0,true,966835,2040999,2026-04-03T20:05:28.000Z,https://raider.io/mythic-plus-runs/season-mn-1/6577968-2-seat-of-the-triumvirate
Yeroshj,twisting-nether,eu,current,Pit of Saron,POS,15,15,2,2,0,2026-04-16T09:28:48.000Z,15,415.5,true,1538119,1800999,2026-04-06T11:40:32.000Z,https://raider.io/mythic-plus-runs/season-mn-1/8053960-15-pit-of-saron
Bigboiples,twisting-nether,eu,current,Magisters' Terrace,MT,12,12,1,1,0,2026-04-05T20:33:24.000Z,12,367.6,true,1897516,2040999,2026-04-05T20:33:24.000Z,https://raider.io/mythic-plus-runs/season-mn-1/7703033-12-magisters-terrace
Turbohot,twisting-nether,eu,current,Maisara Caverns,MC,10,10,2,2,0,2026-04-14T19:31:31.000Z,10,326.4,true,1641617,1980999,2026-03-25T13:03:31.000Z,https://raider.io/mythic-plus-runs/season-mn-1/363480-10-maisara-caverns
Jadsbrew,twisting-nether,eu,current,Algeth'ar Academy,AA,10,10,1,1,0,2026-03-31T22:38:46.000Z,10,322.2,true,1697430,1800999,2026-03-31T22:38:46.000Z,https://raider.io/mythic-plus-runs/season-mn-1/6168023-10-algethar-academy
Pearldrake,tarren-mill,eu,current,Pit of Saron,POS,6,6,1,1,0,2026-04-05T22:49:58.000Z,6,238.1,true,1412975,1800999,2026-04-05T22:49:58.000Z,https://raider.io/mythic-plus-runs/season-mn-1/7787268-6-pit-of-saron
Nylo,twisting-nether,eu,current,Windrunner Spire,WS,16,16,3,3,0,2026-04-19T09:49:36.000Z,16,429.9,true,1721390,1980999,2026-04-09T16:08:57.000Z,https://raider.io/mythic-plus-runs/season-mn-1/9594160-16-windrunner-spire
Pearldrake,tarren-mill,eu,current,Seat of the Triumvirate,SEAT,5,5,1,1,0,2026-04-06T11:54:28.000Z,5,230.0,true,1102236,2040999,2026-04-06T11:54:28.000Z,https://raider.io/mythic-plus-runs/season-mn-1/8064258-5-seat-of-the-triumvirate
Megachomber,ravencrest,eu,current,Maisara Caverns,MC,16,16,1,1,0,2026-04-18T17:19:16.000Z,16,428.8,true,1779471,1980999,2026-04-18T17:19:16.000Z,https://raider.io/mythic-plus-runs/season-mn-1/14479227-16-maisara-caverns
Graviity,twisting-nether,eu,current,Skyreach,SR,12,12,2,2,0,2026-04-18T15:28:24.000Z,12,369.3,true,1488242,1680999,2026-04-18T15:28:24.000Z,https://raider.io/mythic-plus-runs/season-mn-1/14351792-12-skyreach
Midnight,silvermoon,eu,current,Magisters' Terrace,MT,12,12,1,1,0,2026-04-14T21:19:28.000Z,12,375.1,true,1491541,2040999,2026-04-14T21:19:28.000Z,https://raider.io/mythic-plus-runs/season-mn-1/12592382-12-magisters-terrace
Jointsuckerr,twisting-nether,eu,current,Nexus-Point Xenas,NPX,16,16,2,2,0,2026-04-19T02:34:09.000Z,16,428.7,true,1623971,1800999,2026-04-19T02:34:09.000Z,https://raider.io/mythic-plus-runs/season-mn-1/14577411-16-nexuspoint-xenas
Jayjar,silvermoon,eu,current,Windrunner Spire,WS,8,8,1,1,0,2026-03-25T23:01:28.000Z,8,287.4,true,1325847,1980999,2026-03-25T23:01:28.000Z,https://raider.io/mythic-plus-runs/season-mn-1/748509-8-windrunner-spire
Mechka,twisting-nether,eu,current,Magisters' Terrace,MT,10,10,2,2,0,2026-04-19T00:31:52.000Z,10,335.0,true,1218495,2040999,2026-04-19T00:31:52.000Z,https://raider.io/mythic-plus-runs/season-mn-1/14544056-10-magisters-terrace
Selthiel,ravencrest,eu,current,Windrunner Spire,WS,16,16,2,2,0,2026-04-19T11:58:09.000Z,16,425.8,true,1940183,1980999,2026-04-19T11:58:09.000Z,https://raider.io/mythic-plus-runs/season-mn-1/14944353-16-windrunner-spire
Lasermemes,twisting-nether,eu,current,Pit of Saron,POS,10,10,2,2,0,2026-04-09T19:13:56.000Z,10,333.3,true,1162104,1800999,2026-04-01T21:05:52.000Z,https://raider.io/mythic-plus-runs/season-mn-1/5573585-10-pit-of-saron
Jumzo,sylvanas,eu,current,Maisara Caverns,MC,13,13,1,1,0,2026-04-14T21:54:03.000Z,13,385.5,true,1688667,1980999,2026-04-14T21:54:03.000Z,https://raider.io/mythic-plus-runs/season-mn-1/12592369-13-maisara-caverns
Mleko,twisting-nether,eu,current,Magisters' Terrace,MT,10,10,1,1,0,2026-04-10T09:40:50.000Z,10,329.2,true,1539429,2040999,2026-04-10T09:40:50.000Z,https://raider.io/mythic-plus-runs/season-mn-1/10006785-10-magisters-terrace
Yevie,twisting-nether,eu,current,Skyreach,SR,11,11,3,3,0,2026-04-11T16:57:33.000Z,11,345.4,true,1215384,1680999,2026-04-11T16:57:33.000Z,https://raider.io/mythic-plus-runs/season-mn-1/10702752-11-skyreach
Jumzo,sylvanas,eu,current,Windrunner Spire,WS,13,13,3,3,0,2026-04-19T16:41:30.000Z,13,387.2,true,1599823,1980999,2026-04-11T11:50:21.000Z,https://raider.io/mythic-plus-runs/season-mn-1/10599686-13-windrunner-spire
Gigasaga,twisting-nether,eu,current,Pit of Saron,POS,12,10,3,1,2,2026-04-07T20:10:06.000Z,10,328.2,true,1407982,1800999,2026-04-07T20:10:06.000Z,https://raider.io/mythic-plus-runs/season-mn-1/8674652-10-pit-of-saron
Everrin,twisting-nether,eu,current,Algeth'ar Academy,AA,12,12,1,1,0,2026-04-11T12:50:35.000Z,12,371.0,true,1511069,1800999,2026-04-11T12:50:35.000Z,https://raider.io/mythic-plus-runs/season-mn-1/10996351-12-algethar-academy
Yeroshj,twisting-nether,eu,current,Windrunner Spire,WS,15,15,1,1,0,2026-04-08T22:44:35.000Z,15,410.9,true,1934897,1980999,2026-04-08T22:44:35.000Z,https://raider.io/mythic-plus-runs/season-mn-1/9318156-15-windrunner-spire
Hawktwarr,twisting-nether,eu,current,Windrunner Spire,WS,5,5,1,1,0,2026-03-25T18:50:39.000Z,5,230.0,true,1065532,1980999,2026-03-25T18:50:39.000Z,https://raider.io/mythic-plus-runs/season-mn-1/599894-5-windrunner-spire
Bpd,twisting-nether,eu,current,Magisters' Terrace,MT,10,10,1,1,0,2026-03-25T23:17:23.000Z,10,321.2,true,1975562,2040999,2026-03-25T23:17:23.000Z,https://raider.io/mythic-plus-runs/season-mn-1/781456-10-magisters-terrace
Lunasnow,twisting-nether,eu,current,Windrunner Spire,WS,11,11,1,1,0,2026-04-07T19:42:54.000Z,11,348.5,true,1270278,1980999,2026-04-07T19:42:54.000Z,https://raider.io/mythic-plus-runs/season-mn-1/8702228-11-windrunner-spire
Dorathy,twisting-nether,eu,current,Nexus-Point Xenas,NPX,16,16,2,2,0,2026-04-17T17:04:10.000Z,16,427.8,true,1668733,1800999,2026-04-17T17:04:10.000Z,https://raider.io/mythic-plus-runs/season-mn-1/13754122-16-nexuspoint-xenas
Graviity,twisting-nether,eu,current,Pit of Saron,POS,10,10,2,2,0,2026-04-14T17:59:18.000Z,10,331.3,true,1256040,1800999,2026-04-13T19:38:15.000Z,https://raider.io/mythic-plus-runs/season-mn-1/12069218-10-pit-of-saron
Smonkste,twisting-nether,eu,current,Magisters' Terrace,MT,13,13,2,2,0,2026-04-18T15:15:13.000Z,13,385.1,true,1762484,2040999,2026-04-18T15:15:13.000Z,https://raider.io/mythic-plus-runs/season-mn-1/14251932-13-magisters-terrace
Pixls,twisting-nether,eu,current,Skyreach,SR,10,10,1,1,0,2026-04-04T21:36:32.000Z,10,332.3,true,1131002,1680999,2026-04-04T21:36:32.000Z,https://raider.io/mythic-plus-runs/season-mn-1/7147788-10-skyreach
Sebaheoung,twisting-nether,eu,current,Skyreach,SR,12,12,1,1,0,2026-04-17T15:52:47.000Z,12,380.0,true,925649,1680999,2026-04-17T15:52:47.000Z,https://raider.io/mythic-plus-runs/season-mn-1/13747416-12-skyreach
Sprutpesset,twisting-nether,eu,current,Seat of the Triumvirate,SEAT,14,14,3,3,0,2026-04-11T18:51:36.000Z,14,403.5,true,1576825,2040999,2026-04-11T18:51:36.000Z,https://raider.io/mythic-plus-runs/season-mn-1/11074178-14-seat-of-the-triumvirate
Budgetgoku,twisting-nether,eu,current,Seat of the Triumvirate,SEAT,11,11,1,1,0,2026-04-13T08:44:53.000Z,11,344.2,true,1540202,2040999,2026-04-13T08:44:53.000Z,https://raider.io/mythic-plus-runs/season-mn-1/11732293-11-seat-of-the-triumvirate
Selthiel,ravencrest,eu,current,Magisters' Terrace,MT,15,15,2,1,1,2026-04-16T21:41:07.000Z,15,416.9,true,1665503,2040999,2026-04-16T21:41:07.000Z,https://raider.io/mythic-plus-runs/season-mn-1/13412047-15-magisters-terrace
Selthiel,ravencrest,eu,current,Maisara Caverns,MC,16,16,2,2,0,2026-04-18T17:19:16.000Z,16,428.8,true,1779471,1980999,2026-04-18T17:19:16.000Z,https://raider.io/mythic-plus-runs/season-mn-1/14479227-16-maisara-caverns
Hawktwarr,twisting-nether,eu,current,Magisters' Terrace,MT,4,4,1,1,0,2026-03-26T00:05:15.000Z,4,194.7,true,1512287,2040999,2026-03-26T00:05:15.000Z,https://raider.io/mythic-plus-runs/season-mn-1/848775-4-magisters-terrace
Lunasnow,twisting-nether,eu,current,Maisara Caverns,MC,10,10,1,1,0,2026-03-31T19:49:30.000Z,10,333.0,true,1293325,1980999,2026-03-31T19:49:30.000Z,https://raider.io/mythic-plus-runs/season-mn-1/5167836-10-maisara-caverns
Jadsbrew,twisting-nether,eu,current,Skyreach,SR,5,5,1,1,0,2026-03-29T16:09:43.000Z,5,230.0,true,818031,1680999,2026-03-29T16:09:43.000Z,https://raider.io/mythic-plus-runs/season-mn-1/3813092-5-skyreach
Jointsuckerr,twisting-nether,eu,current,Windrunner Spire,WS,15,15,3,3,0,2026-04-15T13:54:05.000Z,15,412.9,true,1830083,1980999,2026-04-15T13:54:05.000Z,https://raider.io/mythic-plus-runs/season-mn-1/12705115-15-windrunner-spire
Zalris,ravencrest,eu,current,Magisters' Terrace,MT,9,9,1,1,0,2026-04-04T21:59:56.000Z,9,298.8,true,1562958,2040999,2026-04-04T21:59:56.000Z,https://raider.io/mythic-plus-runs/season-mn-1/7199132-9-magisters-terrace
Bileplume,twisting-nether,eu,current,Seat of the Triumvirate,SEAT,12,12,2,2,0,2026-04-16T21:43:36.000Z,12,370.9,true,1718532,2040999,2026-04-07T16:58:44.000Z,https://raider.io/mythic-plus-runs/season-mn-1/8599190-12-seat-of-the-triumvirate
Aypeross,twisting-nether,eu,current,Windrunner Spire,WS,14,14,4,4,0,2026-04-19T17:34:38.000Z,14,396.2,true,1915737,1980999,2026-04-19T17:34:38.000Z,https://raider.io/mythic-plus-runs/season-mn-1/14954334-14-windrunner-spire
Selthiel,ravencrest,eu,current,Algeth'ar Academy,AA,14,14,1,1,0,2026-04-14T21:55:32.000Z,14,400.9,true,1517611,1800999,2026-04-14T21:55:32.000Z,https://raider.io/mythic-plus-runs/season-mn-1/12476384-14-algethar-academy
Bileplume,twisting-nether,eu,current,Algeth'ar Academy,AA,11,11,2,2,0,2026-04-15T00:17:03.000Z,11,342.9,true,1421498,1800999,2026-04-09T13:38:24.000Z,https://raider.io/mythic-plus-runs/season-mn-1/9547191-11-algethar-academy
Yevie,twisting-nether,eu,current,Maisara Caverns,MC,10,10,2,2,0,2026-04-18T15:42:44.000Z,10,331.2,true,1387431,1980999,2026-04-18T15:42:44.000Z,https://raider.io/mythic-plus-runs/season-mn-1/14631876-10-maisara-caverns
Bileplume,twisting-nether,eu,current,Windrunner Spire,WS,10,10,1,1,0,2026-04-16T20:49:50.000Z,10,334.2,true,1228282,1980999,2026-04-16T20:49:50.000Z,https://raider.io/mythic-plus-runs/season-mn-1/13416437-10-windrunner-spire
Karllia,argent-dawn,eu,current,Windrunner Spire,WS,13,13,1,1,0,2026-04-11T11:50:21.000Z,13,387.2,true,1599823,1980999,2026-04-11T11:50:21.000Z,https://raider.io/mythic-plus-runs/season-mn-1/10599686-13-windrunner-spire
Lasermemes,twisting-nether,eu,current,Maisara Caverns,MC,10,10,3,3,0,2026-04-18T00:27:36.000Z,10,333.6,true,1264339,1980999,2026-04-18T00:27:36.000Z,https://raider.io/mythic-plus-runs/season-mn-1/13975999-10-maisara-caverns
Temitiri,twisting-nether,eu,current,Magisters' Terrace,MT,2,2,1,1,0,2026-04-18T16:25:19.000Z,2,160.1,true,1761466,2040999,2026-04-18T16:25:19.000Z,https://raider.io/mythic-plus-runs/season-mn-1/14350364-2-magisters-terrace
Skyhanter,twisting-nether,eu,current,Maisara Caverns,MC,14,14,1,1,0,2026-04-16T18:02:33.000Z,14,398.3,true,1805736,1980999,2026-04-16T18:02:33.000Z,https://raider.io/mythic-plus-runs/season-mn-1/13299931-14-maisara-caverns
Yeroshj,twisting-nether,eu,current,Skyreach,SR,15,15,1,1,0,2026-04-08T10:41:11.000Z,15,414.8,true,1464261,1680999,2026-04-08T10:41:11.000Z,https://raider.io/mythic-plus-runs/season-mn-1/9051035-15-skyreach
Lenus,twisting-nether,eu,current,Nexus-Point Xenas,NPX,11,11,1,1,0,2026-04-07T18:31:39.000Z,11,342.3,true,1448804,1800999,2026-04-07T18:31:39.000Z,https://raider.io/mythic-plus-runs/season-mn-1/8674169-11-nexuspoint-xenas
Axonea,twisting-nether,eu,current,Algeth'ar Academy,AA,10,10,2,2,0,2026-04-06T15:57:25.000Z,10,333.4,true,1158183,1800999,2026-04-06T15:57:25.000Z,https://raider.io/mythic-plus-runs/season-mn-1/8428280-10-algethar-academy
Bigboiples,twisting-nether,eu,current,Nexus-Point Xenas,NPX,13,13,2,2,0,2026-04-13T16:51:03.000Z,13,386.1,true,1508490,1800999,2026-04-08T17:21:43.000Z,https://raider.io/mythic-plus-runs/season-mn-1/9104034-13-nexuspoint-xenas
Karllia,argent-dawn,eu,current,Algeth'ar Academy,AA,13,13,3,3,0,2026-04-12T12:53:00.000Z,13,385.2,true,1549084,1800999,2026-04-06T21:45:01.000Z,https://raider.io/mythic-plus-runs/season-mn-1/8424666-13-algethar-academy
Sprutpesset,twisting-nether,eu,current,Nexus-Point Xenas,NPX,15,15,1,1,0,2026-04-12T19:50:56.000Z,15,412.2,true,1694503,1800999,2026-04-12T19:50:56.000Z,https://raider.io/mythic-plus-runs/season-mn-1/11434361-15-nexuspoint-xenas
Jadsrune,twisting-nether,eu,current,Nexus-Point Xenas,NPX,13,13,1,1,0,2026-04-08T13:59:45.000Z,13,387.6,true,1433742,1800999,2026-04-08T13:59:45.000Z,https://raider.io/mythic-plus-runs/season-mn-1/9007320-13-nexuspoint-xenas
Yevie,twisting-nether,eu,current,Algeth'ar Academy,AA,11,11,1,1,0,2026-03-28T14:46:32.000Z,11,335.0,true,1799850,1800999,2026-03-28T14:46:32.000Z,https://raider.io/mythic-plus-runs/season-mn-1/2825239-11-algethar-academy
Bpd,twisting-nether,eu,current,Windrunner Spire,WS,10,10,1,1,0,2026-03-26T00:00:10.000Z,10,331.0,true,1397436,1980999,2026-03-26T00:00:10.000Z,https://raider.io/mythic-plus-runs/season-mn-1/781447-10-windrunner-spire
Disorders,twisting-nether,eu,current,Windrunner Spire,WS,10,10,1,1,0,2026-04-16T20:43:38.000Z,10,328.7,true,1521011,1980999,2026-04-16T20:43:38.000Z,https://raider.io/mythic-plus-runs/season-mn-1/13439619-10-windrunner-spire
Lenus,twisting-nether,eu,current,Windrunner Spire,WS,10,10,1,1,0,2026-04-07T17:57:55.000Z,10,332.1,true,1342401,1980999,2026-04-07T17:57:55.000Z,https://raider.io/mythic-plus-runs/season-mn-1/8678004-10-windrunner-spire
Zren,ravencrest,eu,current,Magisters' Terrace,MT,13,13,2,2,0,2026-04-16T16:05:35.000Z,13,383.5,true,1849980,2040999,2026-04-11T16:16:23.000Z,https://raider.io/mythic-plus-runs/season-mn-1/10692769-13-magisters-terrace
Dorathy,twisting-nether,eu,current,Windrunner Spire,WS,16,16,2,2,0,2026-04-16T09:29:10.000Z,16,427.1,true,1871663,1980999,2026-04-15T14:07:56.000Z,https://raider.io/mythic-plus-runs/season-mn-1/12708778-16-windrunner-spire
Soupetard,twisting-nether,eu,current,Magisters' Terrace,MT,2,2,1,1,0,2026-04-04T16:58:39.000Z,2,164.7,true,1512219,2040999,2026-04-04T16:58:39.000Z,https://raider.io/mythic-plus-runs/season-mn-1/7113435-2-magisters-terrace
Jointsuckerr,twisting-nether,eu,current,Seat of the Triumvirate,SEAT,16,14,2,1,1,2026-04-19T19:45:28.000Z,14,397.7,true,1895589,2040999,2026-04-05T18:48:46.000Z,https://raider.io/mythic-plus-runs/season-mn-1/7657546-14-seat-of-the-triumvirate
Jadsrune,twisting-nether,eu,current,Magisters' Terrace,MT,13,13,2,2,0,2026-04-08T11:57:29.000Z,13,382.7,true,1891454,2040999,2026-04-08T11:57:29.000Z,https://raider.io/mythic-plus-runs/season-mn-1/8956269-13-magisters-terrace
Estrogel,twisting-nether,eu,current,Pit of Saron,POS,12,12,4,3,1,2026-04-14T22:17:12.000Z,12,374.0,true,1371072,1800999,2026-04-11T12:18:19.000Z,https://raider.io/mythic-plus-runs/season-mn-1/10996337-12-pit-of-saron
Garsias,tarren-mill,eu,current,Windrunner Spire,WS,11,11,5,5,0,2026-04-11T22:55:39.000Z,11,347.9,true,1302162,1980999,2026-04-10T22:47:32.000Z,https://raider.io/mythic-plus-runs/season-mn-1/10335618-11-windrunner-spire
Jadsrune,twisting-nether,eu,current,Skyreach,SR,12,12,1,1,0,2026-04-11T13:20:46.000Z,12,374.5,true,1256563,1680999,2026-04-11T13:20:46.000Z,https://raider.io/mythic-plus-runs/season-mn-1/10988235-12-skyreach
Jointsuckerr,twisting-nether,eu,current,Magisters' Terrace,MT,15,15,2,2,0,2026-04-16T00:21:10.000Z,15,415.1,true,1765007,2040999,2026-04-16T00:21:10.000Z,https://raider.io/mythic-plus-runs/season-mn-1/13013136-15-magisters-terrace
Aypeross,twisting-nether,eu,current,Magisters' Terrace,MT,15,15,3,3,0,2026-04-18T16:10:44.000Z,15,412.3,true,1916785,2040999,2026-04-17T15:15:40.000Z,https://raider.io/mythic-plus-runs/season-mn-1/13692572-15-magisters-terrace
Yearning,twisting-nether,eu,current,Seat of the Triumvirate,SEAT,10,10,1,1,0,2026-03-27T12:33:24.000Z,10,335.0,true,1174364,2040999,2026-03-27T12:33:24.000Z,https://raider.io/mythic-plus-runs/season-mn-1/1708923-10-seat-of-the-triumvirate
Bigboiples,twisting-nether,eu,current,Maisara Caverns,MC,13,13,1,1,0,2026-04-10T14:46:21.000Z,13,385.9,true,1667374,1980999,2026-04-10T14:46:21.000Z,https://raider.io/mythic-plus-runs/season-mn-1/10056624-13-maisara-caverns
Mægisk,twisting-nether,eu,current,Algeth'ar Academy,AA,10,10,1,1,0,2026-04-18T22:28:42.000Z,10,328.9,true,1372651,1800999,2026-04-18T22:28:42.000Z,https://raider.io/mythic-plus-runs/season-mn-1/14501879-10-algethar-academy
Alexiamae,twisting-nether,eu,current,Algeth'ar Academy,AA,10,10,1,1,0,2026-04-03T18:48:58.000Z,10,333.4,true,1159480,1800999,2026-04-03T18:48:58.000Z,https://raider.io/mythic-plus-runs/season-mn-1/7449485-10-algethar-academy
Typ,ravencrest,eu,current,Magisters' Terrace,MT,15,15,2,1,1,2026-04-16T21:41:07.000Z,15,416.9,true,1665503,2040999,2026-04-16T21:41:07.000Z,https://raider.io/mythic-plus-runs/season-mn-1/13412047-15-magisters-terrace
Badraider,twisting-nether,eu,current,Maisara Caverns,MC,10,10,1,1,0,2026-04-11T17:17:14.000Z,10,329.7,true,1470825,1980999,2026-04-11T17:17:14.000Z,https://raider.io/mythic-plus-runs/season-mn-1/10809373-10-maisara-caverns
Mleko,twisting-nether,eu,current,Nexus-Point Xenas,NPX,11,11,8,8,0,2026-04-11T20:58:13.000Z,11,344.7,true,1332774,1800999,2026-04-11T19:20:18.000Z,https://raider.io/mythic-plus-runs/season-mn-1/10806586-11-nexuspoint-xenas
Selthiel,ravencrest,eu,current,Seat of the Triumvirate,SEAT,16,16,3,2,1,2026-04-18T21:36:39.000Z,16,428.8,true,1832922,2040999,2026-04-18T21:36:39.000Z,https://raider.io/mythic-plus-runs/season-mn-1/14479250-16-seat-of-the-triumvirate
Budgetgoku,twisting-nether,eu,current,Nexus-Point Xenas,NPX,13,13,4,4,0,2026-04-19T15:43:15.000Z,13,386.9,true,1468338,1800999,2026-04-01T22:33:41.000Z,https://raider.io/mythic-plus-runs/season-mn-1/5528319-13-nexuspoint-xenas
Budgetgoku,twisting-nether,eu,current,Windrunner Spire,WS,12,12,1,1,0,2026-04-01T22:01:34.000Z,12,375.0,true,1451559,1980999,2026-04-01T22:01:34.000Z,https://raider.io/mythic-plus-runs/season-mn-1/5518485-12-windrunner-spire
Rivey,defias-brotherhood,eu,current,Nexus-Point Xenas,NPX,13,13,3,3,0,2026-04-15T17:14:58.000Z,13,387.8,true,1428127,1800999,2026-04-15T17:14:58.000Z,https://raider.io/mythic-plus-runs/season-mn-1/12808162-13-nexuspoint-xenas
Estrogel,twisting-nether,eu,current,Skyreach,SR,14,14,3,3,0,2026-04-19T21:59:55.000Z,14,403.5,true,1301848,1680999,2026-04-19T21:59:55.000Z,https://raider.io/mythic-plus-runs/season-mn-1/15069083-14-skyreach
Sprutpesset,twisting-nether,eu,current,Maisara Caverns,MC,14,14,1,1,0,2026-04-09T18:21:53.000Z,14,401.1,true,1658617,1980999,2026-04-09T18:21:53.000Z,https://raider.io/mythic-plus-runs/season-mn-1/9674938-14-maisara-caverns
Yearning,twisting-nether,eu,current,Maisara Caverns,MC,10,10,1,1,0,2026-03-31T19:49:30.000Z,10,333.0,true,1293325,1980999,2026-03-31T19:49:30.000Z,https://raider.io/mythic-plus-runs/season-mn-1/5167836-10-maisara-caverns
Aypeross,twisting-nether,eu,current,Pit of Saron,POS,14,14,3,3,0,2026-04-18T15:01:50.000Z,14,395.0,true,1799537,1800999,2026-04-17T01:34:33.000Z,https://raider.io/mythic-plus-runs/season-mn-1/13464591-14-pit-of-saron
Zalris,ravencrest,eu,current,Algeth'ar Academy,AA,2,2,1,1,0,2026-03-31T15:04:48.000Z,2,170.0,true,1053399,1800999,2026-03-31T15:04:48.000Z,https://raider.io/mythic-plus-runs/season-mn-1/4806537-2-algethar-academy
Karllia,argent-dawn,eu,current,Maisara Caverns,MC,12,12,1,1,0,2026-04-04T22:55:12.000Z,12,372.5,true,1587047,1980999,2026-04-04T22:55:12.000Z,https://raider.io/mythic-plus-runs/season-mn-1/7587345-12-maisara-caverns
Pompqmoi,twisting-nether,eu,current,Pit of Saron,POS,14,14,5,5,0,2026-04-14T20:42:02.000Z,14,395.2,true,1793459,1800999,2026-04-06T23:15:47.000Z,https://raider.io/mythic-plus-runs/season-mn-1/8291554-14-pit-of-saron
Jumzo,sylvanas,eu,current,Algeth'ar Academy,AA,13,13,2,2,0,2026-04-15T15:34:30.000Z,13,385.2,true,1549084,1800999,2026-04-06T21:45:01.000Z,https://raider.io/mythic-plus-runs/season-mn-1/8424666-13-algethar-academy
Mechka,twisting-nether,eu,current,Windrunner Spire,WS,12,12,3,3,0,2026-04-18T21:57:37.000Z,12,368.9,true,1772527,1980999,2026-04-16T21:43:44.000Z,https://raider.io/mythic-plus-runs/season-mn-1/13421591-12-windrunner-spire
Zrenak,ravencrest,eu,current,Pit of Saron,POS,5,5,1,1,0,2026-04-03T21:16:46.000Z,5,228.5,true,1151081,1800999,2026-04-03T21:16:46.000Z,https://raider.io/mythic-plus-runs/season-mn-1/6598907-5-pit-of-saron
Lunasnow,twisting-nether,eu,current,Seat of the Triumvirate,SEAT,9,9,1,1,0,2026-03-25T14:26:44.000Z,9,301.0,true,1440551,2040999,2026-03-25T14:26:44.000Z,https://raider.io/mythic-plus-runs/season-mn-1/483956-9-seat-of-the-triumvirate
Socialqs,twisting-nether,eu,current,Pit of Saron,POS,8,8,1,1,0,2026-04-19T13:37:05.000Z,8,284.4,true,1350850,1800999,2026-04-19T13:37:05.000Z,https://raider.io/mythic-plus-runs/season-mn-1/14839922-8-pit-of-saron
Yeroshj,twisting-nether,eu,current,Maisara Caverns,MC,15,15,2,2,0,2026-04-07T14:06:05.000Z,15,410.3,true,1965654,1980999,2026-04-07T14:06:05.000Z,https://raider.io/mythic-plus-runs/season-mn-1/8548669-15-maisara-caverns
Hobbyalkis,twisting-nether,eu,current,Maisara Caverns,MC,12,12,1,1,0,2026-04-04T22:55:12.000Z,12,372.5,true,1587047,1980999,2026-04-04T22:55:12.000Z,https://raider.io/mythic-plus-runs/season-mn-1/7587345-12-maisara-caverns
Badraider,twisting-nether,eu,current,Windrunner Spire,WS,11,11,2,2,0,2026-04-14T19:26:48.000Z,11,346.9,true,1353690,1980999,2026-04-14T19:26:48.000Z,https://raider.io/mythic-plus-runs/season-mn-1/12442350-11-windrunner-spire
Bileplume,twisting-nether,eu,current,Maisara Caverns,MC,10,10,1,1,0,2026-04-09T14:51:43.000Z,10,328.3,true,1541772,1980999,2026-04-09T14:51:43.000Z,https://raider.io/mythic-plus-runs/season-mn-1/9546733-10-maisara-caverns
Dorathy,twisting-nether,eu,current,Seat of the Triumvirate,SEAT,16,16,1,1,0,2026-04-17T20:58:01.000Z,16,426.2,true,1978022,2040999,2026-04-17T20:58:01.000Z,https://raider.io/mythic-plus-runs/season-mn-1/13886970-16-seat-of-the-triumvirate
Budgetgoku,twisting-nether,eu,current,Maisara Caverns,MC,13,13,2,2,0,2026-04-14T21:54:03.000Z,13,385.5,true,1688667,1980999,2026-04-14T21:54:03.000Z,https://raider.io/mythic-plus-runs/season-mn-1/12592369-13-maisara-caverns
Yeroshj,twisting-nether,eu,current,Nexus-Point Xenas,NPX,15,15,1,1,0,2026-04-09T19:20:37.000Z,15,414.8,true,1569989,1800999,2026-04-09T19:20:37.000Z,https://raider.io/mythic-plus-runs/season-mn-1/9752147-15-nexuspoint-xenas
Jadsrune,twisting-nether,eu,current,Seat of the Triumvirate,SEAT,13,13,1,1,0,2026-04-08T13:14:49.000Z,13,386.7,true,1674281,2040999,2026-04-08T13:14:49.000Z,https://raider.io/mythic-plus-runs/season-mn-1/9000188-13-seat-of-the-triumvirate
Wiskers,twisting-nether,eu,current,Magisters' Terrace,MT,4,4,1,1,0,2026-04-12T13:50:28.000Z,4,198.8,true,1291485,2040999,2026-04-12T13:50:28.000Z,https://raider.io/mythic-plus-runs/season-mn-1/11189737-4-magisters-terrace
Mleko,twisting-nether,eu,current,Skyreach,SR,10,10,1,1,0,2026-04-11T20:07:24.000Z,10,334.9,true,1015041,1680999,2026-04-11T20:07:24.000Z,https://raider.io/mythic-plus-runs/season-mn-1/10899685-10-skyreach
Mleko,twisting-nether,eu,current,Maisara Caverns,MC,9,9,1,1,0,2026-04-02T18:12:18.000Z,9,300.0,true,1453645,1980999,2026-04-02T18:12:18.000Z,https://raider.io/mythic-plus-runs/season-mn-1/6166886-9-maisara-caverns
Zrenak,ravencrest,eu,current,Nexus-Point Xenas,NPX,2,2,1,1,0,2026-04-03T19:44:54.000Z,2,170.0,true,1050042,1800999,2026-04-03T19:44:54.000Z,https://raider.io/mythic-plus-runs/season-mn-1/6598924-2-nexuspoint-xenas
Wiskers,twisting-nether,eu,current,Nexus-Point Xenas,NPX,5,5,1,1,0,2026-04-12T15:50:56.000Z,5,229.7,true,1095733,1800999,2026-04-12T15:50:56.000Z,https://raider.io/mythic-plus-runs/season-mn-1/11283578-5-nexuspoint-xenas
Mechka,twisting-nether,eu,current,Maisara Caverns,MC,10,10,2,2,0,2026-04-18T09:52:51.000Z,10,331.8,true,1360031,1980999,2026-04-12T15:18:47.000Z,https://raider.io/mythic-plus-runs/season-mn-1/11222107-10-maisara-caverns
Yevie,twisting-nether,eu,current,Windrunner Spire,WS,10,10,2,2,0,2026-04-14T20:09:19.000Z,10,333.1,true,1290632,1980999,2026-03-31T21:13:57.000Z,https://raider.io/mythic-plus-runs/season-mn-1/5167890-10-windrunner-spire
Alexiamae,twisting-nether,eu,current,Magisters' Terrace,MT,10,10,1,1,0,2026-04-05T13:35:14.000Z,10,335.0,true,1223280,2040999,2026-04-05T13:35:14.000Z,https://raider.io/mythic-plus-runs/season-mn-1/7486060-10-magisters-terrace
Jayjar,silvermoon,eu,current,Nexus-Point Xenas,NPX,10,9,3,2,1,2026-03-26T21:33:09.000Z,9,299.9,true,1325364,1800999,2026-03-25T20:32:11.000Z,https://raider.io/mythic-plus-runs/season-mn-1/748521-9-nexuspoint-xenas
Zren,ravencrest,eu,current,Maisara Caverns,MC,12,12,1,1,0,2026-04-14T20:24:49.000Z,12,367.0,true,1874669,1980999,2026-04-14T20:24:49.000Z,https://raider.io/mythic-plus-runs/season-mn-1/12614516-12-maisara-caverns
Bileplume,twisting-nether,eu,current,Nexus-Point Xenas,NPX,10,10,1,1,0,2026-04-09T12:04:24.000Z,10,330.8,true,1280254,1800999,2026-04-09T12:04:24.000Z,https://raider.io/mythic-plus-runs/season-mn-1/9639820-10-nexuspoint-xenas
Bpd,twisting-nether,eu,current,Nexus-Point Xenas,NPX,10,10,2,2,0,2026-03-27T00:05:51.000Z,10,327.2,true,1456820,1800999,2026-03-27T00:05:51.000Z,https://raider.io/mythic-plus-runs/season-mn-1/1412870-10-nexuspoint-xenas
Typ,ravencrest,eu,current,Seat of the Triumvirate,SEAT,16,16,2,2,0,2026-04-18T21:36:39.000Z,16,428.8,true,1832922,2040999,2026-04-18T21:36:39.000Z,https://raider.io/mythic-plus-runs/season-mn-1/14479250-16-seat-of-the-triumvirate
Budgetgoku,twisting-nether,eu,current,Pit of Saron,POS,11,11,2,2,0,2026-04-14T22:17:12.000Z,11,344.5,true,1346468,1800999,2026-04-07T19:40:38.000Z,https://raider.io/mythic-plus-runs/season-mn-1/8664900-11-pit-of-saron
Lunasnow,twisting-nether,eu,current,Algeth'ar Academy,AA,10,10,2,2,0,2026-04-02T22:55:31.000Z,10,333.5,true,1151824,1800999,2026-04-02T22:55:31.000Z,https://raider.io/mythic-plus-runs/season-mn-1/6227180-10-algethar-academy
Icantseehelp,twisting-nether,eu,current,Algeth'ar Academy,AA,5,5,1,1,0,2026-04-11T00:32:53.000Z,5,223.2,true,1405470,1800999,2026-04-11T00:32:53.000Z,https://raider.io/mythic-plus-runs/season-mn-1/10374750-5-algethar-academy
Everrin,twisting-nether,eu,current,Nexus-Point Xenas,NPX,13,13,1,1,0,2026-04-18T15:20:49.000Z,13,386.2,true,1504241,1800999,2026-04-18T15:20:49.000Z,https://raider.io/mythic-plus-runs/season-mn-1/14272576-13-nexuspoint-xenas
Ragret,twisting-nether,eu,current,Algeth'ar Academy,AA,4,4,1,1,0,2026-04-08T10:36:53.000Z,4,195.3,true,1308239,1800999,2026-04-08T10:36:53.000Z,https://raider.io/mythic-plus-runs/season-mn-1/8955997-4-algethar-academy
Alexiamae,twisting-nether,eu,current,Nexus-Point Xenas,NPX,10,10,2,2,0,2026-04-08T20:13:53.000Z,10,335.0,true,1079779,1800999,2026-04-08T20:13:53.000Z,https://raider.io/mythic-plus-runs/season-mn-1/9272869-10-nexuspoint-xenas
Pompqmoi,twisting-nether,eu,current,Algeth'ar Academy,AA,11,11,1,1,0,2026-04-06T16:21:02.000Z,11,340.8,true,1523199,1800999,2026-04-06T16:21:02.000Z,https://raider.io/mythic-plus-runs/season-mn-1/8232802-11-algethar-academy
Alexiamae,twisting-nether,eu,current,Seat of the Triumvirate,SEAT,10,10,2,2,0,2026-04-08T19:45:30.000Z,10,335.0,true,1004502,2040999,2026-04-08T19:45:30.000Z,https://raider.io/mythic-plus-runs/season-mn-1/9249503-10-seat-of-the-triumvirate
Everrin,twisting-nether,eu,current,Windrunner Spire,WS,13,13,3,3,0,2026-04-19T16:41:30.000Z,13,387.2,true,1599823,1980999,2026-04-11T11:50:21.000Z,https://raider.io/mythic-plus-runs/season-mn-1/10599686-13-windrunner-spire
Sebaheoung,twisting-nether,eu,current,Seat of the Triumvirate,SEAT,13,13,1,1,0,2026-04-08T13:14:49.000Z,13,386.7,true,1674281,2040999,2026-04-08T13:14:49.000Z,https://raider.io/mythic-plus-runs/season-mn-1/9000188-13-seat-of-the-triumvirate
Mleko,twisting-nether,eu,current,Algeth'ar Academy,AA,10,10,1,1,0,2026-04-10T14:18:16.000Z,10,334.6,true,1100276,1800999,2026-04-10T14:18:16.000Z,https://raider.io/mythic-plus-runs/season-mn-1/10048213-10-algethar-academy
Sebaheoung,twisting-nether,eu,current,Maisara Caverns,MC,12,12,1,1,0,2026-04-17T15:04:31.000Z,12,377.1,true,1341750,1980999,2026-04-17T15:04:31.000Z,https://raider.io/mythic-plus-runs/season-mn-1/13675810-12-maisara-caverns
Zren,ravencrest,eu,current,Algeth'ar Academy,AA,13,13,2,2,0,2026-04-15T17:00:03.000Z,13,383.6,true,1629928,1800999,2026-04-14T21:46:49.000Z,https://raider.io/mythic-plus-runs/season-mn-1/12472338-13-algethar-academy
Turbohot,twisting-nether,eu,current,Seat of the Triumvirate,SEAT,11,11,1,1,0,2026-04-13T08:44:53.000Z,11,344.2,true,1540202,2040999,2026-04-13T08:44:53.000Z,https://raider.io/mythic-plus-runs/season-mn-1/11732293-11-seat-of-the-triumvirate
Pearldrake,tarren-mill,eu,current,Maisara Caverns,MC,10,10,2,2,0,2026-04-13T10:37:23.000Z,10,328.7,true,1520557,1980999,2026-04-07T20:40:44.000Z,https://raider.io/mythic-plus-runs/season-mn-1/9241478-10-maisara-caverns
Axonea,twisting-nether,eu,current,Skyreach,SR,12,12,1,1,0,2026-04-12T18:52:35.000Z,12,374.7,true,1246189,1680999,2026-04-12T18:52:35.000Z,https://raider.io/mythic-plus-runs/season-mn-1/11750217-12-skyreach
Jadsrune,twisting-nether,eu,current,Windrunner Spire,WS,13,13,1,1,0,2026-04-11T11:50:21.000Z,13,387.2,true,1599823,1980999,2026-04-11T11:50:21.000Z,https://raider.io/mythic-plus-runs/season-mn-1/10599686-13-windrunner-spire
Nylo,twisting-nether,eu,current,Skyreach,SR,17,17,1,1,0,2026-04-09T16:49:57.000Z,17,441.6,true,1611229,1680999,2026-04-09T16:49:57.000Z,https://raider.io/mythic-plus-runs/season-mn-1/9621971-17-skyreach
Budgetgoku,twisting-nether,eu,current,Algeth'ar Academy,AA,11,11,3,3,0,2026-04-14T23:52:10.000Z,11,343.7,true,1382744,1800999,2026-03-28T12:47:51.000Z,https://raider.io/mythic-plus-runs/season-mn-1/2877519-11-algethar-academy
Skyhanter,twisting-nether,eu,current,Skyreach,SR,14,14,3,3,0,2026-04-15T17:11:00.000Z,14,399.8,true,1467915,1680999,2026-04-08T21:28:38.000Z,https://raider.io/mythic-plus-runs/season-mn-1/9229630-14-skyreach
Lenus,twisting-nether,eu,current,Pit of Saron,POS,11,11,2,2,0,2026-04-07T19:40:38.000Z,11,344.5,true,1346468,1800999,2026-04-07T19:40:38.000Z,https://raider.io/mythic-plus-runs/season-mn-1/8664900-11-pit-of-saron
Pearldrake,tarren-mill,eu,current,Algeth'ar Academy,AA,10,10,1,1,0,2026-04-13T12:01:03.000Z,10,324.1,true,1602607,1800999,2026-04-13T12:01:03.000Z,https://raider.io/mythic-plus-runs/season-mn-1/12167825-10-algethar-academy
Pixls,twisting-nether,eu,current,Nexus-Point Xenas,NPX,10,10,2,2,0,2026-04-05T20:03:18.000Z,10,334.4,true,1111595,1800999,2026-04-05T20:03:18.000Z,https://raider.io/mythic-plus-runs/season-mn-1/7775799-10-nexuspoint-xenas
Hobbyalkis,twisting-nether,eu,current,Windrunner Spire,WS,10,10,1,1,0,2026-03-31T21:13:57.000Z,10,333.1,true,1290632,1980999,2026-03-31T21:13:57.000Z,https://raider.io/mythic-plus-runs/season-mn-1/5167890-10-windrunner-spire
Mægisk,twisting-nether,eu,current,Windrunner Spire,WS,10,10,1,1,0,2026-04-18T21:57:37.000Z,10,332.9,true,1297147,1980999,2026-04-18T21:57:37.000Z,https://raider.io/mythic-plus-runs/season-mn-1/14487117-10-windrunner-spire
Mleko,twisting-nether,eu,current,Seat of the Triumvirate,SEAT,10,10,1,1,0,2026-04-10T16:58:32.000Z,10,335.0,true,1209838,2040999,2026-04-10T16:58:32.000Z,https://raider.io/mythic-plus-runs/season-mn-1/10259063-10-seat-of-the-triumvirate
Zrenak,ravencrest,eu,current,Magisters' Terrace,MT,9,9,2,2,0,2026-04-03T23:03:37.000Z,9,297.5,true,1633412,2040999,2026-04-03T23:03:37.000Z,https://raider.io/mythic-plus-runs/season-mn-1/6598916-9-magisters-terrace
Garsias,tarren-mill,eu,current,Seat of the Triumvirate,SEAT,11,11,2,2,0,2026-04-19T07:22:25.000Z,11,348.0,true,1335612,2040999,2026-04-19T07:22:25.000Z,https://raider.io/mythic-plus-runs/season-mn-1/14663887-11-seat-of-the-triumvirate
Hawktwarr,twisting-nether,eu,current,Seat of the Triumvirate,SEAT,9,9,1,1,0,2026-03-25T20:05:41.000Z,9,274.3,true,2081737,2040999,2026-03-25T20:05:41.000Z,https://raider.io/mythic-plus-runs/season-mn-1/599904-9-seat-of-the-triumvirate
Sebaheoung,twisting-nether,eu,current,Magisters' Terrace,MT,13,13,2,2,0,2026-04-17T15:31:48.000Z,13,382.7,true,1891454,2040999,2026-04-08T11:57:29.000Z,https://raider.io/mythic-plus-runs/season-mn-1/8956269-13-magisters-terrace
Jayjar,silvermoon,eu,current,Seat of the Triumvirate,SEAT,7,7,1,1,0,2026-03-26T22:35:30.000Z,7,273.8,true,1289300,2040999,2026-03-26T22:35:30.000Z,https://raider.io/mythic-plus-runs/season-mn-1/1407530-7-seat-of-the-triumvirate
Lasermemes,twisting-nether,eu,current,Nexus-Point Xenas,NPX,10,10,1,1,0,2026-04-16T18:39:10.000Z,10,330.4,true,1302196,1800999,2026-04-16T18:39:10.000Z,https://raider.io/mythic-plus-runs/season-mn-1/13389955-10-nexuspoint-xenas
Lenus,twisting-nether,eu,current,Maisara Caverns,MC,10,10,1,1,0,2026-04-14T19:31:31.000Z,10,325.1,true,1710501,1980999,2026-04-14T19:31:31.000Z,https://raider.io/mythic-plus-runs/season-mn-1/12562105-10-maisara-caverns
Pixls,twisting-nether,eu,current,Windrunner Spire,WS,10,10,1,1,0,2026-04-02T19:45:02.000Z,10,332.2,true,1338667,1980999,2026-04-02T19:45:02.000Z,https://raider.io/mythic-plus-runs/season-mn-1/6104172-10-windrunner-spire
Axonea,twisting-nether,eu,current,Maisara Caverns,MC,10,10,2,2,0,2026-04-06T14:26:38.000Z,10,330.2,true,1443664,1980999,2026-04-06T14:26:38.000Z,https://raider.io/mythic-plus-runs/season-mn-1/8428272-10-maisara-caverns
Smonkste,twisting-nether,eu,current,Pit of Saron,POS,14,14,2,2,0,2026-04-19T18:56:44.000Z,14,400.0,true,1563263,1800999,2026-04-19T18:56:44.000Z,https://raider.io/mythic-plus-runs/season-mn-1/14982880-14-pit-of-saron
Jointsuckerr,twisting-nether,eu,current,Algeth'ar Academy,AA,15,15,2,2,0,2026-04-15T00:14:36.000Z,15,415.3,true,1544435,1800999,2026-04-15T00:14:36.000Z,https://raider.io/mythic-plus-runs/season-mn-1/12510064-15-algethar-academy
Estrogel,twisting-nether,eu,current,Magisters' Terrace,MT,14,14,2,2,0,2026-04-19T20:47:58.000Z,14,403.1,true,1602263,2040999,2026-04-19T20:47:58.000Z,https://raider.io/mythic-plus-runs/season-mn-1/15038697-14-magisters-terrace
Gigacodders,twisting-nether,eu,current,Windrunner Spire,WS,10,10,2,2,0,2026-04-01T15:32:14.000Z,10,328.1,true,1550502,1980999,2026-04-01T15:32:14.000Z,https://raider.io/mythic-plus-runs/season-mn-1/5293962-10-windrunner-spire
Jayjar,silvermoon,eu,current,Algeth'ar Academy,AA,10,10,1,1,0,2026-03-26T23:25:37.000Z,10,331.4,true,1253955,1800999,2026-03-26T23:25:37.000Z,https://raider.io/mythic-plus-runs/season-mn-1/1341082-10-algethar-academy
Pixls,twisting-nether,eu,current,Magisters' Terrace,MT,10,10,3,3,0,2026-04-19T00:31:52.000Z,10,335.0,true,1218495,2040999,2026-04-19T00:31:52.000Z,https://raider.io/mythic-plus-runs/season-mn-1/14544056-10-magisters-terrace
Ragret,twisting-nether,eu,current,Windrunner Spire,WS,10,10,3,3,0,2026-04-15T09:04:55.000Z,10,333.8,true,1253982,1980999,2026-04-15T09:04:55.000Z,https://raider.io/mythic-plus-runs/season-mn-1/12695074-10-windrunner-spire
Everrin,twisting-nether,eu,current,Magisters' Terrace,MT,12,12,1,1,0,2026-04-14T21:19:28.000Z,12,375.1,true,1491541,2040999,2026-04-14T21:19:28.000Z,https://raider.io/mythic-plus-runs/season-mn-1/12592382-12-magisters-terrace
Pixls,twisting-nether,eu,current,Algeth'ar Academy,AA,11,11,2,2,0,2026-04-14T23:52:10.000Z,11,341.2,true,1502958,1800999,2026-04-14T23:52:10.000Z,https://raider.io/mythic-plus-runs/season-mn-1/12592252-11-algethar-academy
Rivey,defias-brotherhood,eu,current,Seat of the Triumvirate,SEAT,12,12,1,1,0,2026-04-08T22:12:35.000Z,12,374.1,true,1546225,2040999,2026-04-08T22:12:35.000Z,https://raider.io/mythic-plus-runs/season-mn-1/9244115-12-seat-of-the-triumvirate
Skyhanter,twisting-nether,eu,current,Magisters' Terrace,MT,14,14,2,2,0,2026-04-17T16:37:48.000Z,14,403.3,true,1589721,2040999,2026-04-15T17:50:27.000Z,https://raider.io/mythic-plus-runs/season-mn-1/12887568-14-magisters-terrace
Alexiamae,twisting-nether,eu,current,Maisara Caverns,MC,10,10,2,2,0,2026-04-11T20:44:39.000Z,10,335.0,true,1180354,1980999,2026-04-11T20:44:39.000Z,https://raider.io/mythic-plus-runs/season-mn-1/10928794-10-maisara-caverns
Pompqmoi,twisting-nether,eu,current,Seat of the Triumvirate,SEAT,10,10,1,1,0,2026-03-31T16:25:12.000Z,10,332.8,true,1346817,2040999,2026-03-31T16:25:12.000Z,https://raider.io/mythic-plus-runs/season-mn-1/4817299-10-seat-of-the-triumvirate
Sebaheoung,twisting-nether,eu,current,Algeth'ar Academy,AA,13,13,2,2,0,2026-04-16T21:32:39.000Z,13,385.2,true,1549084,1800999,2026-04-06T21:45:01.000Z,https://raider.io/mythic-plus-runs/season-mn-1/8424666-13-algethar-academy
Dorathy,twisting-nether,eu,current,Maisara Caverns,MC,16,16,1,1,0,2026-04-16T14:21:06.000Z,16,427.8,true,1832296,1980999,2026-04-16T14:21:06.000Z,https://raider.io/mythic-plus-runs/season-mn-1/13203239-16-maisara-caverns
Smonkste,twisting-nether,eu,current,Algeth'ar Academy,AA,12,12,1,1,0,2026-04-16T21:14:18.000Z,12,368.2,true,1646158,1800999,2026-04-16T21:14:18.000Z,https://raider.io/mythic-plus-runs/season-mn-1/13449660-12-algethar-academy
Gigacodders,twisting-nether,eu,current,Nexus-Point Xenas,NPX,4,4,1,1,0,2026-03-29T11:00:14.000Z,4,198.4,true,1155150,1800999,2026-03-29T11:00:14.000Z,https://raider.io/mythic-plus-runs/season-mn-1/3339482-4-nexuspoint-xenas
Graviity,twisting-nether,eu,current,Windrunner Spire,WS,10,10,2,2,0,2026-04-14T18:26:46.000Z,10,335.0,true,1185152,1980999,2026-04-14T18:26:46.000Z,https://raider.io/mythic-plus-runs/season-mn-1/13000866-10-windrunner-spire
Waka,turalyon,eu,current,Maisara Caverns,MC,7,7,1,1,0,2026-03-26T22:51:22.000Z,7,261.8,true,1887087,1980999,2026-03-26T22:51:22.000Z,https://raider.io/mythic-plus-runs/season-mn-1/1318500-7-maisara-caverns
Disorders,twisting-nether,eu,current,Magisters' Terrace,MT,10,10,1,1,0,2026-04-14T14:40:01.000Z,10,325.1,true,1762933,2040999,2026-04-14T14:40:01.000Z,https://raider.io/mythic-plus-runs/season-mn-1/12300421-10-magisters-terrace
Rivey,defias-brotherhood,eu,current,Pit of Saron,POS,13,13,2,2,0,2026-04-15T16:44:15.000Z,13,388.2,true,1409098,1800999,2026-04-15T16:44:15.000Z,https://raider.io/mythic-plus-runs/season-mn-1/12849272-13-pit-of-saron
Hawktwarr,twisting-nether,eu,current,Pit of Saron,POS,10,10,2,2,0,2026-03-25T21:20:32.000Z,10,332.4,true,1207156,1800999,2026-03-25T21:20:32.000Z,https://raider.io/mythic-plus-runs/season-mn-1/574889-10-pit-of-saron
Badraider,twisting-nether,eu,current,Skyreach,SR,10,10,2,2,0,2026-04-14T17:01:12.000Z,10,333.8,true,1061027,1680999,2026-04-11T17:52:04.000Z,https://raider.io/mythic-plus-runs/season-mn-1/10932338-10-skyreach
Zrenak,ravencrest,eu,current,Skyreach,SR,10,10,3,3,0,2026-04-04T21:01:53.000Z,10,332.5,true,1119491,1680999,2026-04-04T21:01:53.000Z,https://raider.io/mythic-plus-runs/season-mn-1/7199118-10-skyreach
Bigboiples,twisting-nether,eu,current,Pit of Saron,POS,13,13,1,1,0,2026-04-07T21:55:35.000Z,13,384.7,true,1574663,1800999,2026-04-07T21:55:35.000Z,https://raider.io/mythic-plus-runs/season-mn-1/8713756-13-pit-of-saron
Turbohot,twisting-nether,eu,current,Pit of Saron,POS,11,11,1,1,0,2026-04-07T19:40:38.000Z,11,344.5,true,1346468,1800999,2026-04-07T19:40:38.000Z,https://raider.io/mythic-plus-runs/season-mn-1/8664900-11-pit-of-saron
Alexiamae,twisting-nether,eu,current,Pit of Saron,POS,10,10,2,2,0,2026-04-04T08:44:36.000Z,10,335.0,true,1047950,1800999,2026-04-01T19:28:29.000Z,https://raider.io/mythic-plus-runs/season-mn-1/5515024-10-pit-of-saron
Wiskers,twisting-nether,eu,current,Windrunner Spire,WS,4,4,2,2,0,2026-04-11T13:35:45.000Z,4,200.0,true,1174980,1980999,2026-04-11T13:35:45.000Z,https://raider.io/mythic-plus-runs/season-mn-1/10681925-4-windrunner-spire
Lunasnow,twisting-nether,eu,current,Magisters' Terrace,MT,12,12,1,1,0,2026-04-07T20:19:29.000Z,12,373.3,true,1590983,2040999,2026-04-07T20:19:29.000Z,https://raider.io/mythic-plus-runs/season-mn-1/8706299-12-magisters-terrace
Nylo,twisting-nether,eu,current,Pit of Saron,POS,16,16,1,1,0,2026-04-09T17:28:02.000Z,16,427.2,true,1696686,1800999,2026-04-09T17:28:02.000Z,https://raider.io/mythic-plus-runs/season-mn-1/9643505-16-pit-of-saron
Temiti,twisting-nether,eu,current,Algeth'ar Academy,AA,10,10,1,1,0,2026-03-31T22:38:46.000Z,10,322.2,true,1697430,1800999,2026-03-31T22:38:46.000Z,https://raider.io/mythic-plus-runs/season-mn-1/6168023-10-algethar-academy
Mechka,twisting-nether,eu,current,Algeth'ar Academy,AA,10,10,1,1,0,2026-04-18T22:28:42.000Z,10,328.9,true,1372651,1800999,2026-04-18T22:28:42.000Z,https://raider.io/mythic-plus-runs/season-mn-1/14501879-10-algethar-academy
Estrogel,twisting-nether,eu,current,Seat of the Triumvirate,SEAT,14,13,3,2,1,2026-04-19T21:27:38.000Z,13,381.7,true,1948823,2040999,2026-04-12T19:28:02.000Z,https://raider.io/mythic-plus-runs/season-mn-1/11750203-13-seat-of-the-triumvirate
Graviity,twisting-nether,eu,current,Seat of the Triumvirate,SEAT,10,10,1,1,0,2026-04-11T01:07:26.000Z,10,330.1,true,1493798,2040999,2026-04-11T01:07:26.000Z,https://raider.io/mythic-plus-runs/season-mn-1/10359796-10-seat-of-the-triumvirate
Jumzo,sylvanas,eu,current,Magisters' Terrace,MT,14,14,2,2,0,2026-04-19T20:47:58.000Z,14,403.1,true,1602263,2040999,2026-04-19T20:47:58.000Z,https://raider.io/mythic-plus-runs/season-mn-1/15038697-14-magisters-terrace
Sprutpesset,twisting-nether,eu,current,Magisters' Terrace,MT,15,15,1,1,0,2026-04-16T19:45:58.000Z,15,413.6,true,1845284,2040999,2026-04-16T19:45:58.000Z,https://raider.io/mythic-plus-runs/season-mn-1/13351977-15-magisters-terrace
Bpd,twisting-nether,eu,current,Maisara Caverns,MC,2,2,1,1,0,2026-03-25T16:50:34.000Z,2,170.0,true,1145547,1980999,2026-03-25T16:50:34.000Z,https://raider.io/mythic-plus-runs/season-mn-1/482683-2-maisara-caverns
Jointsuckerr,twisting-nether,eu,current,Skyreach,SR,15,15,2,2,0,2026-04-15T22:23:29.000Z,15,419.4,true,1259825,1680999,2026-04-15T22:23:29.000Z,https://raider.io/mythic-plus-runs/season-mn-1/12937052-15-skyreach
Karllia,argent-dawn,eu,current,Seat of the Triumvirate,SEAT,13,13,2,2,0,2026-04-12T19:28:02.000Z,13,381.7,true,1948823,2040999,2026-04-12T19:28:02.000Z,https://raider.io/mythic-plus-runs/season-mn-1/11750203-13-seat-of-the-triumvirate
Ragret,twisting-nether,eu,current,Magisters' Terrace,MT,6,6,1,1,0,2026-04-08T11:25:26.000Z,6,245.0,true,1035625,2040999,2026-04-08T11:25:26.000Z,https://raider.io/mythic-plus-runs/season-mn-1/8956027-6-magisters-terrace
Disorders,twisting-nether,eu,current,Seat of the Triumvirate,SEAT,10,10,1,1,0,2026-04-16T22:09:15.000Z,10,326.1,true,1707932,2040999,2026-04-16T22:09:15.000Z,https://raider.io/mythic-plus-runs/season-mn-1/13439644-10-seat-of-the-triumvirate
Badraider,twisting-nether,eu,current,Magisters' Terrace,MT,10,10,2,2,0,2026-04-14T16:27:08.000Z,10,329.0,true,1551071,2040999,2026-04-11T16:24:11.000Z,https://raider.io/mythic-plus-runs/season-mn-1/10689950-10-magisters-terrace
Bigboiples,twisting-nether,eu,current,Skyreach,SR,12,12,1,1,0,2026-04-05T23:50:35.000Z,12,365.0,true,1679525,1680999,2026-04-05T23:50:35.000Z,https://raider.io/mythic-plus-runs/season-mn-1/7755584-12-skyreach
Zren,ravencrest,eu,current,Skyreach,SR,13,13,1,1,0,2026-04-12T20:25:15.000Z,13,383.6,true,1518784,1680999,2026-04-12T20:25:15.000Z,https://raider.io/mythic-plus-runs/season-mn-1/11425765-13-skyreach
Garsias,tarren-mill,eu,current,Pit of Saron,POS,11,11,2,2,0,2026-04-19T07:47:12.000Z,11,350.0,true,1037970,1800999,2026-04-19T07:47:12.000Z,https://raider.io/mythic-plus-runs/season-mn-1/14670442-11-pit-of-saron
