encounter_id,boss_name,zone_name,difficulty,difficulty_label,total_wipes,avg_boss_pct,pct_wipes_phase_1,pct_wipes_phase_2,pct_wipes_phase_3_plus,wipes_lt_1min,wipes_1_3min,wipes_3_5min,wipes_5plus_min,last_week_avg_boss_pct,progress_trend
2680,"Rashok, the Elder","Aberrus, the Shadowed Crucible",3,Normal,1,5.6,100.0,0.0,0.0,0,0,1,0,5.6,0.0
2682,Assault of the Zaqali,"Aberrus, the Shadowed Crucible",3,Normal,1,21.6,0.0,100.0,0.0,0,0,1,0,21.6,0.0
2683,Magmorax,"Aberrus, the Shadowed Crucible",3,Normal,2,99.6,100.0,0.0,0.0,2,0,0,0,99.6,0.0
2684,Echo of Neltharion,"Aberrus, the Shadowed Crucible",3,Normal,4,47.5,50.0,25.0,25.0,0,2,2,0,69.4,21.82
2685,Scalecommander Sarkareth,"Aberrus, the Shadowed Crucible",3,Normal,21,36.1,14.3,14.3,71.4,2,3,7,9,99.9,63.78
2680,"Rashok, the Elder","Aberrus, the Shadowed Crucible",4,Heroic,2,57.6,100.0,0.0,0.0,0,2,0,0,48.1,-9.5
2682,Assault of the Zaqali,"Aberrus, the Shadowed Crucible",4,Heroic,1,29.8,100.0,0.0,0.0,0,1,0,0,29.8,0.0
2683,Magmorax,"Aberrus, the Shadowed Crucible",4,Heroic,1,41.9,100.0,0.0,0.0,0,1,0,0,41.9,0.0
2684,Echo of Neltharion,"Aberrus, the Shadowed Crucible",4,Heroic,14,41.1,28.6,50.0,21.4,1,3,7,3,34.5,-6.7
2685,Scalecommander Sarkareth,"Aberrus, the Shadowed Crucible",4,Heroic,20,43.5,10.0,30.0,60.0,1,6,6,7,36.1,-7.43
2687,The Amalgamation Chamber,"Aberrus, the Shadowed Crucible",4,Heroic,18,42.9,50.0,50.0,0.0,0,12,4,2,49.6,6.7
2688,"Kazzara, the Hellforged","Aberrus, the Shadowed Crucible",4,Heroic,2,12.4,100.0,0.0,0.0,0,0,1,1,12.4,0.0
2689,"The Vigilant Steward, Zskarn","Aberrus, the Shadowed Crucible",4,Heroic,4,11.5,100.0,0.0,0.0,0,0,2,2,11.5,0.0
2693,The Forgotten Experiments,"Aberrus, the Shadowed Crucible",4,Heroic,1,55.4,0.0,0.0,100.0,0,0,1,0,55.4,0.0
2680,"Rashok, the Elder","Aberrus, the Shadowed Crucible",5,Mythic,179,48.6,89.9,10.1,0.0,8,58,77,36,65.2,16.61
2682,Assault of the Zaqali,"Aberrus, the Shadowed Crucible",5,Mythic,5,18.7,20.0,80.0,0.0,0,0,1,4,19.2,0.54
2683,Magmorax,"Aberrus, the Shadowed Crucible",5,Mythic,14,37.8,100.0,0.0,0.0,1,4,5,4,37.8,0.0
2684,Echo of Neltharion,"Aberrus, the Shadowed Crucible",5,Mythic,215,51.4,40.5,40.0,19.5,17,69,52,77,48.0,-3.33
2685,Scalecommander Sarkareth,"Aberrus, the Shadowed Crucible",5,Mythic,485,56.9,13.4,45.8,40.8,22,173,194,96,47.9,-8.99
2687,The Amalgamation Chamber,"Aberrus, the Shadowed Crucible",5,Mythic,24,48.9,50.0,50.0,0.0,0,15,6,3,43.8,-5.13
2688,"Kazzara, the Hellforged","Aberrus, the Shadowed Crucible",5,Mythic,19,39.1,100.0,0.0,0.0,0,3,15,1,54.3,15.25
2689,"The Vigilant Steward, Zskarn","Aberrus, the Shadowed Crucible",5,Mythic,42,43.7,100.0,0.0,0.0,0,16,24,2,32.1,-11.63
2693,The Forgotten Experiments,"Aberrus, the Shadowed Crucible",5,Mythic,61,28.9,0.0,11.5,88.5,0,13,39,9,30.4,1.44
2677,Fyrakk the Blazing,"Amirdrassil, the Dream's Hope",3,Normal,4,61.8,50.0,50.0,0.0,0,2,2,0,69.9,8.14
2731,"Larodar, Keeper of the Flame","Amirdrassil, the Dream's Hope",3,Normal,1,52.2,100.0,0.0,0.0,0,1,0,0,52.2,0.0
2737,Volcoross,"Amirdrassil, the Dream's Hope",3,Normal,3,99.9,100.0,0.0,0.0,3,0,0,0,99.7,-0.18
2786,"Tindral Sageswift, Seer of the Flame","Amirdrassil, the Dream's Hope",3,Normal,1,4.3,0.0,0.0,100.0,0,0,0,1,4.3,0.0
2677,Fyrakk the Blazing,"Amirdrassil, the Dream's Hope",4,Heroic,36,48.1,36.1,25.0,38.9,1,14,4,17,25.4,-22.69
2708,"Nymue, Weaver of the Cycle","Amirdrassil, the Dream's Hope",4,Heroic,7,40.4,28.6,71.4,0.0,0,3,2,2,26.6,-13.82
2709,Igira the Cruel,"Amirdrassil, the Dream's Hope",4,Heroic,1,22.6,100.0,0.0,0.0,0,0,1,0,22.6,0.0
2728,Council of Dreams,"Amirdrassil, the Dream's Hope",4,Heroic,5,52.8,100.0,0.0,0.0,1,3,1,0,56.4,3.6
2731,"Larodar, Keeper of the Flame","Amirdrassil, the Dream's Hope",4,Heroic,17,40.3,58.8,41.2,0.0,0,6,6,5,43.9,3.67
2737,Volcoross,"Amirdrassil, the Dream's Hope",4,Heroic,6,32.5,100.0,0.0,0.0,1,2,3,0,36.8,4.22
2786,"Tindral Sageswift, Seer of the Flame","Amirdrassil, the Dream's Hope",4,Heroic,17,47.5,47.1,29.4,23.5,0,7,6,4,0.1,-47.43
2820,Gnarlroot,"Amirdrassil, the Dream's Hope",4,Heroic,1,20.7,100.0,0.0,0.0,0,0,1,0,20.7,0.0
2824,Smolderon,"Amirdrassil, the Dream's Hope",4,Heroic,47,46.1,55.3,44.7,0.0,1,16,24,6,10.4,-35.75
2708,"Nymue, Weaver of the Cycle","Amirdrassil, the Dream's Hope",5,Mythic,62,44.9,29.0,71.0,0.0,1,17,26,18,33.1,-11.74
2709,Igira the Cruel,"Amirdrassil, the Dream's Hope",5,Mythic,27,48.3,100.0,0.0,0.0,1,16,6,4,34.5,-13.81
2728,Council of Dreams,"Amirdrassil, the Dream's Hope",5,Mythic,41,52.6,100.0,0.0,0.0,1,23,12,5,63.4,10.83
2731,"Larodar, Keeper of the Flame","Amirdrassil, the Dream's Hope",5,Mythic,47,41.4,70.2,29.8,0.0,0,8,28,11,24.6,-16.81
2737,Volcoross,"Amirdrassil, the Dream's Hope",5,Mythic,7,36.6,100.0,0.0,0.0,0,4,3,0,68.0,31.39
2786,"Tindral Sageswift, Seer of the Flame","Amirdrassil, the Dream's Hope",5,Mythic,2,97.3,100.0,0.0,0.0,2,0,0,0,97.3,0.0
2820,Gnarlroot,"Amirdrassil, the Dream's Hope",5,Mythic,3,64.5,33.3,66.7,0.0,1,1,1,0,99.8,35.36
2824,Smolderon,"Amirdrassil, the Dream's Hope",5,Mythic,260,62.2,60.4,39.6,0.0,14,127,87,32,51.6,-10.58
2399,Sludgefist,Castle Nathria,3,Normal,2,17.6,100.0,0.0,0.0,0,1,1,0,33.8,16.19
2406,Lady Inerva Darkvein,Castle Nathria,3,Normal,2,68.6,100.0,0.0,0.0,0,1,1,0,68.6,0.0
2407,Sire Denathrius,Castle Nathria,3,Normal,3,51.5,33.3,33.3,33.3,0,1,0,2,38.7,-12.81
2412,The Council of Blood,Castle Nathria,3,Normal,1,99.4,100.0,0.0,0.0,1,0,0,0,99.4,0.0
2383,Hungering Destroyer,Castle Nathria,4,Heroic,12,33.7,100.0,0.0,0.0,0,3,6,3,13.5,-20.17
2398,Shriekwing,Castle Nathria,4,Heroic,4,97.0,100.0,0.0,0.0,3,1,0,0,99.8,2.72
2399,Sludgefist,Castle Nathria,4,Heroic,13,45.0,100.0,0.0,0.0,1,2,6,4,29.5,-15.47
2402,Sun King's Salvation,Castle Nathria,4,Heroic,7,64.8,100.0,0.0,0.0,0,1,2,4,90.0,25.21
2405,Artificer Xy'mox,Castle Nathria,4,Heroic,19,29.1,0.0,42.1,57.9,0,5,9,5,37.4,8.36
2406,Lady Inerva Darkvein,Castle Nathria,4,Heroic,21,25.3,100.0,0.0,0.0,0,4,16,1,12.4,-12.92
2407,Sire Denathrius,Castle Nathria,4,Heroic,72,35.6,16.7,16.7,66.7,3,15,12,42,46.8,11.12
2412,The Council of Blood,Castle Nathria,4,Heroic,3,89.2,66.7,0.0,33.3,2,0,0,1,68.0,-21.2
2417,Stone Legion Generals,Castle Nathria,4,Heroic,11,54.4,36.4,45.5,18.2,0,3,3,5,61.8,7.38
2418,Huntsman Altimor,Castle Nathria,4,Heroic,36,35.7,2.8,38.9,58.3,1,25,10,0,35.6,-0.09
2383,Hungering Destroyer,Castle Nathria,5,Mythic,44,57.5,100.0,0.0,0.0,1,14,24,5,39.6,-17.89
2398,Shriekwing,Castle Nathria,5,Mythic,2,6.4,100.0,0.0,0.0,0,0,0,2,6.4,0.0
2402,Sun King's Salvation,Castle Nathria,5,Mythic,44,56.7,100.0,0.0,0.0,1,31,10,2,60.3,3.6
2405,Artificer Xy'mox,Castle Nathria,5,Mythic,124,45.2,1.6,23.4,75.0,0,42,70,12,53.3,8.12
2406,Lady Inerva Darkvein,Castle Nathria,5,Mythic,121,36.6,100.0,0.0,0.0,1,43,56,21,31.9,-4.73
2412,The Council of Blood,Castle Nathria,5,Mythic,29,49.9,51.7,48.3,0.0,0,10,16,3,58.6,8.7
2418,Huntsman Altimor,Castle Nathria,5,Mythic,28,31.9,3.6,53.6,42.9,0,13,10,5,34.9,2.91
3009,Vexie and the Geargrinders,Liberation of Undermine,3,Normal,1,100.0,100.0,0.0,0.0,1,0,0,0,100.0,0.0
3011,Rik Reverb,Liberation of Undermine,3,Normal,3,27.6,66.7,33.3,0.0,0,1,2,0,27.6,0.0
3012,Stix Bunkjunker,Liberation of Undermine,3,Normal,3,41.8,100.0,0.0,0.0,1,0,1,1,41.8,0.0
3013,Sprocketmonger Lockenstock,Liberation of Undermine,3,Normal,1,3.0,100.0,0.0,0.0,0,0,0,1,3.0,0.0
3014,One-Armed Bandit,Liberation of Undermine,3,Normal,2,51.2,50.0,50.0,0.0,0,1,0,1,3.5,-47.65
3015,"Mug'Zee, Heads of Security",Liberation of Undermine,3,Normal,5,60.9,80.0,0.0,20.0,1,3,0,1,80.6,19.64
3016,Chrome King Gallywix,Liberation of Undermine,3,Normal,5,71.8,100.0,0.0,0.0,2,2,1,0,53.3,-18.47
3009,Vexie and the Geargrinders,Liberation of Undermine,4,Heroic,2,84.5,100.0,0.0,0.0,1,1,0,0,100.0,15.49
3010,Cauldron of Carnage,Liberation of Undermine,4,Heroic,7,60.2,100.0,0.0,0.0,2,1,3,1,100.0,39.76
3011,Rik Reverb,Liberation of Undermine,4,Heroic,7,27.0,42.9,57.1,0.0,0,2,4,1,19.2,-7.83
3012,Stix Bunkjunker,Liberation of Undermine,4,Heroic,15,47.8,100.0,0.0,0.0,3,1,9,2,62.3,14.54
3013,Sprocketmonger Lockenstock,Liberation of Undermine,4,Heroic,5,56.3,100.0,0.0,0.0,1,1,3,0,15.0,-41.3
3014,One-Armed Bandit,Liberation of Undermine,4,Heroic,17,60.9,94.1,5.9,0.0,1,10,5,1,51.8,-9.06
3015,"Mug'Zee, Heads of Security",Liberation of Undermine,4,Heroic,24,29.8,29.2,0.0,70.8,0,6,6,12,14.5,-15.34
3016,Chrome King Gallywix,Liberation of Undermine,4,Heroic,65,61.5,46.2,40.0,13.8,5,37,10,13,49.3,-12.17
3009,Vexie and the Geargrinders,Liberation of Undermine,5,Mythic,9,32.6,100.0,0.0,0.0,0,2,0,7,7.1,-25.47
3010,Cauldron of Carnage,Liberation of Undermine,5,Mythic,28,48.4,78.6,21.4,0.0,0,10,10,8,32.1,-16.26
3011,Rik Reverb,Liberation of Undermine,5,Mythic,51,44.6,56.9,43.1,0.0,0,26,19,6,26.1,-18.54
3012,Stix Bunkjunker,Liberation of Undermine,5,Mythic,107,51.2,100.0,0.0,0.0,3,42,49,13,43.3,-7.95
3013,Sprocketmonger Lockenstock,Liberation of Undermine,5,Mythic,161,63.7,95.0,5.0,0.0,27,91,42,1,47.5,-16.16
3014,One-Armed Bandit,Liberation of Undermine,5,Mythic,85,64.6,92.9,7.1,0.0,0,63,16,6,49.5,-15.06
3015,"Mug'Zee, Heads of Security",Liberation of Undermine,5,Mythic,200,49.8,68.5,3.0,28.5,19,86,74,21,45.1,-4.75
3016,Chrome King Gallywix,Liberation of Undermine,5,Mythic,115,72.0,99.1,0.9,0.0,9,75,22,9,69.9,-2.06
3129,Plexus Sentinel,Manaforge Omega,3,Normal,1,77.6,100.0,0.0,0.0,1,0,0,0,77.6,0.0
3132,Forgeweaver Araz,Manaforge Omega,3,Normal,1,6.4,0.0,100.0,0.0,0,0,1,0,6.4,0.0
3133,Fractillus,Manaforge Omega,3,Normal,3,24.8,100.0,0.0,0.0,0,1,1,1,16.2,-8.58
3135,"Dimensius, the All-Devouring",Manaforge Omega,3,Normal,8,61.2,75.0,12.5,12.5,3,3,1,1,34.7,-26.51
3122,The Soul Hunters,Manaforge Omega,4,Heroic,2,57.6,100.0,0.0,0.0,0,1,1,0,47.5,-10.07
3131,Loom'ithar,Manaforge Omega,4,Heroic,1,70.8,100.0,0.0,0.0,0,1,0,0,70.8,0.0
3132,Forgeweaver Araz,Manaforge Omega,4,Heroic,9,30.7,22.2,77.8,0.0,0,1,0,8,31.0,0.29
3133,Fractillus,Manaforge Omega,4,Heroic,6,24.7,100.0,0.0,0.0,0,1,4,1,15.5,-9.23
3134,Nexus-King Salhadaar,Manaforge Omega,4,Heroic,18,40.7,38.9,27.8,33.3,2,3,7,6,37.2,-3.48
3135,"Dimensius, the All-Devouring",Manaforge Omega,4,Heroic,17,43.8,52.9,35.3,11.8,1,8,3,5,37.6,-6.15
2902,Ulgrax the Devourer,Manaforge Omega,5,Mythic,1,98.6,100.0,0.0,0.0,1,0,0,0,98.6,0.0
2921,The Silken Court,Manaforge Omega,5,Mythic,1,60.0,100.0,0.0,0.0,0,1,0,0,60.0,0.0
2922,Queen Ansurek,Manaforge Omega,5,Mythic,3,24.2,0.0,66.7,33.3,0,2,1,0,24.2,0.0
3016,Chrome King Gallywix,Manaforge Omega,5,Mythic,1,69.9,100.0,0.0,0.0,0,1,0,0,69.9,0.0
3122,The Soul Hunters,Manaforge Omega,5,Mythic,81,63.5,100.0,0.0,0.0,2,60,14,5,59.7,-3.76
3129,Plexus Sentinel,Manaforge Omega,5,Mythic,17,56.1,41.2,58.8,0.0,1,8,6,2,32.0,-24.09
3130,Soulbinder Naazindhri,Manaforge Omega,5,Mythic,9,34.2,100.0,0.0,0.0,0,0,3,6,42.2,7.95
3131,Loom'ithar,Manaforge Omega,5,Mythic,54,56.9,66.7,33.3,0.0,5,18,17,14,63.1,6.13
3132,Forgeweaver Araz,Manaforge Omega,5,Mythic,107,62.7,92.5,7.5,0.0,9,70,17,11,35.3,-27.49
3133,Fractillus,Manaforge Omega,5,Mythic,64,45.0,100.0,0.0,0.0,2,33,25,4,52.3,7.36
3134,Nexus-King Salhadaar,Manaforge Omega,5,Mythic,365,61.6,56.2,32.1,11.8,59,210,54,42,44.8,-16.73
3135,"Dimensius, the All-Devouring",Manaforge Omega,5,Mythic,458,41.9,67.9,22.5,9.6,30,278,76,74,27.1,-14.79
2902,Ulgrax the Devourer,Nerub-ar Palace,3,Normal,1,100.0,100.0,0.0,0.0,1,0,0,0,100.0,0.0
2917,The Bloodbound Horror,Nerub-ar Palace,3,Normal,7,72.8,100.0,0.0,0.0,4,2,1,0,14.1,-58.67
2918,Rasha'nan,Nerub-ar Palace,3,Normal,6,53.9,100.0,0.0,0.0,5,1,0,0,23.4,-30.52
2919,Broodtwister Ovi'nax,Nerub-ar Palace,3,Normal,1,99.7,100.0,0.0,0.0,1,0,0,0,99.7,0.0
2921,The Silken Court,Nerub-ar Palace,3,Normal,18,48.8,61.1,38.9,0.0,2,9,7,0,37.5,-11.3
2922,Queen Ansurek,Nerub-ar Palace,3,Normal,14,33.6,35.7,50.0,14.3,0,6,6,2,39.2,5.55
2898,"Sikran, Captain of the Sureki",Nerub-ar Palace,4,Heroic,4,62.7,100.0,0.0,0.0,1,2,1,0,62.7,0.0
2902,Ulgrax the Devourer,Nerub-ar Palace,4,Heroic,1,32.9,100.0,0.0,0.0,0,0,1,0,32.9,0.0
2917,The Bloodbound Horror,Nerub-ar Palace,4,Heroic,11,43.5,100.0,0.0,0.0,2,2,4,3,100.0,56.52
2918,Rasha'nan,Nerub-ar Palace,4,Heroic,7,39.4,100.0,0.0,0.0,2,3,1,1,60.0,20.53
2919,Broodtwister Ovi'nax,Nerub-ar Palace,4,Heroic,18,45.4,100.0,0.0,0.0,0,5,7,6,22.1,-23.32
2920,Nexus-Princess Ky'veza,Nerub-ar Palace,4,Heroic,11,41.7,63.6,36.4,0.0,0,3,6,2,29.7,-12.02
2921,The Silken Court,Nerub-ar Palace,4,Heroic,40,64.7,72.5,12.5,15.0,1,28,4,7,65.8,1.08
2922,Queen Ansurek,Nerub-ar Palace,4,Heroic,140,55.7,82.1,14.3,3.6,20,85,26,9,49.1,-6.57
2898,"Sikran, Captain of the Sureki",Nerub-ar Palace,5,Mythic,31,50.9,100.0,0.0,0.0,3,16,11,1,49.1,-1.74
2902,Ulgrax the Devourer,Nerub-ar Palace,5,Mythic,15,46.8,26.7,73.3,0.0,1,4,3,7,98.6,51.73
2917,The Bloodbound Horror,Nerub-ar Palace,5,Mythic,23,47.0,100.0,0.0,0.0,0,14,9,0,19.7,-27.28
2918,Rasha'nan,Nerub-ar Palace,5,Mythic,57,32.0,100.0,0.0,0.0,4,30,22,1,38.5,6.47
2919,Broodtwister Ovi'nax,Nerub-ar Palace,5,Mythic,189,65.2,100.0,0.0,0.0,9,108,52,20,42.1,-23.11
2920,Nexus-Princess Ky'veza,Nerub-ar Palace,5,Mythic,233,66.4,89.7,10.3,0.0,23,170,35,5,51.3,-15.09
2921,The Silken Court,Nerub-ar Palace,5,Mythic,313,77.3,76.0,20.8,3.2,93,142,65,13,60.0,-17.26
2922,Queen Ansurek,Nerub-ar Palace,5,Mythic,290,54.9,67.6,30.0,2.4,17,147,114,12,24.2,-30.72
2422,Kel'Thuzad,Sanctum of Domination,3,Normal,4,51.6,100.0,0.0,0.0,1,0,2,1,51.6,0.0
2423,The Tarragrue,Sanctum of Domination,3,Normal,1,30.7,100.0,0.0,0.0,0,0,0,1,30.7,0.0
2429,The Nine,Sanctum of Domination,3,Normal,5,39.9,0.0,100.0,0.0,0,1,2,2,95.8,55.88
2430,Painsmith Raznal,Sanctum of Domination,3,Normal,7,41.4,0.0,57.1,42.9,0,2,2,3,4.2,-37.22
2431,Fatescribe Roh-Kalo,Sanctum of Domination,3,Normal,2,13.2,100.0,0.0,0.0,0,0,0,2,15.4,2.22
2432,Remnant of Ner'zhul,Sanctum of Domination,3,Normal,1,9.8,0.0,0.0,100.0,0,0,1,0,9.8,0.0
2433,The Eye of the Jailer,Sanctum of Domination,3,Normal,2,55.6,100.0,0.0,0.0,1,0,1,0,12.8,-42.83
2436,Guardian of the First Ones,Sanctum of Domination,3,Normal,6,55.6,100.0,0.0,0.0,1,3,0,2,53.3,-2.24
2422,Kel'Thuzad,Sanctum of Domination,4,Heroic,15,45.8,100.0,0.0,0.0,0,2,5,8,0.0,-45.77
2423,The Tarragrue,Sanctum of Domination,4,Heroic,2,85.9,100.0,0.0,0.0,0,2,0,0,85.9,0.0
2429,The Nine,Sanctum of Domination,4,Heroic,15,59.1,6.7,93.3,0.0,1,2,8,4,99.8,40.68
2430,Painsmith Raznal,Sanctum of Domination,4,Heroic,33,44.4,12.1,63.6,24.2,0,5,20,8,48.4,4.01
2431,Fatescribe Roh-Kalo,Sanctum of Domination,4,Heroic,32,50.9,100.0,0.0,0.0,0,14,5,13,30.7,-20.16
2432,Remnant of Ner'zhul,Sanctum of Domination,4,Heroic,24,38.6,0.0,8.3,91.7,0,14,8,2,31.0,-7.68
2433,The Eye of the Jailer,Sanctum of Domination,4,Heroic,7,51.1,100.0,0.0,0.0,1,4,0,2,51.1,0.0
2434,Soulrender Dormazain,Sanctum of Domination,4,Heroic,12,28.0,100.0,0.0,0.0,1,1,2,8,8.2,-19.73
2435,Sylvanas Windrunner,Sanctum of Domination,4,Heroic,24,72.0,8.3,45.8,45.8,0,2,2,20,53.0,-18.93
2436,Guardian of the First Ones,Sanctum of Domination,4,Heroic,40,46.5,100.0,0.0,0.0,5,13,16,6,99.1,52.65
2422,Kel'Thuzad,Sanctum of Domination,5,Mythic,79,57.7,100.0,0.0,0.0,0,47,31,1,59.0,1.24
2423,The Tarragrue,Sanctum of Domination,5,Mythic,6,18.1,50.0,50.0,0.0,0,1,2,3,0.1,-18.07
2429,The Nine,Sanctum of Domination,5,Mythic,8,58.4,12.5,87.5,0.0,1,2,2,3,51.7,-6.64
2430,Painsmith Raznal,Sanctum of Domination,5,Mythic,220,53.9,15.5,65.5,19.1,9,88,81,42,41.0,-12.93
2431,Fatescribe Roh-Kalo,Sanctum of Domination,5,Mythic,117,66.5,100.0,0.0,0.0,1,78,24,14,56.1,-10.45
2432,Remnant of Ner'zhul,Sanctum of Domination,5,Mythic,66,46.6,3.0,24.2,72.7,1,27,29,9,40.9,-5.68
2433,The Eye of the Jailer,Sanctum of Domination,5,Mythic,30,52.4,100.0,0.0,0.0,1,13,6,10,49.8,-2.6
2434,Soulrender Dormazain,Sanctum of Domination,5,Mythic,56,56.5,100.0,0.0,0.0,5,17,8,26,43.3,-13.22
2435,Sylvanas Windrunner,Sanctum of Domination,5,Mythic,337,81.9,55.2,28.2,16.6,8,55,145,129,68.0,-13.91
2436,Guardian of the First Ones,Sanctum of Domination,5,Mythic,47,61.3,100.0,0.0,0.0,7,28,12,0,50.9,-10.5
2529,Halondrus the Reclaimer,Sepulcher of the First Ones,3,Normal,2,54.3,50.0,0.0,50.0,0,1,0,1,100.0,45.63
2540,"Dausegne, the Fallen Oracle",Sepulcher of the First Ones,3,Normal,1,100.0,100.0,0.0,0.0,1,0,0,0,100.0,0.0
2542,"Skolex, the Insatiable Ravener",Sepulcher of the First Ones,3,Normal,1,98.9,100.0,0.0,0.0,0,1,0,0,98.9,0.0
2543,Lords of Dread,Sepulcher of the First Ones,3,Normal,6,49.2,100.0,0.0,0.0,0,0,4,2,38.8,-10.35
2546,Anduin Wrynn,Sepulcher of the First Ones,3,Normal,17,60.9,58.8,41.2,0.0,1,6,4,6,60.9,0.0
2549,Rygelon,Sepulcher of the First Ones,3,Normal,2,70.8,100.0,0.0,0.0,0,2,0,0,70.8,0.0
2529,Halondrus the Reclaimer,Sepulcher of the First Ones,4,Heroic,8,75.6,62.5,37.5,0.0,0,7,1,0,67.8,-7.8
2537,The Jailer,Sepulcher of the First Ones,4,Heroic,88,64.7,61.4,22.7,15.9,4,48,15,21,14.0,-50.61
2539,"Lihuvim, Principal Architect",Sepulcher of the First Ones,4,Heroic,17,49.5,100.0,0.0,0.0,1,5,8,3,26.0,-23.49
2540,"Dausegne, the Fallen Oracle",Sepulcher of the First Ones,4,Heroic,17,36.5,100.0,0.0,0.0,1,6,7,3,36.5,0.0
2542,"Skolex, the Insatiable Ravener",Sepulcher of the First Ones,4,Heroic,10,58.3,100.0,0.0,0.0,1,5,4,0,99.9,41.57
2543,Lords of Dread,Sepulcher of the First Ones,4,Heroic,13,43.5,100.0,0.0,0.0,0,2,7,4,13.3,-30.22
2544,Prototype Pantheon,Sepulcher of the First Ones,4,Heroic,35,34.6,8.6,31.4,60.0,0,3,8,24,27.9,-6.72
2546,Anduin Wrynn,Sepulcher of the First Ones,4,Heroic,41,67.6,65.9,29.3,4.9,11,10,12,8,36.8,-30.83
2549,Rygelon,Sepulcher of the First Ones,4,Heroic,55,60.6,100.0,0.0,0.0,15,31,8,1,33.3,-27.29
2553,Artificer Xy'mox,Sepulcher of the First Ones,4,Heroic,8,57.6,12.5,87.5,0.0,0,4,3,1,72.2,14.56
2512,Vigilant Guardian,Sepulcher of the First Ones,5,Mythic,14,40.2,64.3,14.3,21.4,0,2,9,3,21.3,-18.89
2540,"Dausegne, the Fallen Oracle",Sepulcher of the First Ones,5,Mythic,47,45.1,100.0,0.0,0.0,5,12,21,9,37.3,-7.86
2542,"Skolex, the Insatiable Ravener",Sepulcher of the First Ones,5,Mythic,20,54.6,100.0,0.0,0.0,3,8,7,2,68.9,14.23
2553,Artificer Xy'mox,Sepulcher of the First Ones,5,Mythic,29,62.0,86.2,13.8,0.0,3,17,7,2,58.6,-3.39
3178,Vaelgor & Ezzorak,VS / DR / MQD,3,Normal,1,3.4,100.0,0.0,0.0,0,0,0,1,3.4,0.0
3181,Crown of the Cosmos,VS / DR / MQD,3,Normal,2,23.3,0.0,50.0,50.0,0,0,0,2,23.3,0.0
3306,"Chimaerus, the Undreamt God",VS / DR / MQD,3,Normal,3,65.9,100.0,0.0,0.0,1,2,0,0,57.5,-8.42
3176,Imperator Averzian,VS / DR / MQD,4,Heroic,6,19.7,100.0,0.0,0.0,0,0,3,3,19.7,0.0
3177,Vorasius,VS / DR / MQD,4,Heroic,2,42.1,100.0,0.0,0.0,0,0,2,0,42.1,0.0
3178,Vaelgor & Ezzorak,VS / DR / MQD,4,Heroic,11,51.6,90.9,9.1,0.0,0,3,5,3,51.6,0.0
3180,Lightblinded Vanguard,VS / DR / MQD,4,Heroic,1,5.8,100.0,0.0,0.0,0,0,1,0,5.8,0.0
3181,Crown of the Cosmos,VS / DR / MQD,4,Heroic,20,40.4,15.0,60.0,25.0,0,3,6,11,40.4,0.0
3182,"Belo'ren, Child of Al'ar",VS / DR / MQD,4,Heroic,13,39.6,92.3,7.7,0.0,0,6,7,0,70.2,30.62
3306,"Chimaerus, the Undreamt God",VS / DR / MQD,4,Heroic,3,37.9,33.3,66.7,0.0,0,1,0,2,37.9,0.0
3176,Imperator Averzian,VS / DR / MQD,5,Mythic,8,45.7,100.0,0.0,0.0,1,3,2,2,57.7,12.0
3177,Vorasius,VS / DR / MQD,5,Mythic,18,37.5,100.0,0.0,0.0,1,4,5,8,46.8,9.3
3178,Vaelgor & Ezzorak,VS / DR / MQD,5,Mythic,31,65.3,90.3,9.7,0.0,1,16,12,2,65.3,0.0
3179,Fallen-King Salhadaar,VS / DR / MQD,5,Mythic,18,34.1,94.4,5.6,0.0,1,4,3,10,29.2,-4.95
3306,"Chimaerus, the Undreamt God",VS / DR / MQD,5,Mythic,18,65.0,27.8,72.2,0.0,1,9,8,0,46.0,-19.01
2605,Kurog Grimtotem,Vault of the Incarnates,3,Normal,7,45.3,57.1,42.9,0.0,0,5,0,2,21.9,-23.35
2607,Raszageth the Storm-Eater,Vault of the Incarnates,3,Normal,14,58.5,35.7,50.0,14.3,3,2,1,8,36.9,-21.62
2614,Broodkeeper Diurna,Vault of the Incarnates,3,Normal,6,58.6,100.0,0.0,0.0,0,5,1,0,39.2,-19.48
2635,"Dathea, Ascended",Vault of the Incarnates,3,Normal,4,47.3,100.0,0.0,0.0,1,1,1,1,100.0,52.73
2590,The Primal Council,Vault of the Incarnates,4,Heroic,5,28.9,100.0,0.0,0.0,0,2,2,1,9.2,-19.71
2592,"Sennarth, The Cold Breath",Vault of the Incarnates,4,Heroic,2,22.3,50.0,50.0,0.0,0,0,1,1,22.3,0.0
2605,Kurog Grimtotem,Vault of the Incarnates,4,Heroic,5,43.2,80.0,20.0,0.0,0,2,1,2,59.5,16.36
2607,Raszageth the Storm-Eater,Vault of the Incarnates,4,Heroic,47,61.1,57.4,38.3,4.3,5,17,11,14,27.1,-34.01
2614,Broodkeeper Diurna,Vault of the Incarnates,4,Heroic,22,58.3,77.3,22.7,0.0,4,9,4,5,53.1,-5.2
2635,"Dathea, Ascended",Vault of the Incarnates,4,Heroic,15,36.8,100.0,0.0,0.0,0,6,7,2,31.9,-4.96
2639,Terros,Vault of the Incarnates,4,Heroic,10,34.3,100.0,0.0,0.0,0,2,4,4,18.5,-15.85
2685,Scalecommander Sarkareth,Vault of the Incarnates,4,Heroic,1,36.1,0.0,0.0,100.0,0,1,0,0,36.1,0.0
2587,Eranog,Vault of the Incarnates,5,Mythic,6,41.4,83.3,16.7,0.0,0,5,1,0,38.1,-3.29
2590,The Primal Council,Vault of the Incarnates,5,Mythic,5,57.0,100.0,0.0,0.0,1,2,2,0,62.7,5.72
2592,"Sennarth, The Cold Breath",Vault of the Incarnates,5,Mythic,52,50.2,67.3,32.7,0.0,0,22,13,17,70.9,20.68
2605,Kurog Grimtotem,Vault of the Incarnates,5,Mythic,70,50.8,32.9,58.6,8.6,1,30,16,23,41.9,-8.81
2607,Raszageth the Storm-Eater,Vault of the Incarnates,5,Mythic,316,64.8,73.1,25.3,1.6,16,119,106,75,52.6,-12.2
2614,Broodkeeper Diurna,Vault of the Incarnates,5,Mythic,96,65.1,74.0,26.0,0.0,5,36,31,24,47.6,-17.5
2635,"Dathea, Ascended",Vault of the Incarnates,5,Mythic,100,58.9,100.0,0.0,0.0,4,52,32,12,59.9,0.92
2639,Terros,Vault of the Incarnates,5,Mythic,33,52.4,100.0,0.0,0.0,3,12,9,9,83.1,30.68
