player_name,realm_slug,region,season,week_start,total_runs,timed_runs,untimed_runs,highest_key_level,unique_dungeons,most_common_key_level
Socialqs,twisting-nether,eu,current,2026-04-20,1,1,0,10,1,10
Rivey,defias-brotherhood,eu,current,2026-04-06,10,9,1,13,7,12
Ragret,twisting-nether,eu,current,2026-03-30,3,3,0,4,3,4
Rivey,defias-brotherhood,eu,current,2026-04-20,5,5,0,13,3,13
Alexiamae,twisting-nether,eu,current,2026-03-30,9,9,0,10,7,10
Pompqmoi,twisting-nether,eu,current,2026-04-13,8,8,0,12,5,10
Typ,ravencrest,eu,current,2026-04-06,1,1,0,15,1,15
Yevie,twisting-nether,eu,current,2026-04-20,3,3,0,10,3,10
Jadsbrew,twisting-nether,eu,current,2026-03-30,1,1,0,10,1,10
Yeroshj,twisting-nether,eu,current,2026-04-13,1,1,0,6,1,6
Graviity,twisting-nether,eu,current,2026-04-20,1,1,0,10,1,10
Selthiel,ravencrest,eu,current,2026-04-20,5,5,0,17,5,16
Hawktwarr,twisting-nether,eu,current,2026-03-23,6,6,0,10,5,10
Pompqmoi,twisting-nether,eu,current,2026-04-06,4,4,0,14,4,12
Jumzo,sylvanas,eu,current,2026-04-20,2,2,0,11,2,11
Aypeross,twisting-nether,eu,current,2026-04-06,4,4,0,12,4,12
Budgetgoku,twisting-nether,eu,current,2026-03-30,2,2,0,13,2,13
Badraider,twisting-nether,eu,current,2026-04-06,5,5,0,10,5,10
Bigboiples,twisting-nether,eu,current,2026-04-06,6,5,1,14,6,13
Sprutpesset,twisting-nether,eu,current,2026-04-20,3,3,0,16,2,15
Socialqs,twisting-nether,eu,current,2026-04-06,2,2,0,7,2,7
Disorders,twisting-nether,eu,current,2026-04-13,11,11,0,12,8,10
Hobbyalkis,twisting-nether,eu,current,2026-04-13,1,1,0,10,1,10
Midnight,silvermoon,eu,current,2026-04-06,7,6,1,13,6,12
Rivey,defias-brotherhood,eu,current,2026-03-30,1,1,0,10,1,10
Waka,turalyon,eu,current,2026-03-23,1,1,0,7,1,7
Sköddsköddna,twisting-nether,eu,current,2026-04-06,2,2,0,12,2,12
Garsias,tarren-mill,eu,current,2026-04-06,7,7,0,11,3,11
Sköddsköddna,twisting-nether,eu,current,2026-04-13,12,9,3,13,6,10
Thistle,twisting-nether,eu,current,2026-04-13,1,1,0,10,1,10
Gigasaga,twisting-nether,eu,current,2026-03-30,6,4,2,12,5,12
Graviity,twisting-nether,eu,current,2026-04-06,1,1,0,10,1,10
Sebaheoung,twisting-nether,eu,current,2026-04-20,11,11,0,14,7,13
Pixls,twisting-nether,eu,current,2026-03-30,10,10,0,10,8,10
Liiq,twisting-nether,eu,current,2026-04-20,2,2,0,2,2,2
Gigasaga,twisting-nether,eu,current,2026-03-23,2,2,0,11,2,11
Pompqmoi,twisting-nether,eu,current,2026-03-30,2,2,0,12,2,12
Yevie,twisting-nether,eu,current,2026-03-30,1,1,0,10,1,10
Bileplume,twisting-nether,eu,current,2026-04-06,4,4,0,12,4,10
Pearldrake,tarren-mill,eu,current,2026-04-06,3,3,0,10,3,10
Garsias,tarren-mill,eu,current,2026-04-13,6,6,0,11,6,11
Lasermemes,twisting-nether,eu,current,2026-03-30,2,2,0,10,2,10
Lunasnow,twisting-nether,eu,current,2026-04-06,2,2,0,12,2,12
Budgetgoku,twisting-nether,eu,current,2026-04-06,2,2,0,12,2,12
Yeroshj,twisting-nether,eu,current,2026-04-06,10,10,0,15,8,15
Everrin,twisting-nether,eu,current,2026-04-20,9,9,0,14,6,13
Everrin,twisting-nether,eu,current,2026-04-13,5,5,0,13,4,13
Bigboiples,twisting-nether,eu,current,2026-03-30,2,2,0,12,2,12
Lunasnow,twisting-nether,eu,current,2026-03-30,7,7,0,11,5,10
Yearningdh,twisting-nether,eu,current,2026-03-30,1,1,0,10,1,10
Hoptronix,twisting-nether,eu,current,2026-03-30,1,1,0,2,1,2
Ney,twisting-nether,eu,current,2026-03-23,2,2,0,5,2,5
Mleko,twisting-nether,eu,current,2026-03-30,2,2,0,10,2,10
Aypeross,twisting-nether,eu,current,2026-04-20,4,3,1,15,4,12
Wiskers,twisting-nether,eu,current,2026-03-23,3,3,0,5,3,5
Soupetard,twisting-nether,eu,current,2026-04-13,1,1,0,2,1,2
Alexiamae,twisting-nether,eu,current,2026-04-20,1,1,0,10,1,10
Garsias,tarren-mill,eu,current,2026-03-30,7,7,0,10,5,10
Imogen,twisting-nether,eu,current,2026-04-20,7,7,0,14,6,13
Selthiel,ravencrest,eu,current,2026-04-06,2,2,0,15,2,15
Wiskers,twisting-nether,eu,current,2026-04-06,5,5,0,5,5,5
Badraider,twisting-nether,eu,current,2026-04-13,8,8,0,11,6,10
Skyhanter,twisting-nether,eu,current,2026-04-13,10,10,0,14,8,12
Hobbyalkis,twisting-nether,eu,current,2026-03-23,1,1,0,10,1,10
Lisicata,sylvanas,eu,current,2026-04-20,8,8,0,10,6,10
Mechka,twisting-nether,eu,current,2026-03-30,3,3,0,10,3,10
Pixls,twisting-nether,eu,current,2026-04-13,2,2,0,11,2,11
Everrin,twisting-nether,eu,current,2026-04-06,6,5,1,13,5,13
Smonkste,twisting-nether,eu,current,2026-04-20,3,3,0,14,3,14
Lisicata,sylvanas,eu,current,2026-04-13,4,4,0,2,3,2
Lasermemes,twisting-nether,eu,current,2026-04-13,4,4,0,12,4,10
Lenus,twisting-nether,eu,current,2026-03-30,1,1,0,10,1,10
Jointsuckerr,twisting-nether,eu,current,2026-04-20,7,7,0,17,4,16
Yearning,twisting-nether,eu,current,2026-04-06,7,7,0,13,3,10
Graviity,twisting-nether,eu,current,2026-04-13,10,10,0,12,7,10
Nylo,twisting-nether,eu,current,2026-04-20,8,8,0,16,4,10
Yevie,twisting-nether,eu,current,2026-03-23,1,1,0,11,1,11
Mechka,twisting-nether,eu,current,2026-04-13,13,13,0,12,7,10
Garsias,tarren-mill,eu,current,2026-04-20,2,2,0,10,2,10
Imogen,twisting-nether,eu,current,2026-04-13,4,4,0,14,4,14
Bigboiples,twisting-nether,eu,current,2026-04-13,5,4,1,13,3,10
Zren,ravencrest,eu,current,2026-04-20,3,3,0,13,2,10
Megachomber,ravencrest,eu,current,2026-04-06,1,1,0,15,1,15
Zren,ravencrest,eu,current,2026-04-13,9,9,0,13,6,10
Yevie,twisting-nether,eu,current,2026-04-13,4,4,0,11,3,10
Typ,ravencrest,eu,current,2026-04-13,13,11,2,17,8,15
Jadsbrew,twisting-nether,eu,current,2026-04-06,1,0,1,7,1,7
Turbohot,twisting-nether,eu,current,2026-03-23,4,4,0,11,4,10
Hobbyalkis,twisting-nether,eu,current,2026-04-06,3,2,1,11,1,11
Bigboiples,twisting-nether,eu,current,2026-04-20,7,7,0,13,6,10
Jadsbrew,twisting-nether,eu,current,2026-03-23,2,2,0,8,2,8
Mleko,twisting-nether,eu,current,2026-04-06,14,14,0,11,6,10
Sebaheoung,twisting-nether,eu,current,2026-04-13,10,10,0,12,7,12
Ragret,twisting-nether,eu,current,2026-04-13,1,1,0,10,1,10
Skyhanter,twisting-nether,eu,current,2026-03-30,3,3,0,14,3,14
Icantseehelp,twisting-nether,eu,current,2026-04-06,1,1,0,5,1,5
Gigasaga,twisting-nether,eu,current,2026-04-06,3,2,1,10,2,10
Jadsrune,twisting-nether,eu,current,2026-04-06,11,11,0,13,8,13
Pearldrake,tarren-mill,eu,current,2026-04-13,4,4,0,10,4,10
Lenus,twisting-nether,eu,current,2026-04-06,4,4,0,11,4,11
Yearning,twisting-nether,eu,current,2026-03-30,4,4,0,10,3,10
Mechka,twisting-nether,eu,current,2026-04-06,1,1,0,10,1,10
Axonea,twisting-nether,eu,current,2026-03-30,1,1,0,10,1,10
Estrogel,twisting-nether,eu,current,2026-04-06,7,6,1,13,4,12
Selthiel,ravencrest,eu,current,2026-04-13,14,11,3,17,8,15
Sköddsköddna,twisting-nether,eu,current,2026-03-30,1,1,0,10,1,10
Bileplume,twisting-nether,eu,current,2026-04-13,11,10,1,13,6,10
Hobbyalkis,twisting-nether,eu,current,2026-03-30,8,7,1,13,7,10
Mleko,twisting-nether,eu,current,2026-04-20,6,5,1,12,4,10
Jadsbrew,twisting-nether,eu,current,2026-04-20,2,2,0,11,2,11
Ragret,twisting-nether,eu,current,2026-04-06,4,4,0,10,4,10
Dorathy,twisting-nether,eu,current,2026-04-13,11,11,0,17,8,16
Lasermemes,twisting-nether,eu,current,2026-04-20,1,1,0,10,1,10
Axonea,twisting-nether,eu,current,2026-04-06,6,6,0,12,5,10
Alexiamae,twisting-nether,eu,current,2026-04-06,4,4,0,10,3,10
Aypeross,twisting-nether,eu,current,2026-04-13,13,13,0,15,6,10
Karllia,argent-dawn,eu,current,2026-04-06,10,10,0,13,5,13
Megachomber,ravencrest,eu,current,2026-04-13,13,11,2,17,8,15
Pearldrake,tarren-mill,eu,current,2026-03-30,1,1,0,6,1,6
Mægisk,twisting-nether,eu,current,2026-04-20,16,16,0,11,5,10
Jumzo,sylvanas,eu,current,2026-04-06,5,5,0,13,5,13
Lasermemes,twisting-nether,eu,current,2026-03-23,1,1,0,10,1,10
Nylo,twisting-nether,eu,current,2026-04-13,8,8,0,10,5,10
Karllia,argent-dawn,eu,current,2026-04-13,3,3,0,13,2,13
Lunasnow,twisting-nether,eu,current,2026-03-23,2,2,0,10,2,10
Budgetgoku,twisting-nether,eu,current,2026-03-23,2,2,0,11,2,11
Temitiri,twisting-nether,eu,current,2026-04-13,1,1,0,2,1,2
Skyhanter,twisting-nether,eu,current,2026-04-06,2,2,0,14,2,14
Pearldrake,tarren-mill,eu,current,2026-04-20,1,1,0,10,1,10
Yearning,twisting-nether,eu,current,2026-04-20,7,7,0,14,6,13
Dorathy,twisting-nether,eu,current,2026-04-20,5,4,1,17,5,17
Skyhanter,twisting-nether,eu,current,2026-04-20,4,3,1,15,3,15
Karllia,argent-dawn,eu,current,2026-03-30,2,2,0,12,2,12
Yearning,twisting-nether,eu,current,2026-03-23,4,4,0,10,4,10
Soupetard,twisting-nether,eu,current,2026-03-30,1,1,0,2,1,2
Turbohot,twisting-nether,eu,current,2026-04-13,8,8,0,11,6,10
Axonea,twisting-nether,eu,current,2026-04-13,2,2,0,10,2,10
Gigasaga,twisting-nether,eu,current,2026-04-13,1,1,0,11,1,11
Nylo,twisting-nether,eu,current,2026-04-06,10,9,1,17,8,16
Sprutpesset,twisting-nether,eu,current,2026-04-06,8,8,0,15,6,14
Gigacodders,twisting-nether,eu,current,2026-03-30,1,1,0,10,1,10
Hobbyalkis,twisting-nether,eu,current,2026-04-20,1,1,0,11,1,11
Socialqs,twisting-nether,eu,current,2026-04-13,4,4,0,8,4,8
Zrenak,ravencrest,eu,current,2026-03-30,10,10,0,10,7,2
Pompqmoi,twisting-nether,eu,current,2026-04-20,2,2,0,12,2,12
Ney,twisting-nether,eu,current,2026-03-30,1,1,0,10,1,10
Imogen,twisting-nether,eu,current,2026-04-06,3,3,0,13,3,13
Jointsuckerr,twisting-nether,eu,current,2026-04-13,11,10,1,16,7,15
Yevie,twisting-nether,eu,current,2026-04-06,8,8,0,12,6,11
Jointsuckerr,twisting-nether,eu,current,2026-04-06,5,5,0,15,4,10
Jayjar,silvermoon,eu,current,2026-03-23,10,9,1,10,6,10
Jointsuckerr,twisting-nether,eu,current,2026-03-30,1,1,0,14,1,14
Jadsrune,twisting-nether,eu,current,2026-04-20,8,8,0,14,6,13
Megachomber,ravencrest,eu,current,2026-04-20,5,5,0,17,5,16
Karllia,argent-dawn,eu,current,2026-04-20,4,4,0,13,2,13
Smonkste,twisting-nether,eu,current,2026-04-13,13,13,0,14,8,12
Disorders,twisting-nether,eu,current,2026-04-20,1,1,0,12,1,12
Lasermemes,twisting-nether,eu,current,2026-04-06,6,6,0,10,4,10
Zren,ravencrest,eu,current,2026-04-06,4,4,0,13,4,13
Mægisk,twisting-nether,eu,current,2026-04-13,9,9,0,10,7,10
Lenus,twisting-nether,eu,current,2026-04-13,1,1,0,10,1,10
Typ,ravencrest,eu,current,2026-04-20,6,6,0,17,5,16
Midnight,silvermoon,eu,current,2026-04-13,5,5,0,13,5,13
Sebaheoung,twisting-nether,eu,current,2026-04-06,4,4,0,13,4,13
Bpd,twisting-nether,eu,current,2026-03-23,8,8,0,10,7,10
Turbohot,twisting-nether,eu,current,2026-04-06,4,4,0,11,4,11
Budgetgoku,twisting-nether,eu,current,2026-04-20,4,4,0,12,4,10
Budgetgoku,twisting-nether,eu,current,2026-04-13,12,12,0,13,7,10
Zalris,ravencrest,eu,current,2026-03-30,4,4,0,9,4,5
Rivey,defias-brotherhood,eu,current,2026-04-13,2,2,0,13,2,13
Sprutpesset,twisting-nether,eu,current,2026-04-13,4,3,1,15,4,15
Estrogel,twisting-nether,eu,current,2026-04-13,11,10,1,14,8,14
Gigacodders,twisting-nether,eu,current,2026-03-23,2,2,0,10,2,10
Temiti,twisting-nether,eu,current,2026-03-30,1,1,0,10,1,10
Jumzo,sylvanas,eu,current,2026-04-13,17,16,1,14,8,10
