name,player_class,realm,rank,rank_label,rank_category,is_raid_team,is_active,total_raids_tracked,raids_present,attendance_rate_pct,last_raid_date,first_raid_date
Beckiebtec,Monk,twisting-nether,9,Social,Social,false,false,0,0,0.0,null,null
Biglade,Warrior,twisting-nether,9,Social,Social,false,true,2,2,100.0,2025-07-30,2025-07-30
Wetwarrior,Warrior,twisting-nether,9,Social,Social,false,false,0,0,0.0,null,null
Aideen,Warlock,twisting-nether,6,Raider Alt,Raider Alt,false,true,27,27,100.0,2025-02-10,2024-09-11
Hidez,Rogue,twisting-nether,9,Social,Social,false,false,0,0,0.0,null,null
Sophiebae,Monk,twisting-nether,9,Social,Social,false,true,3,3,100.0,2021-09-02,2021-08-29
Xinxao,Monk,twisting-nether,9,Social,Social,false,false,0,0,0.0,null,null
Lisawicsz,Priest,twisting-nether,6,Raider Alt,Raider Alt,false,false,0,0,0.0,null,null
Bulkfarsan,Warrior,twisting-nether,9,Social,Social,false,false,0,0,0.0,null,null
Juiciest,Hunter,twisting-nether,9,Social,Social,false,false,0,0,0.0,null,null
Smileploxx,Hunter,twisting-nether,9,Social,Social,false,true,13,13,100.0,2021-09-03,2021-02-07
Fireraizel,Mage,twisting-nether,9,Social,Social,false,true,8,8,100.0,2021-04-07,2021-01-27
Lornokin,Druid,twisting-nether,9,Social,Social,false,false,0,0,0.0,null,null
Waka,Shaman,turalyon,9,Social,Social,false,true,3,3,100.0,2025-03-23,2024-10-27
Larssonogue,Rogue,twisting-nether,9,Social,Social,false,true,1,1,100.0,2024-11-24,2024-11-24
Barkturia,Druid,silvermoon,9,Social,Social,false,false,0,0,0.0,null,null
Norgesfinest,Rogue,twisting-nether,6,Raider Alt,Raider Alt,false,false,0,0,0.0,null,null
Akitype,Druid,ravencrest,9,Social,Social,false,true,1,1,100.0,2024-11-24,2024-11-24
Shmimishmimi,Druid,silvermoon,6,Raider Alt,Raider Alt,false,true,1,1,100.0,2025-07-06,2025-07-06
Gretty,Warrior,twisting-nether,9,Social,Social,false,false,0,0,0.0,null,null
Lisicata,Druid,sylvanas,9,Social,Social,false,true,2,2,100.0,2025-03-25,2025-03-16
Silliest,Hunter,kazzak,9,Social,Social,false,true,1,1,100.0,2024-10-06,2024-10-06
Lauur,Mage,twisting-nether,7,Bestie,Bestie,false,false,0,0,0.0,null,null
Yevios,Hunter,twisting-nether,3,Officer Alt,Officer,true,false,0,0,0.0,null,null
Axhindor,Death Knight,twisting-nether,9,Social,Social,false,false,0,0,0.0,null,null
Indiex,Demon Hunter,twisting-nether,9,Social,Social,false,false,0,0,0.0,null,null
Krutgubbe,Warlock,twisting-nether,9,Social,Social,false,false,0,0,0.0,null,null
Nobinminge,Warrior,twisting-nether,7,Bestie,Bestie,false,true,9,9,100.0,2024-10-23,2024-09-29
Rumimae,Demon Hunter,twisting-nether,9,Social,Social,false,false,0,0,0.0,null,null
Temiti,Druid,twisting-nether,3,Officer Alt,Officer,true,true,2,2,100.0,2026-03-23,2026-03-18
Noncestomper,Paladin,twisting-nether,9,Social,Social,false,false,0,0,0.0,null,null
Zogy,Death Knight,twisting-nether,9,Social,Social,false,false,0,0,0.0,null,null
Lenus,Demon Hunter,twisting-nether,2,Officer,Officer,true,true,271,271,100.0,2026-04-15,2022-12-18
Crustygems,Mage,twisting-nether,3,Officer Alt,Officer,true,true,1,1,100.0,2024-10-23,2024-10-23
Flamegrinder,Mage,twisting-nether,9,Social,Social,false,true,4,4,100.0,2022-12-21,2022-12-14
Pappaspray,Hunter,twisting-nether,9,Social,Social,false,false,0,0,0.0,null,null
Lunars,Druid,twisting-nether,9,Social,Social,false,false,0,0,0.0,null,null
Infernie,Warlock,twisting-nether,9,Social,Social,false,false,0,0,0.0,null,null
Ollieyay,Death Knight,twisting-nether,7,Bestie,Bestie,false,true,71,71,100.0,2025-05-12,2023-09-25
Prôdí,Priest,ravencrest,9,Social,Social,false,false,0,0,0.0,null,null
Rizzolisa,Mage,silvermoon,9,Social,Social,false,false,0,0,0.0,null,null
Whacky,Hunter,twisting-nether,9,Social,Social,false,true,1,1,100.0,2025-03-05,2025-03-05
Zephers,Paladin,wildhammer,9,Social,Social,false,false,0,0,0.0,null,null
Imwinter,Paladin,twisting-nether,9,Social,Social,false,false,0,0,0.0,null,null
Peearr,Warrior,twisting-nether,6,Raider Alt,Raider Alt,false,false,0,0,0.0,null,null
Spaghettioz,Demon Hunter,ravencrest,9,Social,Social,false,false,0,0,0.0,null,null
Everrin,Evoker,twisting-nether,5,Raider,Raider,true,true,10,10,100.0,2026-04-15,2026-03-18
Roague,Rogue,twisting-nether,9,Social,Social,false,true,11,11,100.0,2023-02-26,2021-09-02
Edarn,Mage,twisting-nether,6,Raider Alt,Raider Alt,false,true,1,1,100.0,2024-12-29,2024-12-29
Sanctifiy,Paladin,twisting-nether,9,Social,Social,false,false,0,0,0.0,null,null
Swoltide,Shaman,twisting-nether,7,Bestie,Bestie,false,true,1,1,100.0,2024-10-27,2024-10-27
Roaoa,Paladin,twisting-nether,9,Social,Social,false,false,0,0,0.0,null,null
Bleddoo,Monk,twisting-nether,9,Social,Social,false,false,0,0,0.0,null,null
Puppzy,Monk,ravencrest,9,Social,Social,false,false,0,0,0.0,null,null
Ashmeedel,Demon Hunter,twisting-nether,9,Social,Social,false,false,0,0,0.0,null,null
Ellianne,Mage,draenor,9,Social,Social,false,false,0,0,0.0,null,null
Noshamàn,Shaman,twisting-nether,9,Social,Social,false,false,0,0,0.0,null,null
Omegasaga,Death Knight,twisting-nether,9,Social,Social,false,false,0,0,0.0,null,null
Oyder,Mage,kazzak,7,Bestie,Bestie,false,true,37,37,100.0,2026-01-20,2025-09-03
Lichprick,Death Knight,twisting-nether,9,Social,Social,false,false,0,0,0.0,null,null
Xiliu,Druid,twisting-nether,9,Social,Social,false,false,0,0,0.0,null,null
Norodk,Death Knight,twisting-nether,9,Social,Social,false,true,1,1,100.0,2021-04-18,2021-04-18
Willowwisp,Druid,twisting-nether,6,Raider Alt,Raider Alt,false,true,49,49,100.0,2025-07-16,2024-09-11
Blixtyfoxx,Monk,twisting-nether,9,Social,Social,false,true,19,19,100.0,2023-07-19,2023-05-10
Goomyy,Death Knight,twisting-nether,9,Social,Social,false,false,0,0,0.0,null,null
Jeffgrips,Priest,twisting-nether,9,Social,Social,false,false,0,0,0.0,null,null
Dragondsnuts,Evoker,twisting-nether,9,Social,Social,false,true,4,4,100.0,2024-11-03,2024-06-12
Meowdyqt,Warrior,twisting-nether,9,Social,Social,false,true,3,3,100.0,2024-09-29,2024-09-15
Murderabilia,Shaman,ravencrest,9,Social,Social,false,false,0,0,0.0,null,null
Oblah,Monk,twisting-nether,9,Social,Social,false,true,1,1,100.0,2021-07-21,2021-07-21
Mixtus,Warlock,twisting-nether,9,Social,Social,false,true,29,29,100.0,2021-04-14,2021-02-07
Bigboiples,Druid,twisting-nether,5,Raider,Raider,true,true,260,260,100.0,2026-04-15,2022-09-12
Doggiewalker,Mage,twisting-nether,9,Social,Social,false,false,0,0,0.0,null,null
Larssonmage,Mage,twisting-nether,6,Raider Alt,Raider Alt,false,false,0,0,0.0,null,null
Drogondeez,Evoker,twisting-nether,9,Social,Social,false,false,0,0,0.0,null,null
Bundalengers,Shaman,twisting-nether,9,Social,Social,false,false,0,0,0.0,null,null
Bameesi,Evoker,twisting-nether,3,Officer Alt,Officer,true,false,0,0,0.0,null,null
Cuminbum,Mage,twisting-nether,9,Social,Social,false,false,0,0,0.0,null,null
Leanus,Druid,twisting-nether,3,Officer Alt,Officer,true,true,163,163,100.0,2025-08-31,2021-01-25
Lunasnow,Mage,twisting-nether,8,Trial,Trial,true,true,9,9,100.0,2026-04-15,2026-03-18
Olliedre,Evoker,twisting-nether,6,Raider Alt,Raider Alt,false,false,0,0,0.0,null,null
Toxicox,Death Knight,twisting-nether,3,Officer Alt,Officer,true,false,0,0,0.0,null,null
Megafan,Shaman,twisting-nether,9,Social,Social,false,false,0,0,0.0,null,null
Momobaffle,Evoker,twisting-nether,6,Raider Alt,Raider Alt,false,false,0,0,0.0,null,null
Zredots,Warlock,draenor,9,Social,Social,false,false,0,0,0.0,null,null
Oceanblvd,Druid,twisting-nether,6,Raider Alt,Raider Alt,false,true,3,3,100.0,2025-09-14,2025-04-30
Razztwo,Paladin,twisting-nether,9,Social,Social,false,false,0,0,0.0,null,null
Zenovia,Rogue,twisting-nether,9,Social,Social,false,false,0,0,0.0,null,null
Zipzeep,Evoker,twisting-nether,9,Social,Social,false,false,0,0,0.0,null,null
Getfresh,Warrior,twisting-nether,9,Social,Social,false,true,18,18,100.0,2024-11-20,2023-01-01
Ragret,Demon Hunter,twisting-nether,6,Raider Alt,Raider Alt,false,false,0,0,0.0,null,null
Smegontoast,Monk,twisting-nether,9,Social,Social,false,false,0,0,0.0,null,null
Swolic,Paladin,twisting-nether,9,Social,Social,false,false,0,0,0.0,null,null
Bamee,Death Knight,twisting-nether,3,Officer Alt,Officer,true,false,0,0,0.0,null,null
Gungamalunga,Paladin,twisting-nether,9,Social,Social,false,false,0,0,0.0,null,null
Kinemacolor,Evoker,twisting-nether,6,Raider Alt,Raider Alt,false,false,0,0,0.0,null,null
Yeshoney,Death Knight,twisting-nether,9,Social,Social,false,false,0,0,0.0,null,null
Bigbeartank,Druid,twisting-nether,9,Social,Social,false,true,18,18,100.0,2024-11-25,2024-09-29
Clank,Death Knight,twisting-nether,9,Social,Social,false,false,0,0,0.0,null,null
Shroudgale,Druid,twisting-nether,9,Social,Social,false,false,0,0,0.0,null,null
Midnight,Mage,silvermoon,5,Raider,Raider,true,true,11,11,100.0,2026-04-15,2026-01-26
Ekzykes,Evoker,twisting-nether,9,Social,Social,false,false,0,0,0.0,null,null
Jayjar,Warrior,silvermoon,9,Social,Social,false,false,0,0,0.0,null,null
Nurribit,Mage,argent-dawn,9,Social,Social,false,true,1,1,100.0,2025-07-06,2025-07-06
Fallingpala,Paladin,azjolnerub,9,Social,Social,false,false,0,0,0.0,null,null
Coochie,Warrior,twisting-nether,9,Social,Social,false,false,0,0,0.0,null,null
Freshdemon,Demon Hunter,twisting-nether,9,Social,Social,false,true,2,2,100.0,2023-05-28,2021-09-13
Larssonadin,Paladin,twisting-nether,7,Bestie,Bestie,false,true,15,15,100.0,2025-03-19,2024-04-29
Mleko,Priest,twisting-nether,6,Raider Alt,Raider Alt,false,true,3,3,100.0,2026-04-15,2024-04-29
Desiring,Rogue,twisting-nether,6,Raider Alt,Raider Alt,false,true,1,1,100.0,2024-10-23,2024-10-23
Wanna,Druid,twisting-nether,9,Social,Social,false,false,0,0,0.0,null,null
Barude,Shaman,twisting-nether,9,Social,Social,false,false,0,0,0.0,null,null
Coodywoo,Mage,twisting-nether,9,Social,Social,false,false,0,0,0.0,null,null
Inqu,Monk,twisting-nether,9,Social,Social,false,false,0,0,0.0,null,null
Lòómy,Shaman,twisting-nether,6,Raider Alt,Raider Alt,false,true,1,1,100.0,2025-05-18,2025-05-18
Spaniel,Paladin,twisting-nether,9,Social,Social,false,false,0,0,0.0,null,null
Raizelsham,Shaman,twisting-nether,9,Social,Social,false,false,0,0,0.0,null,null
Bensmage,Mage,twisting-nether,7,Bestie,Bestie,false,true,4,4,100.0,2024-05-06,2023-09-13
Kátákúrí,Hunter,twisting-nether,9,Social,Social,false,true,1,1,100.0,2023-05-21,2023-05-21
Wardprowse,Warlock,twisting-nether,9,Social,Social,false,false,0,0,0.0,null,null
Rywar,Warrior,twisting-nether,9,Social,Social,false,false,0,0,0.0,null,null
Koriekin,Druid,silvermoon,9,Social,Social,false,true,22,22,100.0,2025-07-30,2025-05-18
Spruutpess,Monk,twisting-nether,9,Social,Social,false,true,2,2,100.0,2023-06-04,2023-05-28
Sprutpiss,Warrior,twisting-nether,9,Social,Social,false,true,23,23,100.0,2022-05-23,2022-03-02
Everz,Druid,twisting-nether,6,Raider Alt,Raider Alt,false,false,0,0,0.0,null,null
Brazzershill,Shaman,twisting-nether,9,Social,Social,false,true,57,57,100.0,2022-02-25,2021-07-21
Zafahunt,Hunter,twisting-nether,9,Social,Social,false,false,0,0,0.0,null,null
Enhensy,Shaman,twisting-nether,9,Social,Social,false,false,0,0,0.0,null,null
Smallboiples,Druid,twisting-nether,9,Social,Social,false,false,0,0,0.0,null,null
Hobbyalkis,Rogue,twisting-nether,2,Officer,Officer,true,true,360,360,100.0,2026-04-15,2021-01-25
Whirlyboi,Warrior,twisting-nether,6,Raider Alt,Raider Alt,false,false,0,0,0.0,null,null
Misomiso,Rogue,silvermoon,9,Social,Social,false,false,0,0,0.0,null,null
Microwaves,Demon Hunter,twisting-nether,6,Raider Alt,Raider Alt,false,true,3,3,100.0,2025-07-30,2025-07-06
Wrathfel,Demon Hunter,twisting-nether,9,Social,Social,false,false,0,0,0.0,null,null
Smonkste,Monk,twisting-nether,9,Social,Social,false,true,43,43,100.0,2025-03-26,2022-09-14
Sprutpesset,Mage,twisting-nether,7,Bestie,Bestie,false,false,0,0,0.0,null,null
Áphelios,Death Knight,anachronos,9,Social,Social,false,false,0,0,0.0,null,null
Dùn,Paladin,twisting-nether,9,Social,Social,false,true,3,3,100.0,2021-03-21,2021-03-21
Pianofan,Rogue,twisting-nether,9,Social,Social,false,false,0,0,0.0,null,null
Nikaea,Evoker,twisting-nether,9,Social,Social,false,true,1,1,100.0,2023-05-28,2023-05-28
Shrekhulk,Warrior,twisting-nether,6,Raider Alt,Raider Alt,false,true,1,1,100.0,2025-07-06,2025-07-06
Sprutpessm,Monk,twisting-nether,9,Social,Social,false,false,0,0,0.0,null,null
Eroguro,Death Knight,twisting-nether,6,Raider Alt,Raider Alt,false,false,0,0,0.0,null,null
Trijin,Rogue,twisting-nether,9,Social,Social,false,false,0,0,0.0,null,null
Gretman,Warrior,twisting-nether,9,Social,Social,false,false,0,0,0.0,null,null
Peecraft,Warrior,twisting-nether,9,Social,Social,false,false,0,0,0.0,null,null
Roalock,Warlock,twisting-nether,9,Social,Social,false,true,12,12,100.0,2022-03-16,2021-03-07
Smithyboy,Demon Hunter,twisting-nether,9,Social,Social,false,false,0,0,0.0,null,null
Dion,Hunter,twisting-nether,9,Social,Social,false,true,10,10,100.0,2021-03-21,2021-02-07
Lnr,Warrior,twisting-nether,9,Social,Social,false,false,0,0,0.0,null,null
Spookieez,Warrior,twisting-nether,9,Social,Social,false,false,0,0,0.0,null,null
Montrossian,Rogue,twisting-nether,9,Social,Social,false,false,0,0,0.0,null,null
Rollmeagret,Monk,twisting-nether,9,Social,Social,false,false,0,0,0.0,null,null
Sebisdead,Death Knight,twisting-nether,6,Raider Alt,Raider Alt,false,false,0,0,0.0,null,null
Zixh,Hunter,twisting-nether,7,Bestie,Bestie,false,false,0,0,0.0,null,null
Shuntste,Hunter,twisting-nether,9,Social,Social,false,false,0,0,0.0,null,null
Phylactery,Death Knight,twisting-nether,9,Social,Social,false,true,1,1,100.0,2023-01-22,2023-01-22
Tiakra,Druid,argent-dawn,6,Raider Alt,Raider Alt,false,false,0,0,0.0,null,null
Mummyissues,Demon Hunter,twisting-nether,9,Social,Social,false,false,0,0,0.0,null,null
Roaviel,Paladin,twisting-nether,9,Social,Social,false,true,3,3,100.0,2023-05-21,2021-08-29
Yeababy,Rogue,twisting-nether,9,Social,Social,false,false,0,0,0.0,null,null
Alexmae,Priest,twisting-nether,9,Social,Social,false,true,12,12,100.0,2026-01-26,2021-08-15
Freshkick,Monk,twisting-nether,9,Social,Social,false,true,1,1,100.0,2024-01-07,2024-01-07
Evestirwin,Demon Hunter,twisting-nether,3,Officer Alt,Officer,true,true,5,5,100.0,2025-07-06,2024-06-05
Swolock,Warlock,twisting-nether,9,Social,Social,false,false,0,0,0.0,null,null
Sillykitten,Warrior,twisting-nether,9,Social,Social,false,false,0,0,0.0,null,null
Dointer,Paladin,twisting-nether,9,Social,Social,false,false,0,0,0.0,null,null
Maisha,Evoker,twisting-nether,9,Social,Social,false,false,0,0,0.0,null,null
Ney,Priest,twisting-nether,6,Raider Alt,Raider Alt,false,true,1,1,100.0,2025-08-31,2025-08-31
Nomagé,Mage,twisting-nether,9,Social,Social,false,false,0,0,0.0,null,null
Wannerlock,Warlock,twisting-nether,6,Raider Alt,Raider Alt,false,false,0,0,0.0,null,null
Bludjaw,Warlock,twisting-nether,9,Social,Social,false,false,0,0,0.0,null,null
Linirune,Death Knight,twisting-nether,3,Officer Alt,Officer,true,true,2,2,100.0,2024-10-02,2024-09-29
Voidlooper,Rogue,twisting-nether,9,Social,Social,false,false,0,0,0.0,null,null
Zafadk,Death Knight,twisting-nether,9,Social,Social,false,false,0,0,0.0,null,null
Hoptronix,Monk,twisting-nether,9,Social,Social,false,false,0,0,0.0,null,null
Rättball,Paladin,twisting-nether,3,Officer Alt,Officer,true,false,0,0,0.0,null,null
Devouthooves,Paladin,twisting-nether,3,Officer Alt,Officer,true,false,0,0,0.0,null,null
Isalta,Hunter,twisting-nether,9,Social,Social,false,false,0,0,0.0,null,null
Diesofcringe,Paladin,twisting-nether,9,Social,Social,false,true,2,2,100.0,2025-05-18,2025-03-09
Lyonpanda,Monk,twisting-nether,9,Social,Social,false,false,0,0,0.0,null,null
Ronkeklut,Demon Hunter,twisting-nether,9,Social,Social,false,false,0,0,0.0,null,null
Sumika,Warlock,twisting-nether,9,Social,Social,false,false,0,0,0.0,null,null
Arrpee,Rogue,twisting-nether,9,Social,Social,false,false,0,0,0.0,null,null
Growlerwillz,Warrior,twisting-nether,9,Social,Social,false,false,0,0,0.0,null,null
Deadstripper,Death Knight,twisting-nether,9,Social,Social,false,true,4,4,100.0,2021-02-24,2021-02-14
Greenbatty,Warrior,twisting-nether,9,Social,Social,false,false,0,0,0.0,null,null
Ilovebigd,Druid,twisting-nether,9,Social,Social,false,true,2,2,100.0,2025-05-04,2022-12-18
Needafive,Rogue,twisting-nether,9,Social,Social,false,false,0,0,0.0,null,null
Yearning,Monk,twisting-nether,5,Raider,Raider,true,true,119,119,100.0,2026-04-15,2024-01-10
Bendobbe,Rogue,twisting-nether,9,Social,Social,false,true,1,1,100.0,2021-07-21,2021-07-21
Riyah,Warrior,defias-brotherhood,6,Raider Alt,Raider Alt,false,false,0,0,0.0,null,null
Ihagu,Druid,twisting-nether,9,Social,Social,false,false,0,0,0.0,null,null
Unrecorded,Mage,twisting-nether,7,Bestie,Bestie,false,true,136,136,100.0,2025-07-02,2023-01-22
Hejnus,Shaman,twisting-nether,9,Social,Social,false,true,56,56,100.0,2023-10-25,2023-02-22
Teraela,Death Knight,twisting-nether,9,Social,Social,false,false,0,0,0.0,null,null
Nathila,Evoker,twisting-nether,9,Social,Social,false,false,0,0,0.0,null,null
Yearns,Shaman,twisting-nether,9,Social,Social,false,false,0,0,0.0,null,null
Roaman,Shaman,twisting-nether,9,Social,Social,false,true,3,3,100.0,2021-02-28,2021-02-28
Samarie,Warrior,twisting-nether,9,Social,Social,false,true,1,1,100.0,2024-09-29,2024-09-29
Fatchungus,Death Knight,twisting-nether,9,Social,Social,false,false,0,0,0.0,null,null
Peeheal,Priest,twisting-nether,6,Raider Alt,Raider Alt,false,true,1,1,100.0,2024-09-15,2024-09-15
Roropriest,Priest,kazzak,9,Social,Social,false,true,9,9,100.0,2025-03-26,2023-07-24
Temiri,Druid,twisting-nether,9,Social,Social,false,false,0,0,0.0,null,null
Eludepriest,Priest,twisting-nether,9,Social,Social,false,false,0,0,0.0,null,null
Wafflebro,Priest,twisting-nether,9,Social,Social,false,false,0,0,0.0,null,null
Argentvixen,Paladin,twisting-nether,9,Social,Social,false,true,1,1,100.0,2023-06-04,2023-06-04
Ilovepoo,Monk,twisting-nether,9,Social,Social,false,false,0,0,0.0,null,null
Dwarlocks,Warlock,twisting-nether,9,Social,Social,false,false,0,0,0.0,null,null
Tallawinga,Shaman,twisting-nether,6,Raider Alt,Raider Alt,false,false,0,0,0.0,null,null
Razzone,Druid,twisting-nether,9,Social,Social,false,false,0,0,0.0,null,null
Watercloset,Shaman,twisting-nether,9,Social,Social,false,false,0,0,0.0,null,null
Axonea,Shaman,twisting-nether,6,Raider Alt,Raider Alt,false,true,81,81,100.0,2025-03-05,2021-01-27
Grettie,Priest,twisting-nether,9,Social,Social,false,false,0,0,0.0,null,null
Shutaku,Rogue,twisting-nether,9,Social,Social,false,false,0,0,0.0,null,null
Smellyvision,Demon Hunter,twisting-nether,9,Social,Social,false,false,0,0,0.0,null,null
Bigglaiveguy,Demon Hunter,twisting-nether,9,Social,Social,false,false,0,0,0.0,null,null
Piyan,Monk,twisting-nether,6,Raider Alt,Raider Alt,false,true,24,24,100.0,2025-11-05,2025-08-25
Snibsi,Rogue,twisting-nether,9,Social,Social,false,false,0,0,0.0,null,null
Socialqs,Paladin,twisting-nether,6,Raider Alt,Raider Alt,false,true,11,11,100.0,2025-09-14,2024-04-29
Bashin,Warrior,twisting-nether,9,Social,Social,false,true,34,34,100.0,2021-04-05,2021-01-27
Pints,Warrior,twisting-nether,9,Social,Social,false,false,0,0,0.0,null,null
Clomp,Mage,twisting-nether,9,Social,Social,false,true,131,131,100.0,2024-09-25,2021-07-19
Thread,Evoker,twisting-nether,6,Raider Alt,Raider Alt,false,false,0,0,0.0,null,null
Aliosha,Priest,twisting-nether,6,Raider Alt,Raider Alt,false,false,0,0,0.0,null,null
Wunderwicz,Death Knight,twisting-nether,3,Officer Alt,Officer,true,false,0,0,0.0,null,null
Momoswol,Hunter,twisting-nether,7,Bestie,Bestie,false,false,0,0,0.0,null,null
Lanafelrèy,Warlock,tarren-mill,9,Social,Social,false,false,0,0,0.0,null,null
Pippsie,Warrior,twisting-nether,9,Social,Social,false,false,0,0,0.0,null,null
Koriemage,Mage,silvermoon,9,Social,Social,false,false,0,0,0.0,null,null
Momolaena,Rogue,twisting-nether,3,Officer Alt,Officer,true,false,0,0,0.0,null,null
Zox,Monk,kazzak,7,Bestie,Bestie,false,false,0,0,0.0,null,null
Bæleg,Monk,twisting-nether,9,Social,Social,false,false,0,0,0.0,null,null
Pistachios,Monk,twisting-nether,6,Raider Alt,Raider Alt,false,true,16,16,100.0,2024-11-03,2023-12-10
Fibres,Mage,twisting-nether,7,Bestie,Bestie,false,true,9,9,100.0,2024-11-24,2021-03-21
Freebowjobz,Hunter,twisting-nether,6,Raider Alt,Raider Alt,false,false,0,0,0.0,null,null
Freshrune,Death Knight,twisting-nether,7,Bestie,Bestie,false,true,201,201,100.0,2024-11-25,2021-07-28
Olixbrew,Monk,twisting-nether,9,Social,Social,false,true,1,1,100.0,2021-08-10,2021-08-10
Annawicz,Priest,twisting-nether,9,Social,Social,false,false,0,0,0.0,null,null
Jefrypahmper,Mage,twisting-nether,7,Bestie,Bestie,false,false,0,0,0.0,null,null
Keenus,Warrior,twisting-nether,3,Officer Alt,Officer,true,false,0,0,0.0,null,null
Selthiel,Priest,ravencrest,8,Trial,Trial,true,true,5,5,100.0,2026-04-01,2026-03-18
Raizelmonk,Monk,twisting-nether,9,Social,Social,false,false,0,0,0.0,null,null
Zeblgar,Mage,twisting-nether,9,Social,Social,false,false,0,0,0.0,null,null
Dildotoes,Monk,twisting-nether,9,Social,Social,false,false,0,0,0.0,null,null
Roamage,Mage,twisting-nether,9,Social,Social,false,true,17,17,100.0,2022-09-12,2021-02-21
Rorovoker,Evoker,kazzak,7,Bestie,Bestie,false,true,8,8,100.0,2024-10-02,2023-10-18
Rumiedk,Death Knight,sylvanas,9,Social,Social,false,false,0,0,0.0,null,null
Aktais,Mage,twisting-nether,9,Social,Social,false,true,1,1,100.0,2021-02-07,2021-02-07
Uvuwevwevwe,Warrior,twisting-nether,9,Social,Social,false,false,0,0,0.0,null,null
Wanchan,Mage,twisting-nether,7,Bestie,Bestie,false,true,90,90,100.0,2025-07-02,2021-04-04
Soulsharts,Warlock,twisting-nether,9,Social,Social,false,false,0,0,0.0,null,null
Iberian,Rogue,twisting-nether,9,Social,Social,false,false,0,0,0.0,null,null
Bontito,Warlock,ravencrest,9,Social,Social,false,false,0,0,0.0,null,null
Fatballs,Death Knight,twisting-nether,6,Raider Alt,Raider Alt,false,false,0,0,0.0,null,null
Karllia,Demon Hunter,argent-dawn,5,Raider,Raider,true,true,37,37,100.0,2026-04-15,2025-10-20
Yearningsham,Shaman,twisting-nether,6,Raider Alt,Raider Alt,false,false,0,0,0.0,null,null
Estrogel,Evoker,twisting-nether,8,Trial,Trial,true,true,5,5,100.0,2026-04-15,2026-04-01
Megachomber,Death Knight,ravencrest,8,Trial,Trial,true,true,10,10,100.0,2026-04-15,2026-03-18
Petunia,Priest,twisting-nether,9,Social,Social,false,true,1,1,100.0,2023-12-27,2023-12-27
Sparkleshine,Shaman,twisting-nether,9,Social,Social,false,false,0,0,0.0,null,null
Bigyeeter,Hunter,twisting-nether,9,Social,Social,false,false,0,0,0.0,null,null
Coldguy,Death Knight,twisting-nether,9,Social,Social,false,false,0,0,0.0,null,null
Swoltank,Warrior,twisting-nether,9,Social,Social,false,false,0,0,0.0,null,null
Sogoo,Druid,twisting-nether,9,Social,Social,false,false,0,0,0.0,null,null
Chikófte,Monk,twisting-nether,9,Social,Social,false,false,0,0,0.0,null,null
Elfeyes,Hunter,twisting-nether,6,Raider Alt,Raider Alt,false,true,67,67,100.0,2022-08-22,2021-08-30
Roadruid,Druid,twisting-nether,9,Social,Social,false,true,194,194,100.0,2023-12-20,2021-01-25
Éggyolk,Mage,twisting-nether,9,Social,Social,false,false,0,0,0.0,null,null
Turbohot,Hunter,twisting-nether,5,Raider,Raider,true,true,211,211,100.0,2026-04-15,2022-03-02
Zlators,Druid,twisting-nether,9,Social,Social,false,false,0,0,0.0,null,null
Aypeross,Warlock,twisting-nether,9,Social,Social,false,false,0,0,0.0,null,null
Gigalin,Rogue,twisting-nether,3,Officer Alt,Officer,true,false,0,0,0.0,null,null
Nodruìd,Druid,twisting-nether,9,Social,Social,false,true,1,1,100.0,2023-01-01,2023-01-01
Enjidru,Druid,twisting-nether,9,Social,Social,false,false,0,0,0.0,null,null
Coomslayer,Druid,twisting-nether,9,Social,Social,false,false,0,0,0.0,null,null
Nipnibbler,Shaman,twisting-nether,9,Social,Social,false,false,0,0,0.0,null,null
Romix,Demon Hunter,twisting-nether,6,Raider Alt,Raider Alt,false,false,0,0,0.0,null,null
Scran,Warlock,twisting-nether,9,Social,Social,false,false,0,0,0.0,null,null
Deredeemer,Paladin,twisting-nether,6,Raider Alt,Raider Alt,false,true,2,2,100.0,2024-11-24,2023-02-26
Badassgal,Demon Hunter,twisting-nether,9,Social,Social,false,true,6,6,100.0,2023-12-10,2021-07-26
Swol,Rogue,twisting-nether,9,Social,Social,false,true,1,1,100.0,2023-01-22,2023-01-22
Larssondemon,Demon Hunter,twisting-nether,6,Raider Alt,Raider Alt,false,true,2,2,100.0,2024-10-23,2023-12-10
Peeporagin,Warrior,twisting-nether,6,Raider Alt,Raider Alt,false,true,2,2,100.0,2021-09-02,2021-09-02
Feilfarga,Hunter,twisting-nether,9,Social,Social,false,true,2,2,100.0,2024-09-30,2024-09-15
Freshp,Priest,twisting-nether,9,Social,Social,false,false,0,0,0.0,null,null
Thype,Mage,ravencrest,8,Trial,Trial,true,true,1,1,100.0,2026-03-18,2026-03-18
Nailpolish,Death Knight,twisting-nether,6,Raider Alt,Raider Alt,false,false,0,0,0.0,null,null
Skurp,Shaman,twisting-nether,9,Social,Social,false,false,0,0,0.0,null,null
Haramnir,Rogue,twisting-nether,9,Social,Social,false,false,0,0,0.0,null,null
Shovel,Druid,twisting-nether,9,Social,Social,false,false,0,0,0.0,null,null
Momoyellie,Priest,twisting-nether,6,Raider Alt,Raider Alt,false,false,0,0,0.0,null,null
Paaddyy,Mage,twisting-nether,9,Social,Social,false,false,0,0,0.0,null,null
Dracthyrdeez,Evoker,twisting-nether,9,Social,Social,false,false,0,0,0.0,null,null
Misery,Demon Hunter,twisting-nether,6,Raider Alt,Raider Alt,false,false,0,0,0.0,null,null
Mægiisk,Shaman,twisting-nether,6,Raider Alt,Raider Alt,false,true,3,3,100.0,2025-07-30,2024-11-24
Sebdos,Evoker,twisting-nether,9,Social,Social,false,false,0,0,0.0,null,null
Sprutpess,Hunter,twisting-nether,9,Social,Social,false,true,2,2,100.0,2022-08-17,2022-08-15
Yevie,Priest,twisting-nether,2,Officer,Officer,true,true,27,27,100.0,2026-04-15,2021-02-07
Codders,Mage,twisting-nether,9,Social,Social,false,true,93,93,100.0,2025-05-18,2021-07-12
Fauxcoated,Monk,twisting-nether,3,Officer Alt,Officer,true,true,4,4,100.0,2025-09-14,2023-12-10
Benswarrior,Warrior,twisting-nether,9,Social,Social,false,true,2,2,100.0,2023-03-13,2023-03-06
Minikhan,Warrior,twisting-nether,9,Social,Social,false,true,1,1,100.0,2023-12-27,2023-12-27
Kavajfyllo,Warlock,twisting-nether,6,Raider Alt,Raider Alt,false,false,0,0,0.0,null,null
Yearningmage,Mage,twisting-nether,6,Raider Alt,Raider Alt,false,true,1,1,100.0,2025-05-04,2025-05-04
Caterm,Monk,twisting-nether,9,Social,Social,false,true,1,1,100.0,2025-03-16,2025-03-16
Rivey,Monk,defias-brotherhood,5,Raider,Raider,true,true,16,16,100.0,2026-04-15,2025-11-23
Zmiyata,Evoker,twisting-nether,6,Raider Alt,Raider Alt,false,false,0,0,0.0,null,null
Dribblering,Evoker,twisting-nether,9,Social,Social,false,true,53,53,100.0,2024-09-15,2023-05-24
Hydraxa,Mage,twisting-nether,3,Officer Alt,Officer,true,false,0,0,0.0,null,null
Rizzleton,Shaman,silvermoon,7,Bestie,Bestie,false,true,44,44,100.0,2025-07-16,2024-11-20
Hakkaa,Paladin,twisting-nether,9,Social,Social,false,false,0,0,0.0,null,null
Sippy,Paladin,twisting-nether,9,Social,Social,false,false,0,0,0.0,null,null
Sanguina,Death Knight,twisting-nether,9,Social,Social,false,false,0,0,0.0,null,null
Betterjngler,Druid,twisting-nether,9,Social,Social,false,true,4,4,100.0,2021-02-24,2021-01-25
Abbiemage,Mage,twisting-nether,9,Social,Social,false,false,0,0,0.0,null,null
Djungelskog,Warlock,twisting-nether,9,Social,Social,false,true,1,1,100.0,2024-10-27,2024-10-27
Swolorc,Death Knight,twisting-nether,9,Social,Social,false,false,0,0,0.0,null,null
Elydiel,Paladin,twisting-nether,9,Social,Social,false,true,6,6,100.0,2023-12-13,2023-11-15
Gretleaf,Shaman,twisting-nether,9,Social,Social,false,false,0,0,0.0,null,null
Uppies,Monk,twisting-nether,6,Raider Alt,Raider Alt,false,false,0,0,0.0,null,null
Spagot,Mage,twisting-nether,6,Raider Alt,Raider Alt,false,true,6,6,100.0,2021-09-13,2021-08-10
Tylenne,Hunter,silvermoon,6,Raider Alt,Raider Alt,false,true,1,1,100.0,2025-06-18,2025-06-18
Turbosaga,Warrior,twisting-nether,9,Social,Social,false,false,0,0,0.0,null,null
Freshbear,Druid,twisting-nether,9,Social,Social,false,false,0,0,0.0,null,null
Kátakúrí,Warrior,twisting-nether,9,Social,Social,false,false,0,0,0.0,null,null
Rightairpod,Mage,twisting-nether,7,Bestie,Bestie,false,true,15,15,100.0,2024-11-13,2024-09-11
Zób,Shaman,twisting-nether,9,Social,Social,false,true,2,2,100.0,2024-10-30,2024-10-13
Coffeebeans,Shaman,twisting-nether,6,Raider Alt,Raider Alt,false,true,5,5,100.0,2025-08-31,2024-10-30
Elfesteem,Mage,twisting-nether,9,Social,Social,false,true,3,3,100.0,2022-08-31,2022-08-22
Obsessing,Death Knight,twisting-nether,9,Social,Social,false,true,1,1,100.0,2024-06-12,2024-06-12
Nogin,Death Knight,twisting-nether,9,Social,Social,false,false,0,0,0.0,null,null
Roaw,Warrior,twisting-nether,9,Social,Social,false,false,0,0,0.0,null,null
Aideên,Demon Hunter,twisting-nether,9,Social,Social,false,true,3,3,100.0,2024-06-05,2024-05-15
Leaf,Druid,lightbringer,9,Social,Social,false,false,0,0,0.0,null,null
Lickiton,Warlock,twisting-nether,9,Social,Social,false,false,0,0,0.0,null,null
Eloomie,Druid,twisting-nether,9,Social,Social,false,true,11,11,100.0,2022-03-07,2021-07-07
Pearldrake,Evoker,tarren-mill,6,Raider Alt,Raider Alt,false,false,0,0,0.0,null,null
Temiria,Warrior,twisting-nether,3,Officer Alt,Officer,true,false,0,0,0.0,null,null
Cherven,Death Knight,twisting-nether,6,Raider Alt,Raider Alt,false,true,46,46,100.0,2026-01-26,2024-09-15
Maegisk,Monk,twisting-nether,6,Raider Alt,Raider Alt,false,false,0,0,0.0,null,null
Radiovisions,Hunter,twisting-nether,6,Raider Alt,Raider Alt,false,false,0,0,0.0,null,null
Tangrowth,Druid,twisting-nether,9,Social,Social,false,false,0,0,0.0,null,null
Enjito,Priest,twisting-nether,9,Social,Social,false,false,0,0,0.0,null,null
Trashorwhat,Demon Hunter,twisting-nether,9,Social,Social,false,false,0,0,0.0,null,null
Darklife,Priest,twisting-nether,9,Social,Social,false,false,0,0,0.0,null,null
Feetpicshere,Rogue,twisting-nether,9,Social,Social,false,false,0,0,0.0,null,null
Shamchan,Shaman,twisting-nether,6,Raider Alt,Raider Alt,false,false,0,0,0.0,null,null
Sprutpesse,Priest,twisting-nether,7,Bestie,Bestie,false,true,2,2,100.0,2024-05-08,2024-05-01
Pattern,Warlock,twisting-nether,6,Raider Alt,Raider Alt,false,true,22,22,100.0,2025-09-14,2023-05-21
Ringpiece,Evoker,twisting-nether,9,Social,Social,false,false,0,0,0.0,null,null
Gigayevie,Demon Hunter,twisting-nether,9,Social,Social,false,false,0,0,0.0,null,null
Televisies,Priest,twisting-nether,9,Social,Social,false,false,0,0,0.0,null,null
Megabob,Warrior,twisting-nether,9,Social,Social,false,false,0,0,0.0,null,null
Earthspear,Druid,twisting-nether,9,Social,Social,false,false,0,0,0.0,null,null
Snuskpelle,Paladin,twisting-nether,9,Social,Social,false,false,0,0,0.0,null,null
Yearningsha,Shaman,twisting-nether,9,Social,Social,false,false,0,0,0.0,null,null
Waterfalls,Shaman,twisting-nether,3,Officer Alt,Officer,true,true,3,3,100.0,2024-09-29,2024-09-15
Glunch,Mage,twisting-nether,9,Social,Social,false,false,0,0,0.0,null,null
Cementstuck,Paladin,twisting-nether,6,Raider Alt,Raider Alt,false,true,4,4,100.0,2024-04-29,2022-08-29
Corvanna,Paladin,defias-brotherhood,9,Social,Social,false,false,0,0,0.0,null,null
Growlerhealz,Druid,twisting-nether,9,Social,Social,false,false,0,0,0.0,null,null
Pompqmoi,Mage,twisting-nether,8,Trial,Trial,true,true,2,2,100.0,2026-03-25,2026-03-25
Handcuffs,Warlock,twisting-nether,9,Social,Social,false,false,0,0,0.0,null,null
Cuddles,Death Knight,twisting-nether,6,Raider Alt,Raider Alt,false,true,12,12,100.0,2025-03-05,2024-05-08
Burya,Shaman,twisting-nether,6,Raider Alt,Raider Alt,false,false,0,0,0.0,null,null
Pixls,Paladin,twisting-nether,9,Social,Social,false,true,1,1,100.0,2024-06-05,2024-06-05
Temtem,Rogue,twisting-nether,3,Officer Alt,Officer,true,false,0,0,0.0,null,null
Misume,Paladin,twisting-nether,9,Social,Social,false,true,5,5,100.0,2021-03-07,2021-01-25
Yearnlock,Warlock,twisting-nether,6,Raider Alt,Raider Alt,false,true,2,2,100.0,2025-07-30,2025-07-30
Yearnwalker,Monk,twisting-nether,6,Raider Alt,Raider Alt,false,false,0,0,0.0,null,null
Cinnabonroll,Mage,twisting-nether,6,Raider Alt,Raider Alt,false,false,0,0,0.0,null,null
Temers,Mage,twisting-nether,3,Officer Alt,Officer,true,false,0,0,0.0,null,null
Jumzo,Paladin,sylvanas,5,Raider,Raider,true,true,101,101,100.0,2026-04-15,2024-09-15
Imigen,Hunter,twisting-nether,9,Social,Social,false,true,3,3,100.0,2021-02-14,2021-02-07
Astrolow,Shaman,twisting-nether,6,Raider Alt,Raider Alt,false,false,0,0,0.0,null,null
Bottlecap,Shaman,twisting-nether,9,Social,Social,false,false,0,0,0.0,null,null
Spiritboxx,Evoker,twisting-nether,9,Social,Social,false,false,0,0,0.0,null,null
Zren,Hunter,ravencrest,8,Trial,Trial,true,true,9,9,100.0,2026-04-15,2026-03-18
Prettylights,Paladin,twisting-nether,9,Social,Social,false,false,0,0,0.0,null,null
Sköddsköddna,Hunter,twisting-nether,6,Raider Alt,Raider Alt,false,true,7,7,100.0,2025-08-31,2025-05-04
Pissclamps,Evoker,twisting-nether,9,Social,Social,false,false,0,0,0.0,null,null
Zrenak,Shaman,ravencrest,9,Social,Social,false,true,24,24,100.0,2022-03-30,2022-01-10
Serthorn,Warrior,wildhammer,9,Social,Social,false,true,3,3,100.0,2024-10-13,2024-09-22
Hpal,Paladin,twisting-nether,9,Social,Social,false,true,4,4,100.0,2025-09-14,2021-02-21
Toeinmouth,Demon Hunter,twisting-nether,9,Social,Social,false,false,0,0,0.0,null,null
Banjoman,Death Knight,twisting-nether,9,Social,Social,false,true,6,6,100.0,2021-02-10,2021-01-25
Hobby,Rogue,twisting-nether,3,Officer Alt,Officer,true,false,0,0,0.0,null,null
Lasercat,Druid,twisting-nether,6,Raider Alt,Raider Alt,false,false,0,0,0.0,null,null
Gnearning,Mage,twisting-nether,6,Raider Alt,Raider Alt,false,true,2,2,100.0,2026-02-02,2026-01-26
Reminiscence,Death Knight,twisting-nether,6,Raider Alt,Raider Alt,false,true,8,8,100.0,2024-11-20,2024-09-22
Cynth,Demon Hunter,twisting-nether,9,Social,Social,false,false,0,0,0.0,null,null
Esnupi,Priest,kazzak,9,Social,Social,false,false,0,0,0.0,null,null
Vezren,Paladin,ravencrest,9,Social,Social,false,false,0,0,0.0,null,null
Iteshe,Demon Hunter,twisting-nether,9,Social,Social,false,false,0,0,0.0,null,null
Anakrai,Evoker,twisting-nether,9,Social,Social,false,true,1,1,100.0,2024-10-06,2024-10-06
Lickit,Warrior,twisting-nether,9,Social,Social,false,false,0,0,0.0,null,null
Zurco,Hunter,twisting-nether,9,Social,Social,false,true,4,4,100.0,2025-03-23,2021-08-15
Felwingers,Warlock,twisting-nether,3,Officer Alt,Officer,true,false,0,0,0.0,null,null
Turbolesbo,Demon Hunter,twisting-nether,9,Social,Social,false,false,0,0,0.0,null,null
Jonyboy,Warrior,twisting-nether,6,Raider Alt,Raider Alt,false,true,7,7,100.0,2026-02-02,2025-07-06
Lysol,Druid,twisting-nether,9,Social,Social,false,false,0,0,0.0,null,null
Janty,Druid,ravencrest,9,Social,Social,false,false,0,0,0.0,null,null
Larssoniest,Priest,twisting-nether,9,Social,Social,false,false,0,0,0.0,null,null
Liarielle,Demon Hunter,twisting-nether,9,Social,Social,false,false,0,0,0.0,null,null
Disorders,Warlock,twisting-nether,9,Social,Social,false,true,41,41,100.0,2026-02-02,2025-08-13
Isuckatret,Paladin,twisting-nether,9,Social,Social,false,false,0,0,0.0,null,null
Chungho,Shaman,twisting-nether,9,Social,Social,false,false,0,0,0.0,null,null
Peevoke,Evoker,twisting-nether,6,Raider Alt,Raider Alt,false,true,3,3,100.0,2024-09-29,2024-09-22
Vitohunn,Mage,twisting-nether,9,Social,Social,false,false,0,0,0.0,null,null
Larssondk,Death Knight,twisting-nether,7,Bestie,Bestie,false,true,35,35,100.0,2025-09-15,2023-01-18
Swanvoker,Evoker,twisting-nether,9,Social,Social,false,false,0,0,0.0,null,null
Gretbreak,Evoker,twisting-nether,9,Social,Social,false,false,0,0,0.0,null,null
Pubehead,Hunter,twisting-nether,9,Social,Social,false,true,2,2,100.0,2021-04-07,2021-04-07
Magicwingers,Evoker,twisting-nether,3,Officer Alt,Officer,true,true,228,228,100.0,2026-01-26,2023-01-22
Borpaspin,Shaman,tarren-mill,7,Bestie,Bestie,false,true,6,6,100.0,2025-02-17,2024-10-30
Glockseth,Monk,twisting-nether,9,Social,Social,false,false,0,0,0.0,null,null
Lummi,Priest,twisting-nether,9,Social,Social,false,true,1,1,100.0,2024-01-07,2024-01-07
Yeve,Warrior,twisting-nether,3,Officer Alt,Officer,true,false,0,0,0.0,null,null
Hyperbob,Warlock,twisting-nether,9,Social,Social,false,false,0,0,0.0,null,null
Murazo,Warrior,sylvanas,6,Raider Alt,Raider Alt,false,true,1,1,100.0,2026-01-26,2026-01-26
Mikerune,Death Knight,twisting-nether,9,Social,Social,false,false,0,0,0.0,null,null
Turcutte,Monk,twisting-nether,9,Social,Social,false,false,0,0,0.0,null,null
Testotessan,Paladin,twisting-nether,9,Social,Social,false,false,0,0,0.0,null,null
Televisions,Priest,twisting-nether,6,Raider Alt,Raider Alt,false,true,277,277,100.0,2026-01-20,2021-07-14
Cowmilkies,Rogue,twisting-nether,9,Social,Social,false,false,0,0,0.0,null,null
Shaldy,Shaman,twisting-nether,9,Social,Social,false,false,0,0,0.0,null,null
Zanelor,Paladin,twisting-nether,9,Social,Social,false,true,3,3,100.0,2021-02-24,2021-01-31
Spookumle,Death Knight,twisting-nether,6,Raider Alt,Raider Alt,false,false,0,0,0.0,null,null
Roapriest,Priest,twisting-nether,9,Social,Social,false,true,44,44,100.0,2023-07-17,2021-02-14
Kubo,Mage,twisting-nether,9,Social,Social,false,false,0,0,0.0,null,null
Pissfingers,Warrior,twisting-nether,9,Social,Social,false,false,0,0,0.0,null,null
Bootyhunt,Hunter,twisting-nether,9,Social,Social,false,false,0,0,0.0,null,null
Leanmon,Shaman,twisting-nether,3,Officer Alt,Officer,true,false,0,0,0.0,null,null
Sterlingdual,Druid,twisting-nether,9,Social,Social,false,true,7,7,100.0,2022-12-18,2021-04-18
Gaystripper,Paladin,twisting-nether,9,Social,Social,false,false,0,0,0.0,null,null
Hemerä,Priest,twisting-nether,9,Social,Social,false,true,3,3,100.0,2021-02-07,2021-01-31
Yearninglock,Warlock,twisting-nether,6,Raider Alt,Raider Alt,false,false,0,0,0.0,null,null
Severussnipe,Hunter,twisting-nether,9,Social,Social,false,false,0,0,0.0,null,null
Mechka,Druid,twisting-nether,6,Raider Alt,Raider Alt,false,true,2,2,100.0,2026-03-30,2026-02-02
Sotruebestie,Shaman,twisting-nether,9,Social,Social,false,true,2,2,100.0,2025-03-09,2022-09-14
Sprutpessen,Druid,twisting-nether,9,Social,Social,false,true,8,8,100.0,2025-11-23,2024-12-29
Runecog,Death Knight,argent-dawn,9,Social,Social,false,false,0,0,0.0,null,null
Sprutpeess,Warlock,twisting-nether,9,Social,Social,false,true,18,18,100.0,2023-02-20,2022-12-14
Delvur,Paladin,argent-dawn,6,Raider Alt,Raider Alt,false,true,9,9,100.0,2025-08-31,2025-06-23
Demonshagger,Warlock,twisting-nether,6,Raider Alt,Raider Alt,false,false,0,0,0.0,null,null
Larssonter,Hunter,twisting-nether,9,Social,Social,false,false,0,0,0.0,null,null
Temitiri,Shaman,twisting-nether,2,Officer,Officer,true,true,125,125,100.0,2026-01-20,2023-05-21
Throb,Shaman,twisting-nether,9,Social,Social,false,false,0,0,0.0,null,null
Burlyboy,Druid,twisting-nether,3,Officer Alt,Officer,true,false,0,0,0.0,null,null
Ibhere,Paladin,twisting-nether,9,Social,Social,false,false,0,0,0.0,null,null
Momobunni,Shaman,twisting-nether,4,Officer Alt,Officer,true,false,0,0,0.0,null,null
Gret,Rogue,twisting-nether,9,Social,Social,false,false,0,0,0.0,null,null
Huzz,Druid,twisting-nether,9,Social,Social,false,true,1,1,100.0,2025-11-23,2025-11-23
Stic,Warrior,twisting-nether,9,Social,Social,false,false,0,0,0.0,null,null
Maawong,Hunter,draenor,9,Social,Social,false,true,2,2,100.0,2024-09-18,2024-09-15
Timed,Rogue,twisting-nether,9,Social,Social,false,true,1,1,100.0,2024-09-11,2024-09-11
Celestias,Mage,twisting-nether,9,Social,Social,false,true,3,3,100.0,2021-09-08,2021-08-30
Elyne,Mage,twisting-nether,9,Social,Social,false,false,0,0,0.0,null,null
Fawning,Priest,twisting-nether,9,Social,Social,false,true,1,1,100.0,2024-04-29,2024-04-29
Boont,Warrior,ravencrest,9,Social,Social,false,false,0,0,0.0,null,null
Wingseb,Paladin,twisting-nether,9,Social,Social,false,true,4,4,100.0,2024-08-19,2024-05-29
Ensykitten,Warrior,twisting-nether,9,Social,Social,false,false,0,0,0.0,null,null
Huemon,Hunter,argent-dawn,6,Raider Alt,Raider Alt,false,false,0,0,0.0,null,null
Surgedealer,Druid,twisting-nether,9,Social,Social,false,true,2,2,100.0,2023-06-04,2023-05-15
Megasaga,Priest,twisting-nether,9,Social,Social,false,true,3,3,100.0,2021-09-02,2021-08-29
Enchi,Monk,twisting-nether,9,Social,Social,false,false,0,0,0.0,null,null
Monsterkuk,Demon Hunter,twisting-nether,6,Raider Alt,Raider Alt,false,true,10,10,100.0,2025-11-23,2024-05-29
Pangbruden,Hunter,twisting-nether,9,Social,Social,false,true,79,79,100.0,2024-01-08,2021-01-25
Blems,Warlock,twisting-nether,9,Social,Social,false,true,7,7,100.0,2023-07-05,2022-08-24
Yeviel,Paladin,twisting-nether,3,Officer Alt,Officer,true,true,116,116,100.0,2025-07-16,2021-01-25
Bamhurger,Monk,twisting-nether,9,Social,Social,false,true,1,1,100.0,2021-10-07,2021-10-07
Tweet,Monk,twisting-nether,9,Social,Social,false,true,3,3,100.0,2025-03-16,2025-03-05
Litclit,Warlock,twisting-nether,6,Raider Alt,Raider Alt,false,false,0,0,0.0,null,null
Roadh,Demon Hunter,twisting-nether,9,Social,Social,false,false,0,0,0.0,null,null
Elesebtalist,Shaman,twisting-nether,6,Raider Alt,Raider Alt,false,true,1,1,100.0,2026-02-02,2026-02-02
Eviane,Warlock,twisting-nether,9,Social,Social,false,false,0,0,0.0,null,null
Momorizzy,Demon Hunter,twisting-nether,3,Officer Alt,Officer,true,false,0,0,0.0,null,null
Olliegirl,Demon Hunter,twisting-nether,6,Raider Alt,Raider Alt,false,true,2,2,100.0,2024-04-29,2023-12-27
Yearningprie,Priest,twisting-nether,6,Raider Alt,Raider Alt,false,true,1,1,100.0,2024-11-24,2024-11-24
Freshthyr,Evoker,twisting-nether,6,Raider Alt,Raider Alt,false,false,0,0,0.0,null,null
Yellowbb,Paladin,twisting-nether,9,Social,Social,false,true,2,2,100.0,2024-10-13,2024-10-06
Bileplume,Rogue,twisting-nether,8,Trial,Trial,true,true,6,6,100.0,2026-04-15,2022-12-18
Ipswich,Demon Hunter,twisting-nether,9,Social,Social,false,false,0,0,0.0,null,null
Raslin,Shaman,twisting-nether,9,Social,Social,false,true,6,6,100.0,2022-09-12,2021-04-04
Emixz,Monk,silvermoon,9,Social,Social,false,false,0,0,0.0,null,null
Punchbowl,Monk,twisting-nether,6,Raider Alt,Raider Alt,false,false,0,0,0.0,null,null
Boneussy,Rogue,twisting-nether,9,Social,Social,false,false,0,0,0.0,null,null
Raidbuff,Demon Hunter,twisting-nether,9,Social,Social,false,true,2,2,100.0,2021-03-14,2021-03-14
Yearningdru,Druid,twisting-nether,6,Raider Alt,Raider Alt,false,true,1,1,100.0,2024-11-03,2024-11-03
Radiowaves,Warlock,twisting-nether,6,Raider Alt,Raider Alt,false,false,0,0,0.0,null,null
Watido,Hunter,twisting-nether,9,Social,Social,false,false,0,0,0.0,null,null
Jottenmage,Mage,twisting-nether,9,Social,Social,false,false,0,0,0.0,null,null
Lainovoz,Druid,twisting-nether,9,Social,Social,false,false,0,0,0.0,null,null
Asdann,Warlock,twisting-nether,9,Social,Social,false,false,0,0,0.0,null,null
Pledis,Death Knight,twisting-nether,3,Officer Alt,Officer,true,false,0,0,0.0,null,null
Scavell,Mage,twisting-nether,9,Social,Social,false,false,0,0,0.0,null,null
Roabrr,Hunter,twisting-nether,9,Social,Social,false,false,0,0,0.0,null,null
Sprutpissen,Shaman,twisting-nether,9,Social,Social,false,false,0,0,0.0,null,null
Funter,Hunter,twisting-nether,9,Social,Social,false,false,0,0,0.0,null,null
Smolsaga,Shaman,twisting-nether,9,Social,Social,false,false,0,0,0.0,null,null
Lilsidepiece,Death Knight,twisting-nether,9,Social,Social,false,false,0,0,0.0,null,null
Cumcuntx,Warrior,twisting-nether,9,Social,Social,false,false,0,0,0.0,null,null
Gretsmoker,Mage,twisting-nether,9,Social,Social,false,false,0,0,0.0,null,null
Rumie,Mage,sylvanas,9,Social,Social,false,false,0,0,0.0,null,null
Deeko,Warlock,twisting-nether,9,Social,Social,false,false,0,0,0.0,null,null
Manualdaniel,Priest,twisting-nether,9,Social,Social,false,true,1,1,100.0,2023-06-04,2023-06-04
Schmeat,Druid,twisting-nether,9,Social,Social,false,false,0,0,0.0,null,null
Ambopuss,Warlock,twisting-nether,9,Social,Social,false,false,0,0,0.0,null,null
Zurcos,Monk,twisting-nether,9,Social,Social,false,false,0,0,0.0,null,null
Daydreaming,Warrior,alakir,9,Social,Social,false,true,12,12,100.0,2025-09-24,2025-08-13
Oxhorde,Druid,twisting-nether,3,Officer Alt,Officer,true,true,33,33,100.0,2024-09-29,2022-03-06
Pisskink,Paladin,twisting-nether,9,Social,Social,false,false,0,0,0.0,null,null
Aktakniv,Rogue,twisting-nether,9,Social,Social,false,true,1,1,100.0,2021-08-15,2021-08-15
Dagger,Rogue,twisting-nether,6,Raider Alt,Raider Alt,false,true,3,3,100.0,2025-07-06,2024-09-15
Typ,Warrior,ravencrest,8,Trial,Trial,true,true,8,8,100.0,2026-04-15,2026-03-23
Malaenia,Warrior,twisting-nether,9,Social,Social,false,false,0,0,0.0,null,null
Sebaheoung,Warlock,twisting-nether,5,Raider,Raider,true,true,57,57,100.0,2026-04-15,2024-08-19
Stinkygirl,Priest,twisting-nether,9,Social,Social,false,false,0,0,0.0,null,null
Beé,Warlock,twisting-nether,9,Social,Social,false,true,1,1,100.0,2023-01-22,2023-01-22
Toastmachine,Paladin,twisting-nether,9,Social,Social,false,false,0,0,0.0,null,null
Tackostealth,Rogue,twisting-nether,9,Social,Social,false,false,0,0,0.0,null,null
Ghettopräst,Priest,twisting-nether,9,Social,Social,false,false,0,0,0.0,null,null
Valoura,Mage,twisting-nether,6,Raider Alt,Raider Alt,false,false,0,0,0.0,null,null
Norogue,Rogue,twisting-nether,9,Social,Social,false,false,0,0,0.0,null,null
Krywolf,Shaman,twisting-nether,9,Social,Social,false,false,0,0,0.0,null,null
Bleddo,Warlock,twisting-nether,9,Social,Social,false,false,0,0,0.0,null,null
Zapados,Shaman,twisting-nether,9,Social,Social,false,true,1,1,100.0,2024-04-29,2024-04-29
Dúl,Rogue,twisting-nether,9,Social,Social,false,false,0,0,0.0,null,null
Leanpean,Monk,twisting-nether,3,Officer Alt,Officer,true,false,0,0,0.0,null,null
Girldinner,Druid,twisting-nether,6,Raider Alt,Raider Alt,false,false,0,0,0.0,null,null
Yearnvoker,Evoker,silvermoon,6,Raider Alt,Raider Alt,false,true,18,18,100.0,2025-10-15,2025-08-13
Jadsbrew,Monk,twisting-nether,3,Officer Alt,Officer,true,false,0,0,0.0,null,null
Noroku,Druid,twisting-nether,9,Social,Social,false,true,10,10,100.0,2021-04-14,2021-03-28
Cussi,Hunter,twisting-nether,9,Social,Social,false,false,0,0,0.0,null,null
Rickis,Hunter,argent-dawn,9,Social,Social,false,false,0,0,0.0,null,null
Jumzegion,Paladin,sylvanas,9,Social,Social,false,false,0,0,0.0,null,null
Babybambam,Priest,twisting-nether,9,Social,Social,false,false,0,0,0.0,null,null
Microkick,Monk,argent-dawn,9,Social,Social,false,false,0,0,0.0,null,null
Shizzington,Warrior,twisting-nether,9,Social,Social,false,false,0,0,0.0,null,null
Espurr,Shaman,twisting-nether,9,Social,Social,false,false,0,0,0.0,null,null
Susybaka,Warlock,twisting-nether,9,Social,Social,false,false,0,0,0.0,null,null
Turboneek,Hunter,twisting-nether,9,Social,Social,false,false,0,0,0.0,null,null
Shouts,Warrior,twisting-nether,9,Social,Social,false,false,0,0,0.0,null,null
Alzaria,Priest,twisting-nether,9,Social,Social,false,true,34,34,100.0,2021-04-05,2021-01-25
Lucibull,Paladin,twisting-nether,9,Social,Social,false,false,0,0,0.0,null,null
Ashcandur,Warrior,argent-dawn,9,Social,Social,false,false,0,0,0.0,null,null
Magnark,Warrior,twisting-nether,9,Social,Social,false,false,0,0,0.0,null,null
Roux,Rogue,turalyon,9,Social,Social,false,true,1,1,100.0,2024-11-24,2024-11-24
Certi,Hunter,twisting-nether,9,Social,Social,false,false,0,0,0.0,null,null
Pierreshaman,Shaman,twisting-nether,9,Social,Social,false,false,0,0,0.0,null,null
Coddie,Priest,twisting-nether,9,Social,Social,false,true,4,4,100.0,2024-08-19,2023-01-22
Skrimp,Priest,twisting-nether,9,Social,Social,false,false,0,0,0.0,null,null
Skyhanter,Demon Hunter,twisting-nether,9,Social,Social,false,true,3,3,100.0,2026-04-08,2024-09-15
Leftairpod,Warrior,twisting-nether,9,Social,Social,false,false,0,0,0.0,null,null
Slickusrick,Hunter,twisting-nether,9,Social,Social,false,false,0,0,0.0,null,null
Smileplox,Warlock,twisting-nether,9,Social,Social,false,false,0,0,0.0,null,null
Althiel,Death Knight,kazzak,9,Social,Social,false,false,0,0,0.0,null,null
Aareena,Hunter,twisting-nether,9,Social,Social,false,false,0,0,0.0,null,null
Larssonhman,Shaman,twisting-nether,6,Raider Alt,Raider Alt,false,true,4,4,100.0,2024-10-02,2024-09-17
Ravenious,Hunter,twisting-nether,9,Social,Social,false,true,4,4,100.0,2024-09-22,2024-06-05
Eirwynzure,Druid,twisting-nether,9,Social,Social,false,true,76,76,100.0,2022-04-06,2021-07-14
Leafylily,Druid,silvermoon,9,Social,Social,false,false,0,0,0.0,null,null
Wraqoon,Hunter,twisting-nether,9,Social,Social,false,false,0,0,0.0,null,null
Director,Mage,twisting-nether,9,Social,Social,false,true,1,1,100.0,2024-09-29,2024-09-29
Hawktwarr,Warrior,twisting-nether,9,Social,Social,false,false,0,0,0.0,null,null
Willrrior,Warrior,twisting-nether,9,Social,Social,false,false,0,0,0.0,null,null
Bbt,Paladin,twisting-nether,9,Social,Social,false,false,0,0,0.0,null,null
Direshadow,Priest,twisting-nether,9,Social,Social,false,false,0,0,0.0,null,null
Stabula,Rogue,twisting-nether,9,Social,Social,false,false,0,0,0.0,null,null
Roadk,Death Knight,twisting-nether,9,Social,Social,false,false,0,0,0.0,null,null
Wahhn,Monk,twisting-nether,9,Social,Social,false,false,0,0,0.0,null,null
Neutralized,Hunter,twisting-nether,6,Raider Alt,Raider Alt,false,true,3,3,100.0,2025-08-31,2025-04-30
Sausage,Warlock,twisting-nether,9,Social,Social,false,false,0,0,0.0,null,null
Vaivo,Death Knight,twisting-nether,9,Social,Social,false,false,0,0,0.0,null,null
Yearningpala,Paladin,twisting-nether,9,Social,Social,false,false,0,0,0.0,null,null
Drunkdriving,Rogue,twisting-nether,9,Social,Social,false,false,0,0,0.0,null,null
Girlboss,Rogue,twisting-nether,3,Officer Alt,Officer,true,false,0,0,0.0,null,null
Jointsuckerr,Shaman,twisting-nether,8,Trial,Trial,true,true,6,6,100.0,2026-04-15,2024-09-15
Olliejaz,Monk,twisting-nether,6,Raider Alt,Raider Alt,false,false,0,0,0.0,null,null
Magazine,Hunter,twisting-nether,6,Raider Alt,Raider Alt,false,false,0,0,0.0,null,null
Harrowwar,Warrior,twisting-nether,9,Social,Social,false,false,0,0,0.0,null,null
Bpd,Warlock,twisting-nether,8,Trial,Trial,true,true,26,26,100.0,2026-03-30,2025-03-05
Keeksa,Demon Hunter,kazzak,9,Social,Social,false,true,5,5,100.0,2024-10-13,2024-09-22
Yevoo,Monk,twisting-nether,3,Officer Alt,Officer,true,true,4,4,100.0,2025-03-09,2023-02-26
Kumle,Paladin,twisting-nether,6,Raider Alt,Raider Alt,false,false,0,0,0.0,null,null
Inthesink,Shaman,twisting-nether,9,Social,Social,false,true,3,3,100.0,2021-03-21,2021-03-21
Ellude,Mage,twisting-nether,9,Social,Social,false,true,19,19,100.0,2022-05-02,2022-03-06
Mægisk,Rogue,twisting-nether,7,Bestie,Bestie,false,true,134,134,100.0,2026-01-20,2024-04-29
Olixbear,Druid,twisting-nether,9,Social,Social,false,true,19,19,100.0,2021-09-06,2021-07-19
Smeller,Hunter,twisting-nether,9,Social,Social,false,false,0,0,0.0,null,null
Swiftbrook,Druid,twisting-nether,9,Social,Social,false,false,0,0,0.0,null,null
Envy,Rogue,twisting-nether,9,Social,Social,false,false,0,0,0.0,null,null
Peelune,Druid,twisting-nether,6,Raider Alt,Raider Alt,false,true,1,1,100.0,2022-05-16,2022-05-16
Zalris,Warrior,ravencrest,9,Social,Social,false,true,9,9,100.0,2023-12-20,2023-11-15
Larssonior,Warrior,twisting-nether,9,Social,Social,false,false,0,0,0.0,null,null
Momojadsie,Priest,twisting-nether,3,Officer Alt,Officer,true,true,45,45,100.0,2025-06-18,2022-12-14
Aidreth,Priest,twisting-nether,6,Raider Alt,Raider Alt,false,true,1,1,100.0,2024-09-18,2024-09-18
Arrowshoot,Hunter,twisting-nether,6,Raider Alt,Raider Alt,false,false,0,0,0.0,null,null
Larssonock,Warlock,twisting-nether,9,Social,Social,false,true,16,16,100.0,2023-05-24,2021-01-31
Roamonk,Monk,twisting-nether,9,Social,Social,false,true,23,23,100.0,2021-09-13,2021-02-07
Öltotem,Shaman,twisting-nether,9,Social,Social,false,false,0,0,0.0,null,null
Kyrkoherden,Priest,twisting-nether,9,Social,Social,false,false,0,0,0.0,null,null
Nilanelle,Demon Hunter,silvermoon,9,Social,Social,false,false,0,0,0.0,null,null
Wiskers,Death Knight,twisting-nether,9,Social,Social,false,true,4,4,100.0,2025-08-31,2024-09-29
Cassettes,Warlock,twisting-nether,6,Raider Alt,Raider Alt,false,true,2,2,100.0,2025-05-18,2025-03-05
Cåck,Paladin,twisting-nether,6,Raider Alt,Raider Alt,false,false,0,0,0.0,null,null
Dabotanist,Druid,twisting-nether,9,Social,Social,false,false,0,0,0.0,null,null
Pissfreak,Priest,twisting-nether,9,Social,Social,false,false,0,0,0.0,null,null
Bananjägare,Demon Hunter,twisting-nether,6,Raider Alt,Raider Alt,false,true,5,5,100.0,2024-01-07,2023-02-26
Budgetgoku,Paladin,twisting-nether,5,Raider,Raider,true,true,57,57,100.0,2026-04-08,2023-12-10
Temra,Warlock,twisting-nether,3,Officer Alt,Officer,true,true,121,121,100.0,2024-10-06,2021-04-18
Batfight,Priest,twisting-nether,9,Social,Social,false,false,0,0,0.0,null,null
Chaechae,Mage,twisting-nether,9,Social,Social,false,false,0,0,0.0,null,null
Yeroshj,Monk,twisting-nether,9,Social,Social,false,false,0,0,0.0,null,null
Calviac,Shaman,twisting-nether,9,Social,Social,false,false,0,0,0.0,null,null
Ensyxo,Mage,twisting-nether,6,Raider Alt,Raider Alt,false,true,9,9,100.0,2026-02-02,2025-07-30
Sprutpessern,Demon Hunter,twisting-nether,9,Social,Social,false,false,0,0,0.0,null,null
Ketaminekate,Warlock,twisting-nether,9,Social,Social,false,false,0,0,0.0,null,null
Yearnt,Druid,twisting-nether,6,Raider Alt,Raider Alt,false,false,0,0,0.0,null,null
Shapeshifts,Druid,twisting-nether,9,Social,Social,false,false,0,0,0.0,null,null
Wannerdk,Death Knight,twisting-nether,6,Raider Alt,Raider Alt,false,true,10,10,100.0,2024-11-25,2024-10-13
Loknahar,Shaman,twisting-nether,6,Raider Alt,Raider Alt,false,true,34,34,100.0,2025-03-16,2024-10-02
Yearningwar,Warrior,twisting-nether,6,Raider Alt,Raider Alt,false,true,5,5,100.0,2025-03-16,2024-09-15
Kuntenserven,Evoker,twisting-nether,9,Social,Social,false,false,0,0,0.0,null,null
Shabloke,Shaman,twisting-nether,9,Social,Social,false,false,0,0,0.0,null,null
Remixin,Druid,twisting-nether,9,Social,Social,false,false,0,0,0.0,null,null
Waynerooney,Warrior,twisting-nether,9,Social,Social,false,false,0,0,0.0,null,null
Cîará,Death Knight,twisting-nether,9,Social,Social,false,false,0,0,0.0,null,null
Yearnknight,Death Knight,twisting-nether,9,Social,Social,false,true,1,1,100.0,2025-09-14,2025-09-14
Olixdk,Death Knight,twisting-nether,9,Social,Social,false,false,0,0,0.0,null,null
Glerm,Hunter,twisting-nether,7,Bestie,Bestie,false,true,2,2,100.0,2026-01-26,2025-03-09
Sophiefan,Death Knight,twisting-nether,9,Social,Social,false,false,0,0,0.0,null,null
Allazan,Hunter,argent-dawn,9,Social,Social,false,false,0,0,0.0,null,null
Pisscoomcrap,Warlock,twisting-nether,9,Social,Social,false,false,0,0,0.0,null,null
Weakauras,Warlock,twisting-nether,9,Social,Social,false,true,18,18,100.0,2021-07-14,2021-03-20
Olliealkis,Rogue,twisting-nether,6,Raider Alt,Raider Alt,false,false,0,0,0.0,null,null
Lucyinder,Monk,twisting-nether,7,Bestie,Bestie,false,true,6,6,100.0,2024-06-19,2024-04-24
Joblessfreak,Demon Hunter,twisting-nether,9,Social,Social,false,false,0,0,0.0,null,null
Cándamir,Evoker,twisting-nether,9,Social,Social,false,true,1,1,100.0,2023-05-21,2023-05-21
Zyozyo,Priest,twisting-nether,9,Social,Social,false,false,0,0,0.0,null,null
Lunatte,Shaman,twisting-nether,9,Social,Social,false,false,0,0,0.0,null,null
Celestiavega,Monk,outland,9,Social,Social,false,false,0,0,0.0,null,null
Grets,Warlock,twisting-nether,9,Social,Social,false,true,84,84,100.0,2022-04-06,2021-03-03
Hairypunani,Evoker,twisting-nether,6,Raider Alt,Raider Alt,false,false,0,0,0.0,null,null
Vikingen,Demon Hunter,twisting-nether,9,Social,Social,false,false,0,0,0.0,null,null
Girthychode,Death Knight,twisting-nether,9,Social,Social,false,false,0,0,0.0,null,null
Catman,Druid,twisting-nether,9,Social,Social,false,false,0,0,0.0,null,null
Larssonuid,Druid,twisting-nether,9,Social,Social,false,true,24,24,100.0,2021-04-18,2021-02-07
Yearningdh,Demon Hunter,twisting-nether,6,Raider Alt,Raider Alt,false,true,1,1,100.0,2024-09-22,2024-09-22
Mbysana,Druid,twisting-nether,9,Social,Social,false,false,0,0,0.0,null,null
Azaeera,Demon Hunter,twisting-nether,9,Social,Social,false,false,0,0,0.0,null,null
Wedges,Evoker,twisting-nether,9,Social,Social,false,false,0,0,0.0,null,null
Caesadilla,Priest,twisting-nether,9,Social,Social,false,false,0,0,0.0,null,null
Fatpull,Paladin,twisting-nether,9,Social,Social,false,false,0,0,0.0,null,null
Dlwlrma,Monk,draenor,9,Social,Social,false,false,0,0,0.0,null,null
Storpappsen,Death Knight,twisting-nether,6,Raider Alt,Raider Alt,false,false,0,0,0.0,null,null
Bigboinipple,Druid,twisting-nether,6,Raider Alt,Raider Alt,false,false,0,0,0.0,null,null
Midari,Shaman,twisting-nether,9,Social,Social,false,false,0,0,0.0,null,null
Avïendha,Death Knight,twisting-nether,9,Social,Social,false,false,0,0,0.0,null,null
Cyclonite,Hunter,twisting-nether,9,Social,Social,false,false,0,0,0.0,null,null
Lornotastic,Priest,twisting-nether,9,Social,Social,false,true,2,2,100.0,2023-07-05,2023-05-21
Yumstain,Druid,twisting-nether,9,Social,Social,false,false,0,0,0.0,null,null
Jynxywynxy,Demon Hunter,twisting-nether,6,Raider Alt,Raider Alt,false,false,0,0,0.0,null,null
Warmcarling,Druid,twisting-nether,9,Social,Social,false,false,0,0,0.0,null,null
Lubrikator,Warlock,twisting-nether,6,Raider Alt,Raider Alt,false,true,61,61,100.0,2024-11-25,2022-08-29
Slaybelle,Rogue,twisting-nether,6,Raider Alt,Raider Alt,false,true,3,3,100.0,2025-04-16,2025-03-23
Holyolix,Paladin,twisting-nether,9,Social,Social,false,false,0,0,0.0,null,null
Momoos,Shaman,twisting-nether,3,Officer Alt,Officer,true,false,0,0,0.0,null,null
Impeepohappy,Warrior,twisting-nether,6,Raider Alt,Raider Alt,false,false,0,0,0.0,null,null
Arcanesemen,Mage,twisting-nether,9,Social,Social,false,false,0,0,0.0,null,null
Ovrwtchplyr,Demon Hunter,twisting-nether,9,Social,Social,false,false,0,0,0.0,null,null
Sleepykîtten,Evoker,twisting-nether,9,Social,Social,false,false,0,0,0.0,null,null
Dazze,Warlock,twisting-nether,9,Social,Social,false,false,0,0,0.0,null,null
Mæggisk,Death Knight,twisting-nether,6,Raider Alt,Raider Alt,false,false,0,0,0.0,null,null
Endeering,Hunter,twisting-nether,9,Social,Social,false,true,1,1,100.0,2024-06-19,2024-06-19
Dossoudywoo,Hunter,twisting-nether,9,Social,Social,false,true,3,3,100.0,2021-09-03,2021-09-02
Appletiser,Druid,twisting-nether,6,Raider Alt,Raider Alt,false,true,25,25,100.0,2024-10-27,2023-11-15
Merdiah,Rogue,twisting-nether,9,Social,Social,false,false,0,0,0.0,null,null
Unitedstates,Mage,twisting-nether,9,Social,Social,false,false,0,0,0.0,null,null
Bamie,Monk,twisting-nether,3,Officer Alt,Officer,true,true,32,32,100.0,2022-09-12,2021-08-10
Paramedics,Paladin,twisting-nether,6,Raider Alt,Raider Alt,false,true,25,25,100.0,2024-03-04,2023-11-15
Eloo,Evoker,twisting-nether,9,Social,Social,false,false,0,0,0.0,null,null
Alaskaa,Death Knight,twisting-nether,9,Social,Social,false,false,0,0,0.0,null,null
Topofthehill,Warrior,twisting-nether,9,Social,Social,false,false,0,0,0.0,null,null
Chombo,Monk,ravencrest,9,Social,Social,false,false,0,0,0.0,null,null
Stard,Rogue,argent-dawn,9,Social,Social,false,false,0,0,0.0,null,null
Larssonsson,Paladin,twisting-nether,6,Raider Alt,Raider Alt,false,false,0,0,0.0,null,null
Visunje,Rogue,silvermoon,6,Raider Alt,Raider Alt,false,false,0,0,0.0,null,null
Bammies,Paladin,twisting-nether,3,Officer Alt,Officer,true,true,5,5,100.0,2023-06-04,2021-04-18
Demboypaigon,Warrior,twisting-nether,9,Social,Social,false,true,5,5,100.0,2023-07-10,2023-02-01
Demonarr,Demon Hunter,twisting-nether,9,Social,Social,false,false,0,0,0.0,null,null
Rhazajin,Druid,twisting-nether,9,Social,Social,false,false,0,0,0.0,null,null
Badraider,Warlock,twisting-nether,9,Social,Social,false,true,1,1,100.0,2024-10-13,2024-10-13
Gigalood,Death Knight,twisting-nether,9,Social,Social,false,false,0,0,0.0,null,null
Châmpion,Paladin,twisting-nether,9,Social,Social,false,true,1,1,100.0,2023-05-28,2023-05-28
Alaski,Shaman,twisting-nether,9,Social,Social,false,true,1,1,100.0,2025-03-16,2025-03-16
Banitsa,Demon Hunter,twisting-nether,6,Raider Alt,Raider Alt,false,true,1,1,100.0,2025-03-16,2025-03-16
Bendob,Demon Hunter,twisting-nether,9,Social,Social,false,false,0,0,0.0,null,null
Brickyd,Warrior,twisting-nether,6,Raider Alt,Raider Alt,false,true,19,19,100.0,2025-10-20,2024-10-06
Sqyro,Evoker,twisting-nether,9,Social,Social,false,false,0,0,0.0,null,null
Xifeng,Monk,twisting-nether,9,Social,Social,false,true,1,1,100.0,2023-05-21,2023-05-21
Hobbygrets,Warlock,twisting-nether,6,Raider Alt,Raider Alt,false,false,0,0,0.0,null,null
Sprutblood,Death Knight,twisting-nether,9,Social,Social,false,false,0,0,0.0,null,null
Everlide,Monk,twisting-nether,9,Social,Social,false,false,0,0,0.0,null,null
Illuneth,Mage,twisting-nether,9,Social,Social,false,false,0,0,0.0,null,null
Astriks,Mage,twisting-nether,9,Social,Social,false,false,0,0,0.0,null,null
Everzz,Shaman,twisting-nether,6,Raider Alt,Raider Alt,false,true,103,103,100.0,2024-02-12,2022-12-14
Nylo,Demon Hunter,twisting-nether,9,Social,Social,false,false,0,0,0.0,null,null
Pirateclanz,Rogue,twisting-nether,6,Raider Alt,Raider Alt,false,true,2,2,100.0,2023-01-22,2022-04-27
Magnast,Mage,twisting-nether,9,Social,Social,false,false,0,0,0.0,null,null
Retball,Paladin,twisting-nether,9,Social,Social,false,true,108,108,100.0,2022-08-22,2021-01-25
Earscratcher,Rogue,twisting-nether,6,Raider Alt,Raider Alt,false,false,0,0,0.0,null,null
Jingleballz,Death Knight,twisting-nether,9,Social,Social,false,false,0,0,0.0,null,null
Bussythrob,Demon Hunter,twisting-nether,9,Social,Social,false,false,0,0,0.0,null,null
Nodestro,Warlock,twisting-nether,9,Social,Social,false,true,1,1,100.0,2022-08-24,2022-08-24
Thclock,Warlock,twisting-nether,9,Social,Social,false,false,0,0,0.0,null,null
Soupetard,Priest,twisting-nether,9,Social,Social,false,false,0,0,0.0,null,null
Daijoubu,Warrior,ravencrest,9,Social,Social,false,false,0,0,0.0,null,null
Minivixen,Monk,twisting-nether,9,Social,Social,false,false,0,0,0.0,null,null
Blessedpee,Paladin,twisting-nether,6,Raider Alt,Raider Alt,false,true,1,1,100.0,2025-08-31,2025-08-31
Sebsebblinks,Mage,twisting-nether,9,Social,Social,false,true,1,1,100.0,2024-11-03,2024-11-03
Cheatjeff,Rogue,twisting-nether,3,Officer Alt,Officer,true,false,0,0,0.0,null,null
Gatekeep,Hunter,twisting-nether,9,Social,Social,false,true,2,2,100.0,2022-05-11,2022-05-02
Tmi,Warlock,twisting-nether,7,Bestie,Bestie,false,true,39,39,100.0,2026-01-20,2025-08-13
Ryhuwu,Druid,twisting-nether,9,Social,Social,false,false,0,0,0.0,null,null
Clartimus,Death Knight,silvermoon,9,Social,Social,false,false,0,0,0.0,null,null
Despib,Mage,twisting-nether,9,Social,Social,false,false,0,0,0.0,null,null
Evereld,Priest,twisting-nether,6,Raider Alt,Raider Alt,false,true,71,71,100.0,2026-01-20,2025-04-02
Morvann,Paladin,twisting-nether,9,Social,Social,false,false,0,0,0.0,null,null
Licki,Druid,twisting-nether,9,Social,Social,false,false,0,0,0.0,null,null
Nataka,Monk,twisting-nether,9,Social,Social,false,false,0,0,0.0,null,null
Mægizk,Mage,twisting-nether,6,Raider Alt,Raider Alt,false,true,3,3,100.0,2024-06-19,2024-06-05
Yevels,Druid,twisting-nether,3,Officer Alt,Officer,true,false,0,0,0.0,null,null
Larssonoker,Evoker,twisting-nether,6,Raider Alt,Raider Alt,false,true,51,51,100.0,2025-04-02,2024-05-15
Nomônk,Monk,twisting-nether,9,Social,Social,false,false,0,0,0.0,null,null
Yowie,Warrior,twisting-nether,9,Social,Social,false,false,0,0,0.0,null,null
Rickshaw,Warrior,twisting-nether,9,Social,Social,false,false,0,0,0.0,null,null
Bigstrongguy,Rogue,twisting-nether,9,Social,Social,false,false,0,0,0.0,null,null
Lickprick,Warrior,twisting-nether,9,Social,Social,false,true,39,39,100.0,2022-02-02,2021-07-19
Besti,Paladin,twisting-nether,9,Social,Social,false,false,0,0,0.0,null,null
Melly,Evoker,twisting-nether,9,Social,Social,false,false,0,0,0.0,null,null
Cryptod,Death Knight,twisting-nether,9,Social,Social,false,true,4,4,100.0,2022-04-27,2021-08-15
Vrachdoktor,Druid,twisting-nether,9,Social,Social,false,false,0,0,0.0,null,null
Gigamomo,Demon Hunter,twisting-nether,3,Officer Alt,Officer,true,false,0,0,0.0,null,null
Jainette,Hunter,twisting-nether,9,Social,Social,false,false,0,0,0.0,null,null
Choppér,Priest,twisting-nether,9,Social,Social,false,false,0,0,0.0,null,null
Hides,Rogue,twisting-nether,9,Social,Social,false,true,7,7,100.0,2025-08-31,2021-08-10
Neyaara,Paladin,twisting-nether,9,Social,Social,false,true,155,155,100.0,2026-02-02,2023-05-31
Girthyheals,Priest,twisting-nether,9,Social,Social,false,true,2,2,100.0,2025-05-04,2023-05-21
Horticulture,Druid,twisting-nether,9,Social,Social,false,true,14,14,100.0,2024-09-22,2022-04-20
Freshpally,Paladin,twisting-nether,9,Social,Social,false,false,0,0,0.0,null,null
Garsias,Shaman,tarren-mill,5,Raider,Raider,true,true,55,55,100.0,2026-04-15,2025-08-13
Lanus,Monk,twisting-nether,3,Officer Alt,Officer,true,false,0,0,0.0,null,null
Olliejay,Paladin,twisting-nether,6,Raider Alt,Raider Alt,false,true,37,37,100.0,2024-01-07,2023-05-10
Typez,Rogue,ravencrest,9,Social,Social,false,false,0,0,0.0,null,null
Eloodh,Demon Hunter,twisting-nether,9,Social,Social,false,true,9,9,100.0,2022-08-24,2021-03-20
Corban,Death Knight,twisting-nether,9,Social,Social,false,false,0,0,0.0,null,null
Icantseehelp,Demon Hunter,twisting-nether,9,Social,Social,false,true,1,1,100.0,2023-11-27,2023-11-27
Yevi,Evoker,twisting-nether,3,Officer Alt,Officer,true,false,0,0,0.0,null,null
Hobbybami,Priest,twisting-nether,9,Social,Social,false,false,0,0,0.0,null,null
Bonelass,Mage,twisting-nether,9,Social,Social,false,false,0,0,0.0,null,null
Freydisnuts,Mage,kazzak,9,Social,Social,false,true,1,1,100.0,2024-08-19,2024-08-19
Comsa,Paladin,twisting-nether,9,Social,Social,false,false,0,0,0.0,null,null
Ioving,Monk,twisting-nether,9,Social,Social,false,false,0,0,0.0,null,null
Scorpyo,Druid,twisting-nether,9,Social,Social,false,false,0,0,0.0,null,null
Drkeeksa,Paladin,tarren-mill,9,Social,Social,false,false,0,0,0.0,null,null
Rufoh,Rogue,ravencrest,9,Social,Social,false,false,0,0,0.0,null,null
Sarralor,Death Knight,twisting-nether,9,Social,Social,false,false,0,0,0.0,null,null
Elood,Hunter,twisting-nether,9,Social,Social,false,true,20,20,100.0,2022-08-17,2021-02-21
Lasermemes,Demon Hunter,twisting-nether,9,Social,Social,false,false,0,0,0.0,null,null
Cowmilkers,Rogue,twisting-nether,9,Social,Social,false,false,0,0,0.0,null,null
Punglean,Priest,twisting-nether,3,Officer Alt,Officer,true,false,0,0,0.0,null,null
Petzug,Hunter,twisting-nether,6,Raider Alt,Raider Alt,false,false,0,0,0.0,null,null
Blamie,Monk,twisting-nether,9,Social,Social,false,false,0,0,0.0,null,null
Peesham,Shaman,twisting-nether,6,Raider Alt,Raider Alt,false,true,2,2,100.0,2024-10-23,2024-10-06
Smanste,Rogue,twisting-nether,9,Social,Social,false,true,64,64,100.0,2024-11-20,2021-09-22
Semataryfan,Priest,twisting-nether,9,Social,Social,false,false,0,0,0.0,null,null
Fettywapp,Warrior,twisting-nether,9,Social,Social,false,true,1,1,100.0,2024-01-07,2024-01-07
Momobamie,Hunter,twisting-nether,3,Officer Alt,Officer,true,true,6,6,100.0,2022-09-14,2021-03-12
Wanners,Demon Hunter,twisting-nether,6,Raider Alt,Raider Alt,false,true,1,1,100.0,2024-09-15,2024-09-15
Pomprik,Warlock,twisting-nether,9,Social,Social,false,true,7,7,100.0,2021-08-09,2021-07-28
Yevies,Rogue,twisting-nether,3,Officer Alt,Officer,true,false,0,0,0.0,null,null
Ashyminge,Mage,twisting-nether,7,Bestie,Bestie,false,true,123,123,100.0,2026-01-20,2024-09-11
Stradevarius,Death Knight,twisting-nether,9,Social,Social,false,false,0,0,0.0,null,null
Superfan,Shaman,twisting-nether,9,Social,Social,false,true,64,64,100.0,2025-08-31,2021-01-25
Yearninghunt,Hunter,twisting-nether,6,Raider Alt,Raider Alt,false,true,1,1,100.0,2024-10-27,2024-10-27
Leanbean,Evoker,twisting-nether,3,Officer Alt,Officer,true,true,1,1,100.0,2024-01-07,2024-01-07
Hadaram,Warrior,twisting-nether,9,Social,Social,false,false,0,0,0.0,null,null
Yearningsson,Monk,twisting-nether,9,Social,Social,false,true,1,1,100.0,2025-03-16,2025-03-16
Blighter,Warlock,twisting-nether,9,Social,Social,false,false,0,0,0.0,null,null
Gretdog,Shaman,twisting-nether,9,Social,Social,false,false,0,0,0.0,null,null
Liiq,Rogue,twisting-nether,6,Raider Alt,Raider Alt,false,true,45,45,100.0,2023-12-10,2022-12-26
Sophiemae,Priest,twisting-nether,6,Raider Alt,Raider Alt,false,true,34,34,100.0,2025-07-06,2021-01-31
Näe,Warlock,twisting-nether,3,Officer Alt,Officer,true,false,0,0,0.0,null,null
Zerodrama,Warrior,twisting-nether,4,Officer Alt,Officer,true,true,33,33,100.0,2023-06-04,2021-08-08
Smeelo,Priest,twisting-nether,9,Social,Social,false,false,0,0,0.0,null,null
Miltonkeynes,Priest,twisting-nether,9,Social,Social,false,false,0,0,0.0,null,null
Metagamer,Hunter,twisting-nether,9,Social,Social,false,false,0,0,0.0,null,null
Spartan,Warrior,twisting-nether,9,Social,Social,false,false,0,0,0.0,null,null
Bami,Mage,twisting-nether,3,Officer Alt,Officer,true,true,40,40,100.0,2021-04-07,2021-01-25
Cubert,Rogue,twisting-nether,9,Social,Social,false,false,0,0,0.0,null,null
Sprutpessn,Rogue,twisting-nether,9,Social,Social,false,true,2,2,100.0,2023-07-26,2023-06-05
Zanegoroth,Death Knight,twisting-nether,9,Social,Social,false,false,0,0,0.0,null,null
Bamies,Warlock,twisting-nether,3,Officer Alt,Officer,true,false,0,0,0.0,null,null
Feelmybicep,Paladin,twisting-nether,9,Social,Social,false,false,0,0,0.0,null,null
Alexiamae,Death Knight,twisting-nether,9,Social,Social,false,true,1,1,100.0,2022-05-02,2022-05-02
Portsmouth,Mage,twisting-nether,9,Social,Social,false,true,39,39,100.0,2024-08-19,2022-03-02
Monstersaga,Warlock,twisting-nether,9,Social,Social,false,false,0,0,0.0,null,null
Lizzygrant,Monk,twisting-nether,6,Raider Alt,Raider Alt,false,false,0,0,0.0,null,null
Moltain,Warrior,twisting-nether,6,Raider Alt,Raider Alt,false,false,0,0,0.0,null,null
Totemgoblin,Shaman,twisting-nether,9,Social,Social,false,false,0,0,0.0,null,null
Thistle,Druid,twisting-nether,9,Social,Social,false,false,0,0,0.0,null,null
Jibbles,Druid,twisting-nether,9,Social,Social,false,false,0,0,0.0,null,null
Regretamine,Death Knight,twisting-nether,9,Social,Social,false,false,0,0,0.0,null,null
Beanus,Mage,twisting-nether,3,Officer Alt,Officer,true,true,6,6,100.0,2021-09-12,2021-08-29
Hotleaf,Druid,frostwhisper,9,Social,Social,false,false,0,0,0.0,null,null
Axhjindu,Paladin,twisting-nether,9,Social,Social,false,false,0,0,0.0,null,null
Gigasaga,Demon Hunter,twisting-nether,7,Bestie,Bestie,false,true,123,123,100.0,2024-11-03,2021-02-28
Crypted,Priest,twisting-nether,9,Social,Social,false,true,33,33,100.0,2021-04-07,2021-01-25
Smars,Hunter,twisting-nether,9,Social,Social,false,false,0,0,0.0,null,null
Donaldjthump,Monk,twisting-nether,6,Raider Alt,Raider Alt,false,false,0,0,0.0,null,null
Inthemud,Monk,twisting-nether,9,Social,Social,false,true,30,30,100.0,2021-03-17,2021-01-27
Momobami,Priest,twisting-nether,0,Guild Master,GM,true,true,281,281,100.0,2025-11-23,2021-02-14
Jadsrune,Death Knight,twisting-nether,2,Officer,Officer,true,true,11,11,100.0,2026-04-15,2026-02-02
Graviity,Rogue,twisting-nether,9,Social,Social,false,false,0,0,0.0,null,null
Wahners,Rogue,twisting-nether,6,Raider Alt,Raider Alt,false,true,45,45,100.0,2021-04-07,2021-01-25
Dorathy,Warrior,twisting-nether,6,Raider Alt,Raider Alt,false,true,18,18,100.0,2026-04-15,2023-05-21
Hexgodx,Shaman,twisting-nether,9,Social,Social,false,false,0,0,0.0,null,null
Wrathfxl,Paladin,twisting-nether,9,Social,Social,false,false,0,0,0.0,null,null
Grippysocks,Warrior,twisting-nether,6,Raider Alt,Raider Alt,false,false,0,0,0.0,null,null
Retweet,Rogue,twisting-nether,9,Social,Social,false,false,0,0,0.0,null,null
Hobbywarrior,Warrior,twisting-nether,6,Raider Alt,Raider Alt,false,false,0,0,0.0,null,null
Momoprick,Evoker,twisting-nether,6,Raider Alt,Raider Alt,false,false,0,0,0.0,null,null
Nieves,Evoker,twisting-nether,6,Raider Alt,Raider Alt,false,true,95,95,100.0,2023-10-30,2022-12-14
Bamoo,Druid,twisting-nether,1,GM Alt,GM,true,true,19,19,100.0,2025-03-19,2021-03-20
Ririka,Death Knight,twisting-nether,9,Social,Social,false,false,0,0,0.0,null,null
Omari,Demon Hunter,twisting-nether,9,Social,Social,false,false,0,0,0.0,null,null
Qayla,Hunter,twisting-nether,9,Social,Social,false,false,0,0,0.0,null,null
Seithy,Paladin,ravencrest,9,Social,Social,false,false,0,0,0.0,null,null
Megon,Evoker,twisting-nether,6,Raider Alt,Raider Alt,false,true,1,1,100.0,2023-05-28,2023-05-28
Maxzor,Hunter,twisting-nether,3,Officer Alt,Officer,true,true,5,5,100.0,2021-04-04,2021-03-21
Spunkmachine,Paladin,twisting-nether,9,Social,Social,false,true,3,3,100.0,2023-05-22,2023-05-15
Descendents,Monk,ravencrest,9,Social,Social,false,true,1,1,100.0,2024-11-24,2024-11-24
Gigacodders,Demon Hunter,twisting-nether,7,Bestie,Bestie,false,true,56,56,100.0,2026-04-01,2022-04-11
Enjiebean,Death Knight,twisting-nether,9,Social,Social,false,false,0,0,0.0,null,null
Dracussi,Evoker,twisting-nether,9,Social,Social,false,true,4,4,100.0,2023-01-01,2022-12-14
Noevoker,Evoker,twisting-nether,9,Social,Social,false,true,2,2,100.0,2023-02-26,2022-12-21
Larssonhter,Hunter,twisting-nether,7,Bestie,Bestie,false,true,42,42,100.0,2025-08-31,2021-01-25
